"","Date","Infl_f","BOT_f","Yield_f","FER_f","Int_f","GDPG_f","CA_f","FDI_f","Exchange","Country"
"1",1971-02-01,NA,NA,6.85,1619,NA,9.00393397979007,-251.941785399955,-19259871.4520209,1.1181,"australia"
"2",1971-03-01,NA,NA,6.85,1726,NA,4.13786988821232,-221.991528974797,-19050236.5640847,1.1238,"australia"
"3",1971-04-01,5.2,NA,6.84,1855,NA,1.2,-191,-18842125.3227634,1.1243,"australia"
"4",1971-05-01,NA,NA,6.85,2011,NA,-0.165231240402459,-160.189420697787,-18635532.1800246,1.1238,"australia"
"5",1971-06-01,NA,NA,6.82,2181,NA,-0.313379388550606,-130.782013290379,-18430451.5878358,1.1243,"australia"
"6",1971-07-01,5.2,NA,6.83,2280,NA,0.4,-104,-18226877.9981648,1.1243,"australia"
"7",1971-08-01,NA,32,6.81,2356,NA,1.5803236722757,-81.931212417269,-18024805.862979,1.1241,"australia"
"8",1971-09-01,NA,9,6.82,2459,NA,2.67689758563043,-70.1259196063988,-17824229.6342462,1.1316,"australia"
"9",1971-10-01,7.1,11,6.78,2536,NA,3.1,-75,-17625143.7639337,1.1478,"australia"
"10",1971-11-01,NA,-35,6.58,2626,NA,2.45504766241076,-98.641285188693,-17427542.7040093,1.1577,"australia"
"11",1971-12-01,NA,19,6.38,2735,NA,1.12801126825112,-125.825419395137,-17231420.9064406,1.1589,"australia"
"12",1972-01-01,7,-6,6.15,2726,NA,-0.299999999999999,-137,-17036772.8231951,1.1748,"australia"
"13",1972-02-01,NA,17,6.14,2871,NA,-1.31532913673355,-117.61475793907,-16843592.9062404,1.191,"australia"
"14",1972-03-01,NA,25,5.84,3027,NA,-1.67412784382008,-73.1279583686098,-16651875.6075442,1.191,"australia"
"15",1972-04-01,6.9,60,5.84,3179,NA,-1.2,-14,-16461615.379074,1.191,"australia"
"16",1972-05-01,NA,68,5.85,3385,NA,0.109972588227153,49.5447613894183,-16272806.6727973,1.191,"australia"
"17",1972-06-01,NA,123,5.85,3586,NA,1.56479640332548,108.226141758465,-16085443.9406819,1.191,"australia"
"18",1972-07-01,6.9,60,5.85,3764,NA,2.3,153,-15899521.6346953,1.191,"australia"
"19",1972-08-01,NA,64,5.8,3945,NA,1.74580915419531,178.509786455471,-15715034.206805,1.191,"australia"
"20",1972-09-01,NA,105,5.75,4116,NA,0.511238526814437,194.149317260676,-15531976.1089788,1.1911,"australia"
"21",1972-10-01,5.7,153,5.75,4401,NA,-0.5,213,-15350341.7931841,1.191,"australia"
"22",1972-11-01,NA,129,5.77,4562,NA,-0.600616612415806,243.527203899808,-15170125.7113885,1.1907,"australia"
"23",1972-12-01,NA,125,5.76,4738,NA,0.0309902301575078,275.732144754387,-14991322.3155598,1.1909,"australia"
"24",1973-01-01,4.7,146,5.78,4816,NA,1,295,-14813926.0576653,1.2074,"australia"
"25",1973-02-01,NA,168,5.69,4849,NA,1.93443507324569,291.603620167518,-14637931.3896728,1.2716,"australia"
"26",1973-03-01,NA,121,5.76,4363,NA,2.55368944144442,275.366548166222,-14463332.7635499,1.3546,"australia"
"27",1973-04-01,5.6,151,5.8,4250,NA,2.6,261,-14290124.6312641,1.4129,"australia"
"28",1973-05-01,NA,121,6.12,4224,NA,1.94435780091453,257.762019133825,-14118301.4447829,1.415,"australia"
"29",1973-06-01,NA,126,6.2,4286,NA,0.972770522583328,253.097958877021,-13947857.6560741,1.415,"australia"
"30",1973-07-01,8.3,103,6.72,4331,NA,0.2,229,-13778787.7171053,1.4158,"australia"
"31",1973-08-01,NA,67,6.74,4617,NA,0.0214670564295155,175.422377371256,-13611086.0798439,1.4178,"australia"
"32",1973-09-01,NA,97,6.73,4428,NA,0.355228468222266,114.167542251618,-13444747.1962575,1.4148,"australia"
"33",1973-10-01,9.9,51,8.38,4090,NA,1,75,-13279765.5183139,1.4683,"australia"
"34",1973-11-01,NA,98,8.35,4111,NA,1.74384804744148,75.8447676774485,-13116135.4979806,1.4823,"australia"
"35",1973-12-01,NA,40,8.35,4144,NA,2.33224153045353,87.2689091535439,-12953851.5872251,1.4822,"australia"
"36",1974-01-01,12.5,-9,8.36,4091,NA,2.5,68,-12792908.2380151,1.4833,"australia"
"37",1974-02-01,NA,10,8.36,3709,NA,2.06240001306382,-11.1347814143829,-12633299.9023181,1.4823,"australia"
"38",1974-03-01,NA,-6,8.36,3711,NA,1.15654615070434,-130.90984553246,-12475021.0321017,1.485,"australia"
"39",1974-04-01,14,-113,8.37,3750,NA,0,-260,-12318066.0793337,1.4855,"australia"
"40",1974-05-01,NA,-154,8.38,3693,NA,-1.16011476636344,-371.379716093991,-12162429.4959814,1.4841,"australia"
"41",1974-06-01,NA,-100,8.45,3662,NA,-1.9584261332709,-455.222119616297,-12008105.7340126,1.4844,"australia"
"42",1974-07-01,14.4,-133,9.52,3560,NA,-2,-506,-11855089.2453947,1.4834,"australia"
"43",1974-08-01,NA,-120,9.5,3327,NA,-1.08120020686934,-521.716724580024,-11703374.4820955,1.4799,"australia"
"44",1974-09-01,NA,-168,9.5,3134,NA,0.236417641638516,-514.49797229865,-11552955.8960825,1.4824,"australia"
"45",1974-10-01,16.4,-104,9.5,3348,NA,1.2,-500,-11403827.9393233,1.4487,"australia"
"46",1974-11-01,NA,-140,9.5,3337,NA,1.26269337161857,-487.531163363691,-11255985.0637854,1.3093,"australia"
"47",1974-12-01,NA,-90,9.5,3338,NA,0.701644455605724,-461.008213411326,-11109421.7214366,1.311,"australia"
"48",1975-01-01,16.7,-20,9.5,3217,NA,-2.22044604925031e-16,-398,-10964132.3642443,1.3172,"australia"
"49",1975-02-01,NA,-40,9.4,3133,NA,-0.417721427753074,-285.862325668914,-10820111.4441762,1.3295,"australia"
"50",1975-03-01,NA,33,9.5,3101,NA,-0.361513982579933,-151.098803685677,-10677353.4131998,1.348,"australia"
"51",1975-04-01,17.7,56,9.5,3220,NA,0.3,-30,-10535852.7232828,1.3585,"australia"
"52",1975-05-01,NA,60,9.5,3317,NA,1.54893308013447,47.4249104837919,-10395603.8263927,1.3416,"australia"
"53",1975-06-01,NA,64,9.5,3392,NA,2.77033740063993,76.292317042922,-10256601.1744971,1.3404,"australia"
"54",1975-07-01,17,132,9.5,3493,NA,3.2,58,-10118839.2195637,1.3355,"australia"
"55",1975-08-01,NA,71,10,3545,NA,2.32569281091889,-2.31879774773522,-9982312.41356,1.3095,"australia"
"56",1975-09-01,NA,94,10,3429,NA,0.64312734298317,-84.5889830045296,-9847015.20845361,1.2815,"australia"
"57",1975-10-01,12,-40,10,3318,NA,-1.1,-165,-9712942.05621212,1.2687,"australia"
"58",1975-11-01,NA,25,10,3172,NA,-2.23688950899522,-225.334904678036,-9580087.40880313,1.2626,"australia"
"59",1975-12-01,NA,-13,10,3211,NA,-2.4243282540541,-269.751199839619,-9448445.71819422,1.2626,"australia"
"60",1976-01-01,14.3,-36,10,2588,NA,-1.4,-308,-9318011.43635301,1.2538,"australia"
"61",1976-02-01,NA,-44,10,2619,NA,0.836680039876796,-345.452694651231,-9188779.01524706,1.2565,"australia"
"62",1976-03-01,NA,-35,10,2663,NA,3.2393708584184,-369.961773192552,-9060742.90684398,1.2585,"australia"
"63",1976-04-01,13.1,15,9.99,2571,NA,4.5,-365,-8933897.56311136,1.2479,"australia"
"64",1976-05-01,NA,126,10,2503,NA,3.7494286087473,-321.558020420744,-8808237.43601679,1.2372,"australia"
"65",1976-06-01,NA,-108,10,2525,NA,1.87425222778792,-260.698003686471,-8683756.97752787,1.2337,"australia"
"66",1976-07-01,12,61,9.99,3086,NA,0.199999999999999,-211,-8560450.63961218,1.2275,"australia"
"67",1976-08-01,NA,39,10,3196,NA,-0.275135215606721,-194.241149591721,-8438312.87423733,1.2359,"australia"
"68",1976-09-01,NA,4,9.99,3005,NA,0.137694304503994,-204.986952802306,-8317338.13337089,1.2418,"australia"
"69",1976-10-01,13.8,104,9.99,3071,NA,0.8,-231,-8197520.86898047,1.2425,"australia"
"70",1976-11-01,NA,39,9.98,2818,NA,1.18074188330922,-264.218121953115,-8078855.53303366,1.234,"australia"
"71",1976-12-01,NA,-24,10,3340,NA,1.17867425789981,-313.280111030232,-7961336.57749805,1.2066,"australia"
"72",1977-01-01,14.3,-96,10.4,3550,NA,0.8,-391,-7844958.45434123,1.0529,"australia"
"73",1977-02-01,NA,-16,10.4,3809,NA,0.122538052740224,-501.441918151375,-7729715.6155308,1.0853,"australia"
"74",1977-03-01,NA,-240,10.4,3831,NA,-0.489428373140263,-613.670380854544,-7615602.51303434,1.0904,"australia"
"75",1977-04-01,13.3,-107,10.4,3731,NA,-0.6,-688,-7502613.59881946,1.0994,"australia"
"76",1977-05-01,NA,-101,10.4,3780,NA,0.0439207205447011,-699.088279515459,-7390743.32485374,1.1053,"australia"
"77",1977-06-01,NA,-85,10.4,3591,NA,0.964224419846429,-678.96429147752,-7279986.14310478,1.1031,"australia"
"78",1977-07-01,13.6,-146,10.4,3312,NA,1.5,-674,-7170336.50554016,1.108,"australia"
"79",1977-08-01,NA,-130,10.4,3053,NA,1.19066795396986,-711.575334157158,-7061788.86412748,1.122,"australia"
"80",1977-09-01,NA,-78,10.4,2701,NA,0.37697513819899,-743.102082865008,-6954337.67083434,1.1047,"australia"
"81",1977-10-01,13.3,-70,10.1,2820,NA,-0.4,-701,-6847977.37762833,1.1037,"australia"
"82",1977-11-01,NA,-66,10,3000,NA,-0.717703647535253,-548.610383855908,-6742702.43647703,1.119,"australia"
"83",1977-12-01,NA,28,9.79,2938,NA,-0.627680528197943,-372.960710395783,-6638507.29934804,1.127,"australia"
"84",1978-01-01,9.4,41,9.5,2879,NA,-0.3,-292,-6535386.41820896,1.1336,"australia"
"85",1978-02-01,NA,-145,9.36,2861,NA,0.106072562097079,-384.575723011804,-6433334.24502738,1.1382,"australia"
"86",1978-03-01,NA,-81,9.2,2948,NA,0.474487715333524,-573.129149625933,-6332345.23177088,1.1356,"australia"
"87",1978-04-01,8.7,-141,9.2,3262,NA,0.7,-741,-6232413.83040707,1.1383,"australia"
"88",1978-05-01,NA,-129,9.17,3229,NA,0.726746732480271,-802.457094467248,-6133534.49290353,1.1397,"australia"
"89",1978-06-01,NA,-163,9.1,3182,NA,0.696396333530513,-795.485654063448,-6035701.67122785,1.1276,"australia"
"90",1978-07-01,8,-94,9.1,3225,NA,0.8,-789,-5938909.81734764,1.1383,"australia"
"91",1978-08-01,NA,-146,9.1,3293,NA,1.14619976724109,-834.781084304388,-5843153.38323048,1.1494,"australia"
"92",1978-09-01,NA,-225,9,3315,NA,1.5140010246185,-916.076382268424,-5748426.82084396,1.1541,"australia"
"93",1978-10-01,7.8,-229,9,3274,NA,1.6,-999,-5654724.58215568,1.1529,"australia"
"94",1978-11-01,NA,-210,8.89,3328,NA,1.2403060504072,-1052.49264238927,-5562041.11913323,1.1687,"australia"
"95",1978-12-01,NA,-152,8.8,3226,NA,0.829081049476974,-1056.80140945545,-5470370.8837442,1.1453,"australia"
"96",1979-01-01,7.6,-171,NA,3200,NA,0.9,-995,-5379708.32795619,1.1415,"australia"
"97",1979-02-01,NA,-30,8.85,3377,NA,1.74442788298195,-862.618716508888,-5290047.90373679,1.1404,"australia"
"98",1979-03-01,NA,-43,9,3723,NA,2.68448959228842,-705.014276206071,-5201384.06305358,1.1312,"australia"
"99",1979-04-01,8,-65,9.35,3600,NA,2.8,-580,-5113711.25787417,1.1215,"australia"
"100",1979-05-01,NA,-51,9.65,3677,NA,1.51901945470204,-530.032491575173,-5027023.94016615,1.1085,"australia"
"101",1979-06-01,NA,26,9.7,3824,NA,-0.337409789001022,-536.141485720266,-4941316.5618971,1.1057,"australia"
"102",1979-07-01,8.8,-90,10,3885,NA,-1.6,-564,-4856583.57503462,1.1111,"australia"
"103",1979-08-01,NA,49,10,3865,NA,-1.42791310919753,-581.955020894123,-4772819.43154631,1.1283,"australia"
"104",1979-09-01,NA,-81,10,3667,NA,-0.294109695543594,-569.049410542494,-4690018.58339975,1.1283,"australia"
"105",1979-10-01,9.5,136,10,3858,NA,1,-507,-4608175.48256254,1.1263,"australia"
"106",1979-11-01,NA,214,10,4106,NA,1.80374409319919,-389.888165589076,-4527284.58100227,1.1131,"australia"
"107",1979-12-01,NA,143,10,4148,NA,2.06940412673095,-261.253464702351,-4447340.33068653,1.0934,"australia"
"108",1980-01-01,10.2,69,10,4614,NA,1.9,-177,-4368337.18358292,1.103,"australia"
"109",1980-02-01,NA,-90,10.45,6386,NA,1.42034414380817,-176.233057490314,-4290269.59165903,1.1097,"australia"
"110",1980-03-01,NA,153,10.55,6495,NA,0.84241911454572,-230.86265657403,-4213132.00688245,1.1041,"australia"
"111",1980-04-01,10.4,65,11.2,5627,NA,0.4,-296,-4136918.88122078,1.0903,"australia"
"112",1980-05-01,NA,149,11.73,5225,NA,0.259323776012562,-343.846271116336,-4061624.6666416,1.091,"australia"
"113",1980-06-01,NA,-178,NA,5271,NA,0.316474970641724,-414.962575668196,-3987243.81511251,1.1302,"australia"
"114",1980-07-01,11,117,11.76,5681,NA,0.4,-567,-3913770.7786011,1.1529,"australia"
"115",1980-08-01,NA,-155,11.78,5933,NA,0.394212603993433,-829.752228414712,-3841200.00907497,1.1585,"australia"
"116",1980-09-01,NA,-285,NA,5533,NA,0.406495817702197,-1121.58333704948,-3769525.9585017,1.1577,"australia"
"117",1980-10-01,9.9,-264,11.78,5718,NA,0.6,-1333,-3698743.0788489,1.1704,"australia"
"118",1980-11-01,NA,-291,11.9,6094,NA,1.0564184006063,-1383.84851892852,-3628845.82208414,1.1743,"australia"
"119",1980-12-01,NA,-76,11.9,5981,NA,1.53161583262356,-1311.33370576351,-3559828.64017503,1.1675,"australia"
"120",1981-01-01,9.2,-253,12.6,5430,NA,1.7,-1182,-3491685.98508916,1.1686,"australia"
"121",1981-02-01,NA,91,13.1,5586,NA,1.35789157135915,-1059.81665883418,-3424412.30879411,1.1819,"australia"
"122",1981-03-01,NA,-283,13.1,5172,NA,0.789263074025784,-998.452210266851,-3358002.06325749,1.1626,"australia"
"123",1981-04-01,9.5,-458,13.1,5153,NA,0.4,-1049,-3292449.70044689,1.1629,"australia"
"124",1981-05-01,NA,-273,13.1,5762,NA,0.489793091734886,-1235.107067957,-3227749.67232989,1.1532,"australia"
"125",1981-06-01,NA,-137,13.1,5858,NA,0.933554093495526,-1470.63523094687,-3163896.43087409,1.1406,"australia"
"126",1981-07-01,8.4,-383,13.15,5709,NA,1.5,-1642,-3100884.42804709,1.1407,"australia"
"127",1981-08-01,NA,-583,14.2,4996,NA,1.9718249505902,-1674.12543970818,-3038708.11581647,1.1427,"australia"
"128",1981-09-01,NA,-318,15,4696,NA,2.18763166310322,-1645.96982890865,-2977361.94614983,1.1399,"australia"
"129",1981-10-01,9,-285,15,4495,NA,2,-1675,-2916840.37101476,1.1486,"australia"
"130",1981-11-01,NA,-738,13.1,4527,NA,1.33772192071914,-1841.7245065436,-2857137.84237885,1.1432,"australia"
"131",1981-12-01,NA,-530,15,4156,NA,0.434437772610096,-2078.81878675187,-2798248.8122097,1.1455,"australia"
"132",1982-01-01,11,-444,15,4360,NA,-0.4,-2282,-2740167.73247489,1.1339,"australia"
"133",1982-02-01,NA,-577,15.15,3912,NA,-0.907897818651957,-2372.93949708038,-2682889.05514203,1.1141,"australia"
"134",1982-03-01,NA,-564,16,3942,NA,-1.04019756835842,-2377.12539445423,-2626407.2321787,1.085,"australia"
"135",1982-04-01,10.8,-628,16.3,4065,NA,-0.8,-2346,-2570716.7155525,1.0603,"australia"
"136",1982-05-01,NA,-626,16.35,5204,NA,-0.243167683148355,-2315.81380143119,-2515811.95723101,1.0515,"australia"
"137",1982-06-01,NA,-290,16.4,6301,NA,0.363389537860626,-2262.05000580157,-2461687.40918184,1.0594,"australia"
"138",1982-07-01,10.9,-480,16.4,6517,NA,0.7,-2145,-2408337.52337257,1.0323,"australia"
"139",1982-08-01,NA,-402,16.4,6770,NA,0.539827810504635,-1944.06455645414,-2355756.7517708,1.0109,"australia"
"140",1982-09-01,NA,-517,16.1,6711,NA,0.0273801576566564,-1715.0819897469,-2303939.54634412,0.9784,"australia"
"141",1982-10-01,12.4,-221,14,8396,NA,-0.6,-1533,-2252880.35906012,0.9582,"australia"
"142",1982-11-01,NA,-425,13.7,8888,NA,-1.13466207738871,-1454.59463941892,-2202573.64188639,0.9435,"australia"
"143",1982-12-01,NA,-292,14.3,9395,NA,-1.48772498330207,-1463.95536854417,-2153013.84679053,0.9427,"australia"
"144",1983-01-01,11.3,-250,12.95,10094,NA,-1.6,-1527,-2104195.42574013,0.9682,"australia"
"145",1983-02-01,NA,-347,13.1,10850,NA,-1.45303135280167,-1607.51984883313,-2056112.83070278,0.9826,"australia"
"146",1983-03-01,NA,-332,14.5,9979,NA,-1.1912950392632,-1660.80023978012,-2008760.51364608,0.9662,"australia"
"147",1983-04-01,11.4,-365,15,10365,NA,-1,-1640,-1962132.92653761,0.8839,"australia"
"148",1983-05-01,NA,-237,14.1,11404,NA,-0.971731029923148,-1524.73337265596,-1916224.52134497,0.8676,"australia"
"149",1983-06-01,NA,-160,14.6,11124,NA,-0.828576341126596,-1400.43626492793,-1871029.75003576,0.8785,"australia"
"150",1983-07-01,11.1,-344,14.85,10748,NA,-0.2,-1379,-1826543.06457756,0.8772,"australia"
"151",1983-08-01,NA,-327,14.8,10868,NA,1.09921473175352,-1526.65777165413,-1782758.91693797,0.8754,"australia"
"152",1983-09-01,NA,-308,14.85,11169,NA,2.51300781117699,-1727.01025606372,-1739671.75908458,0.8793,"australia"
"153",1983-10-01,9.2,-147,14.15,10672,NA,3.3,-1818,-1697276.04298498,0.8877,"australia"
"154",1983-11-01,NA,-217,13.4,11621,NA,2.97487210290907,-1697.07998517196,-1655566.22060677,0.9137,"australia"
"155",1983-12-01,NA,-95,13.2,12009,NA,2.07654509641862,-1499.74493303943,-1614536.74391753,0.9159,"australia"
"156",1984-01-01,8.6,-76,13.5,13350,NA,1.4,-1421,-1574182.06488487,0.9004,"australia"
"157",1984-02-01,NA,-295,13.5,12796,NA,1.50870426401759,-1590.54080617656,-1534496.63547637,0.906,"australia"
"158",1984-03-01,NA,-352,14,12373,NA,2.04007106240779,-1876.82482659337,-1495474.90765962,0.9348,"australia"
"159",1984-04-01,5.8,-453,14.05,12241,NA,2.4,-2083,-1457111.33340222,0.9513,"australia"
"160",1984-05-01,NA,-184,13.9,12217,NA,2.15697750768723,-2072.42345678846,-1419400.36467177,0.9231,"australia"
"161",1984-06-01,NA,-485,14.15,12297,NA,1.52983732061689,-1949.28909392042,-1382336.45343584,0.9061,"australia"
"162",1984-07-01,4,-377,13.75,12417,NA,0.9,-1878,-1345914.05166205,0.8826,"australia"
"163",1984-08-01,NA,-523,13.15,12632,NA,0.567089408937204,-1980.80240370664,-1310127.61131797,0.8342,"australia"
"164",1984-09-01,NA,-348,12.8,12618,NA,0.503542618087623,-2211.31509402123,-1274971.5843712,0.8473,"australia"
"165",1984-10-01,3.7,-540,13.1,12431,NA,0.6,-2481,-1240440.42278934,0.8308,"australia"
"166",1984-11-01,NA,-431,13.25,12024,NA,0.759850041749142,-2709.25581727387,-1206528.57853998,0.8364,"australia"
"167",1984-12-01,NA,-446,13.25,12066,NA,0.937473688514103,-2847.22830777244,-1173230.5035907,0.8588,"australia"
"168",1985-01-01,2.5,-504,13.5,12058,NA,1.1,-2854,-1140540.6499091,0.84,"australia"
"169",1985-02-01,NA,-567,13.1,11918,NA,1.23054746110327,-2714.39654942012,-1108453.46946278,0.8151,"australia"
"170",1985-03-01,NA,-389,13.7,13115,NA,1.37619225748559,-2516.21611933346,-1076963.41421933,0.7374,"australia"
"171",1985-04-01,4.4,11,13.8,13130,NA,1.6,-2373,-1046064.93614634,0.697,"australia"
"172",1985-05-01,NA,-400,14,13988,NA,1.92907122494891,-2372.86168874938,-1015752.48721139,0.6584,"australia"
"173",1985-06-01,NA,-392,13.75,14041,NA,2.24664617043241,-2502.20351119001,-986020.519382097,0.6768,"australia"
"174",1985-07-01,6.6,-531,13.5,13517,NA,2.4,-2722,-956863.484626037,0.6651,"australia"
"175",1985-08-01,NA,-539,13.3,12499,NA,2.27538986132332,-2989.56410298979,-928275.834910807,0.6995,"australia"
"176",1985-09-01,NA,-630,13.95,12774,NA,1.91500083856255,-3247.5624284991,-900252.022203999,0.707,"australia"
"177",1985-10-01,7.6,-780,13.8,12505,NA,1.4,-3435,-872786.498473207,0.6896,"australia"
"178",1985-11-01,NA,-616,14.55,12775,NA,0.824924885313355,-3513.14115855074,-845873.715686022,0.7025,"australia"
"179",1985-12-01,NA,-676,15.05,12636,NA,0.337794919761826,-3532.28751555434,-819508.125810037,0.6774,"australia"
"180",1986-01-01,8.3,-752,14.85,12216,NA,0.1,-3565,-793684.180812845,0.6811,"australia"
"181",1986-02-01,NA,-851,14.1,12133,NA,0.202688375201035,-3661.35274428874,-768396.332662038,0.7,"australia"
"182",1986-03-01,NA,-483,13.7,12925,NA,0.456041704612366,-3781.47269446874,-743639.03332521,0.6993,"australia"
"183",1986-04-01,9.2,-886,12.6,12811,NA,0.6,-3863,-719406.734769952,0.7079,"australia"
"184",1986-05-01,NA,-820,12.25,12553,NA,0.453210502771395,-3858.07749392393,-695693.888963857,0.7228,"australia"
"185",1986-06-01,NA,-576,12.65,12504,NA,0.14914937289982,-3776.85874360772,-672494.947874518,0.7272,"australia"
"186",1986-07-01,8.5,-634,12.95,13024,NA,-0.1,-3644,-649804.363469528,0.6889,"australia"
"187",1986-08-01,NA,-466,14.2,13439,NA,-0.126641497397725,-3483.81876149702,-627616.587716478,0.6291,"australia"
"188",1986-09-01,NA,-369,14.1,12686,NA,0.0584719148994629,-3319.27751628555,-605926.072582962,0.6123,"australia"
"189",1986-10-01,8.8,-695,13.85,12615,NA,0.4,-3173,-584727.270036573,0.6221,"australia"
"190",1986-11-01,NA,-516,13.6,13316,NA,0.827429560893579,-3064.31412675467,-564014.632044902,0.6383,"australia"
"191",1986-12-01,NA,-463,13.6,15146,NA,1.20955556009492,-2999.36452458341,-543782.610575542,0.6445,"australia"
"192",1987-01-01,9.6,-321,13.4,15561,NA,1.4,-2981,-524025.657596086,0.6595,"australia"
"193",1987-02-01,NA,-354,13.8,13846,NA,1.31321955011971,-3001.03584259543,-504738.225074127,0.6609,"australia"
"194",1987-03-01,NA,-392,14.15,12604,NA,1.10700954842456,-3007.15327426969,-485914.764977257,0.6677,"australia"
"195",1987-04-01,9.4,-240,13.37,13866,NA,1,-2936,-467549.729273069,0.6871,"australia"
"196",1987-05-01,NA,-254,12.96,16867,NA,1.14561816455353,-2751.28324360434,-449637.569929155,0.7114,"australia"
"197",1987-06-01,NA,-264,12.93,16787,NA,1.43648032028091,-2524.94830426375,-432172.738913107,0.7142,"australia"
"198",1987-07-01,9.3,-322,12.98,17594,NA,1.7,-2356,-415149.68819252,0.7179,"australia"
"199",1987-08-01,NA,-364,12.91,18512,NA,1.80801149536989,-2316.86822002423,-398562.869734984,0.7079,"australia"
"200",1987-09-01,NA,-33,12.96,19315,NA,1.81003213341475,-2373.68313830494,-382406.735508094,0.7072,"australia"
"201",1987-10-01,8.3,-211,12.47,19557,NA,1.8,-2466,-366675.73747944,0.7268,"australia"
"202",1987-11-01,NA,-231,13.72,19858,NA,1.83715066878172,-2540.503135558,-351364.327616616,0.7112,"australia"
"203",1987-12-01,NA,100,13.29,17607,NA,1.84190966457861,-2572.39321659055,-336466.957887215,0.686,"australia"
"204",1988-01-01,7.2,-426,12.82,17430,NA,1.7,-2544,-321978.080258829,0.7106,"australia"
"205",1988-02-01,NA,341,12.37,17169,NA,1.34338582950322,-2455.15627478079,-307892.14669905,0.7111,"australia"
"206",1988-03-01,NA,-151,12.25,16869,NA,0.888995874937488,-2375.7069582958,-294203.609175472,0.714,"australia"
"207",1988-04-01,6.8,-220,11.87,17331,NA,0.5,-2393,-280906.919655687,0.7329,"australia"
"208",1988-05-01,NA,-452,11.52,18564,NA,0.304120828020214,-2562.09398754105,-267996.530107287,0.748,"australia"
"209",1988-06-01,NA,-272,12.3,19457,NA,0.287292020856627,-2808.89006133735,-255466.892497865,0.7774,"australia"
"210",1988-07-01,7.2,-321,11.93,20182,NA,0.4,-3027,-243312.458795013,0.8076,"australia"
"211",1988-08-01,NA,-419,11.95,20226,NA,0.591982710267777,-3144.17147875871,-231527.680966325,0.8,"australia"
"212",1988-09-01,NA,-283,11.73,20176,NA,0.809984189784151,-3224.69575931774,-220107.010979393,0.8057,"australia"
"213",1988-10-01,7.3,-131,11.95,20628,NA,1,-3367,-209044.900801809,0.7915,"australia"
"214",1988-11-01,NA,-679,11.96,20118,NA,1.11683721979757,-3639.99787520189,-198335.802401166,0.8096,"australia"
"215",1988-12-01,NA,-601,12.3,19499,NA,1.15054899778455,-3994.54912361389,-187974.167745056,0.8507,"australia"
"216",1989-01-01,7.6,-653,12.88,19772,NA,1.1,-4352,-177954.448801073,0.8573,"australia"
"217",1989-02-01,NA,-827,13.31,18790,NA,0.985112854986405,-4650.24442784115,-168271.097536808,0.8705,"australia"
"218",1989-03-01,NA,-848,13.61,20888,NA,0.91004204129989,-4893.36700548596,-158918.565919855,0.8564,"australia"
"219",1989-04-01,6.8,-541,13.62,19509,NA,1,-5102,-149891.305917806,0.8169,"australia"
"220",1989-05-01,NA,-826,13.34,20245,NA,1.32048913803459,-5295.95033935945,-141183.769498253,0.8035,"australia"
"221",1989-06-01,NA,-840,13.85,20223,NA,1.69817172590478,-5491.72359518301,-132790.40862879,0.7736,"australia"
"222",1989-07-01,7.5,-613,13.46,20410,NA,1.9,-5705,-124705.675277008,0.7561,"australia"
"223",1989-08-01,NA,-790,13.34,20765,NA,1.75885651880115,-5939.06532583216,-116924.0214105,0.7566,"australia"
"224",1989-09-01,NA,-1188,12.92,20705,NA,1.37134512915505,-6147.62750267088,-109439.89899686,0.7635,"australia"
"225",1989-10-01,8,-848,13.66,20774,NA,0.9,-6272,-102247.760003679,0.7727,"australia"
"226",1989-11-01,NA,-933,13.57,20654,NA,0.488529231205253,-6278.34391286747,-95342.0563985497,0.7742,"australia"
"227",1989-12-01,NA,-682,13.02,21634,NA,0.205336646363902,-6232.21083857789,-88717.2401490654,0.783,"australia"
"228",1990-01-01,7.8,-915,12.84,21487,NA,0.1,-6224,-82367.7632228183,0.7859,"australia"
"229",1990-02-01,NA,-1123,12.76,21790,17.5,0.194433963785246,-6301.89235603128,-76288.0775874011,0.7811,"australia"
"230",1990-03-01,NA,-229,13.33,21840,17,0.399900877981932,-6345.19580968421,-70472.6352104064,0.7593,"australia"
"231",1990-04-01,8.7,-467,13.44,21065,NA,0.6,-6191,-64915.8880594267,0.7556,"australia"
"232",1990-05-01,NA,-431,13.79,20543,15.5,0.68929046920932,-5737.60518152593,-59612.2881020547,0.7637,"australia"
"233",1990-06-01,NA,-291,13.54,22382,NA,0.60617095281948,-5128.15407083343,-54556.2873058829,0.7611,"australia"
"234",1990-07-01,7.7,-175,13.39,21871,NA,0.3,-4567,-49742.337638504,0.779,"australia"
"235",1990-08-01,NA,-307,13.16,22339,NA,-0.214558803585487,-4222.68691786501,-45164.8910675105,0.7908,"australia"
"236",1990-09-01,NA,-433,13.49,21782,14,-0.661621726296889,-4120.5212403154,-40818.399560495,0.8087,"australia"
"237",1990-10-01,6.1,-155,13.64,22280,NA,-0.7,-4250,-36697.3150850501,0.8251,"australia"
"238",1990-11-01,NA,-66,13.36,23726,NA,-0.145870069682187,-4567.75825812515,-32796.0896087684,0.8006,"australia"
"239",1990-12-01,NA,-284,12.21,23999,NA,0.555130767182891,-4898.9831901272,-29109.1750992425,0.7729,"australia"
"240",1991-01-01,6.9,-250,12.05,24989,12,0.8,-5036,-25631.023524065,0.7702,"australia"
"241",1991-02-01,NA,-204,11.52,24268,NA,0.198039082314235,-4837.3911607455,-22356.0868508285,0.7793,"australia"
"242",1991-03-01,NA,-179,11.51,24255,NA,-0.792234675768007,-4426.76822139802,-19278.8170471255,0.7835,"australia"
"243",1991-04-01,4.8,372,11.38,23593,NA,-1.5,-3994,-16393.6660805487,0.7711,"australia"
"244",1991-05-01,NA,-92,10.98,23605,11.5,-1.43887885216734,-3689.26969148545,-13695.0859186907,0.7795,"australia"
"245",1991-06-01,NA,440,10.77,25144,10.5,-0.860266138184937,-3504.01799835479,-11177.5285291441,0.7743,"australia"
"246",1991-07-01,3.3,248,11.17,24047,NA,-0.2,-3390,-8835.44587950133,0.7598,"australia"
"247",1991-08-01,NA,174,10.98,23898,NA,0.19451336339218,-3306.12266590528,-6663.28993735514,0.7716,"australia"
"248",1991-09-01,NA,595,10.67,23505,NA,0.329595524804052,-3239.90052592357,-4655.51267029808,0.7823,"australia"
"249",1991-10-01,3.1,-96,10.3,23836,9.5,0.3,-3186,-2806.56604592275,0.7937,"australia"
"250",1991-11-01,NA,-11,9.82,24297,NA,0.201566139339366,-3140.68408933788,-1110.90203182173,0.7925,"australia"
"251",1991-12-01,NA,-264,9.77,24769,8.5,0.134476631561323,-3106.60212017316,437.027404412387,0.7866,"australia"
"252",1992-01-01,1.5,217,9.39,25451,NA,0.2,-3088,1842.770295187,0.7712,"australia"
"253",1992-02-01,NA,218,10.11,23394,7.5,0.454777634805911,-3088.14097674322,3111.87467290952,0.7476,"australia"
"254",1992-03-01,NA,12,10.04,21746,NA,0.776942393395101,-3106.35766005045,4249.88856998736,0.7518,"australia"
"255",1992-04-01,1.7,68,9.88,21314,NA,1,-3141,5262.36001882792,0.7586,"australia"
"256",1992-05-01,NA,87,9.43,21413,NA,1.00524924736292,-3195.19644813369,6154.83705183861,0.7624,"australia"
"257",1992-06-01,NA,-13,9.12,21419,6.5,0.86516120226568,-3291.18946184727,6932.86770142683,0.7559,"australia"
"258",1992-07-01,1.2,-200,8.89,22240,NA,0.7,-3456,7602,0.7556,"australia"
"259",1992-08-01,NA,-277,8.3,23033,5.75,0.616817968335016,-3693.96211961092,8167.78197996552,0.7451,"australia"
"260",1992-09-01,NA,-8,8.96,21901,NA,0.669820204949586,-3918.66227033825,8635.7616737308,0.7248,"australia"
"261",1992-10-01,0.8,-112,8.95,21566,NA,0.9,-4021,9011.48711370325,0.7225,"australia"
"262",1992-11-01,NA,-272,8.85,19972,NA,1.3052566570748,-3927.88099934856,9300.50633229027,0.7148,"australia"
"263",1992-12-01,NA,-228,9.15,19998,NA,1.71111353349153,-3710.23553087381,9508.36736189927,0.6898,"australia"
"264",1993-01-01,0.3,-42,8.93,20112,NA,1.9,-3475,9640.61823493767,0.6897,"australia"
"265",1993-02-01,NA,287,8.65,19022,NA,1.72882207003246,-3310.18054966152,9702.80698381285,0.673,"australia"
"266",1993-03-01,NA,231,8.01,17552,NA,1.35239232775096,-3228.0622728332,9700.48164093225,0.6829,"australia"
"267",1993-04-01,1.2,-457,7.81,18888,5.25,1,-3222,9639.19023870325,0.7078,"australia"
"268",1993-05-01,NA,-367,7.55,18740,NA,0.83501061835092,-3281.39680200538,9524.48080953327,0.7115,"australia"
"269",1993-06-01,NA,-42,7.71,20588,NA,0.757094933282411,-3379.84871112674,9361.90138582972,0.6986,"australia"
"270",1993-07-01,1.8,-335,7.37,20823,NA,0.6,-3487,9157,0.6749,"australia"
"271",1993-08-01,NA,-161,6.89,20131,4.75,0.271876197304601,-3575.04705713179,8915.50202581697,0.6779,"australia"
"272",1993-09-01,NA,-366,6.64,21014,NA,-0.0215128016213423,-3626.39473451168,8643.84220251531,0.6774,"australia"
"273",1993-10-01,2.2,-227,6.84,22023,NA,1.11022302462516e-16,-3626,8348.63261069513,0.6517,"australia"
"274",1993-11-01,NA,-93,6.5,21198,NA,0.510817925764011,-3563.74830280081,8036.48533095654,0.661,"australia"
"275",1993-12-01,NA,-33,6.83,21393,NA,1.26228960653629,-3449.2390174932,7714.01244389968,0.6647,"australia"
"276",1994-01-01,1.8,-414,6.68,20955,NA,1.9,-3297,7387.82603012467,0.6736,"australia"
"277",1994-02-01,NA,-186,6.4,19882,NA,2.15151876630602,-3139.92269462793,7064.53817023161,0.6961,"australia"
"278",1994-03-01,NA,85,7.08,20253,NA,2.07235437547617,-3084.35289921922,6750.76094482064,0.7161,"australia"
"279",1994-04-01,1.5,-191,7.95,20834,NA,1.8,-3255,6453.10643449188,0.7109,"australia"
"280",1994-05-01,NA,-370,8.44,20434,NA,1.46458849049338,-3731.44980757637,6178.18671984543,0.7156,"australia"
"281",1994-06-01,NA,-294,8.79,20006,NA,1.16681141007753,-4412.79383007436,5932.61388148143,0.7243,"australia"
"282",1994-07-01,1.8,-315,9.65,20661,NA,1,-5153,5723,0.7329,"australia"
"283",1994-08-01,NA,-738,9.56,20367,NA,1.01605319764637,-5818.72251951105,5555.07044917399,0.7341,"australia"
"284",1994-09-01,NA,-1046,9.37,20473,5.5,1.10114072495443,-6327.36066937222,5431.00377546722,0.7401,"australia"
"285",1994-10-01,2,-850,10.33,20308,NA,1.1,-6609,5352.09181851625,0.742,"australia"
"286",1994-11-01,NA,-575,10.5,19443,NA,0.908235755958167,-6635.9193736387,5319.62641795763,0.7379,"australia"
"287",1994-12-01,NA,-746,10.47,18575,NA,0.624921986401044,-6549.17089984414,5334.89941342791,0.7549,"australia"
"288",1995-01-01,2.6,-1246,10.05,18417,7.5,0.4,-6532,5399.20264456366,0.7739,"australia"
"289",1995-02-01,NA,-697,10.4,19047,NA,0.343596371113552,-6706.71109704525,5513.82795100143,0.7647,"australia"
"290",1995-03-01,NA,-606,9.84,19828,NA,0.406578736848802,-6951.84462014009,5680.06717237778,0.7447,"australia"
"291",1995-04-01,3.7,-678,9.82,21240,NA,0.5,-7085,5899.21214832925,0.7345,"australia"
"292",1995-05-01,NA,-768,9.66,21293,NA,0.565526907735774,-6971.53253447659,6172.55471849241,0.7356,"australia"
"293",1995-06-01,NA,-864,8.88,21443,NA,0.667281584722267,-6667.82098996588,6501.3867225038,0.7272,"australia"
"294",1995-07-01,4.5,-891,9.21,20184,NA,0.9,-6278,6887,0.7196,"australia"
"295",1995-08-01,NA,-812,9.42,20050,NA,1.29799970164705,-5904.49209838172,7328.41583026484,0.7279,"australia"
"296",1995-09-01,NA,-518,8.99,18350,NA,1.65392455389176,-5642.87141999639,7815.57325117136,0.7414,"australia"
"297",1995-10-01,5.1,-112,8.57,18659,NA,1.7,-5587,8336.14074023988,0.7537,"australia"
"298",1995-11-01,NA,-488,8.78,18671,NA,1.28691873012045,-5781.05462755207,8877.78677499072,0.757,"australia"
"299",1995-12-01,NA,-613,8.19,19933,NA,0.73924242193292,-6070.47110782632,9428.17983294421,0.7453,"australia"
"300",1996-01-01,5.1,-228,8.17,20068,NA,0.5,-6251,9974.98839162067,0.7405,"australia"
"301",1996-02-01,NA,-14,8.01,19375,NA,0.850621674167437,-6158.88198400258,10505.8809285404,0.7417,"australia"
"302",1996-03-01,NA,-425,8.6,18550,NA,1.4261427954136,-5792.3182227724,11008.5259212238,0.7556,"australia"
"303",1996-04-01,3.8,261,8.84,17935,NA,1.7,-5190,11470.5918471911,0.7714,"australia"
"304",1996-05-01,NA,-120,8.71,17820,NA,1.32170568432091,-4435.23225125242,11879.7471839627,0.7857,"australia"
"305",1996-06-01,NA,-184,8.84,17888,NA,0.645075285301581,-3789.77451960261,12223.6604090589,0.797,"australia"
"306",1996-07-01,3.1,332,8.88,19059,NA,0.2,-3560,12490,0.7912,"australia"
"307",1996-08-01,NA,105,8.3,24664,7,0.362555588548915,-3928.63345543219,12670.0139149518,0.7897,"australia"
"308",1996-09-01,NA,-106,8.06,21807,NA,0.893556063380079,-4583.8059210394,12769.2680346621,0.783,"australia"
"309",1996-10-01,2.1,-68,7.78,21920,NA,1.4,-5090,12796.9077205242,0.7928,"australia"
"310",1996-11-01,NA,-67,7.38,20549,NA,1.56510899852047,-5130.64133442623,12762.0783339313,0.7918,"australia"
"311",1996-12-01,NA,-277,7.17,20096,6.5,1.3769967574744,-4864.92772216573,12673.9252362767,0.7968,"australia"
"312",1997-01-01,1.5,-107,7.37,21848,6,0.9,-4571,12541.5937889536,0.7966,"australia"
"313",1997-02-01,NA,44,7.41,21992,NA,0.258489898850701,-4444.13454019622,12374.2293533554,0.7776,"australia"
"314",1997-03-01,NA,103,7.67,21683,NA,-0.183024574759156,-4348.14985696434,12180.9772908751,0.7677,"australia"
"315",1997-04-01,1.4,16,7.99,21770,NA,-1.11022302462516e-16,-4064,11970.9829629062,0.7875,"australia"
"316",1997-05-01,NA,-84,7.82,21486,NA,1.01944992459525,-3472.89457886295,11753.3917308419,0.7787,"australia"
"317",1997-06-01,NA,613,7.44,22297,5.5,2.23658302304371,-2857.06544256948,11537.3489560754,0.7751,"australia"
"318",1997-07-01,0.3,1497,6.99,22790,NA,2.8,-2599,11332,0.7542,"australia"
"319",1997-08-01,NA,-24,6.38,22430,5,2.1563029953609,-2952.32418138901,11144.9075608538,0.742,"australia"
"320",1997-09-01,NA,106,6.56,23448,NA,0.944099889991742,-3655.21800238736,10977.3036842541,0.7404,"australia"
"321",1997-10-01,-0.5,189,6.12,23553,NA,0.0999999999999992,-4317,10828.8377526632,0.7231,"australia"
"322",1997-11-01,NA,-70,5.95,24303,NA,0.288671427294482,-4662.80869558102,10699.1591485432,0.7197,"australia"
"323",1997-12-01,NA,36,6.19,24881,NA,1.08701741698933,-4881.06254788109,10587.9172543563,0.6953,"australia"
"324",1998-01-01,-0.3,-574,6.05,26197,NA,1.8,-5276,10494.7614525648,0.6619,"australia"
"325",1998-02-01,NA,-707,5.9,25703,NA,1.90382611027599,-6026.36696221283,10419.3411256308,0.6566,"australia"
"326",1998-03-01,NA,-497,5.98,24714,NA,1.55968229390281,-6808.9392134957,10361.3056560164,0.6744,"australia"
"327",1998-04-01,-0.2,-1170,5.75,21972,NA,1.1,-7175,10320.304426184,0.6696,"australia"
"328",1998-05-01,NA,-557,5.86,21529,NA,0.799727835305277,-6850.76049260469,10295.9868185956,0.6523,"australia"
"329",1998-06-01,NA,-645,5.38,22397,NA,0.703883037029073,-6262.14356109906,10288.0022157136,0.6312,"australia"
"330",1998-07-01,0.8,-898,5.58,24260,NA,0.8,-6010,10296,0.6046,"australia"
"331",1998-08-01,NA,-1126,5.53,22885,NA,1.06022551146587,-6497.22069699805,10319.5722768182,0.618,"australia"
"332",1998-09-01,NA,-703,5.91,24824,NA,1.39515592835127,-7334.85691247842,10358.0820431362,0.5888,"australia"
"333",1998-10-01,1.4,-1092,5.08,23578,NA,1.7,-7936,10410.835018823,0.5889,"australia"
"334",1998-11-01,NA,-1102,4.94,22518,NA,1.88159234105347,-7891.3196823661,10477.1369237477,0.6179,"australia"
"335",1998-12-01,NA,-1023,5.03,23591,NA,1.89327102734362,-7501.79915935764,10556.2934777794,0.6349,"australia"
"336",1999-01-01,1.5,-686,5.01,25044,4.75,1.7,-7246,10647.6104007872,0.6182,"australia"
"337",1999-02-01,NA,-1038,5.01,24331,NA,1.30229401320912,-7472.7227957598,10750.3934126402,0.632,"australia"
"338",1999-03-01,NA,-1450,5.55,23888,NA,0.842871073385353,-8011.72422786879,10863.9482332073,0.6399,"australia"
"339",1999-04-01,1.2,-1317,5.45,23612,NA,0.5,-8563,10987.5805823578,0.6308,"australia"
"340",1999-05-01,NA,-1750,5.5,22507,NA,0.401824198702619,-8892.67802348361,11120.5961799607,0.642,"australia"
"341",1999-06-01,NA,-1391,6,22623,NA,0.475985419855707,-9031.41504027832,11262.3007458851,0.6628,"australia"
"342",1999-07-01,1,-1306,6.35,23954,NA,0.6,-9076,11412,0.6563,"australia"
"343",1999-08-01,NA,-1050,6.23,22967,NA,0.683001784572993,-9091.45399919466,11568.3542577992,0.6562,"australia"
"344",1999-09-01,NA,-1275,6.34,23555,NA,0.760594654599226,-9015.72672212903,11727.4422172751,0.6446,"australia"
"345",1999-10-01,1.8,-1850,6.3,23147,NA,0.9,-8755,11884.6971720448,0.6495,"australia"
"346",1999-11-01,NA,-915,6.62,29144,NA,1.13653903337578,-8268.32079455255,12035.5524157251,0.6509,"australia"
"347",1999-12-01,NA,-1201,6.63,32461,5,1.37793225804369,-7726.19658972407,12175.4412419333,0.6388,"australia"
"348",2000-01-01,1.9,-906,6.92,33576,NA,1.5,-7352,12299.7969442863,0.641,"australia"
"349",2000-02-01,NA,-1226,7.16,30295,NA,1.41899023007203,-7309.89245222475,12404.0528164012,0.656,"australia"
"350",2000-03-01,NA,-720,6.65,29783,5.5,1.21286149841122,-7527.19062267841,12483.642151895,0.6278,"australia"
"351",2000-04-01,2.8,-666,6.36,27272,NA,1,-7872,12533.9982443847,0.6094,"australia"
"352",2000-05-01,NA,-416,6.38,26718,5.75,0.868981527817564,-8199.92421136326,12550.5543874874,0.596,"australia"
"353",2000-06-01,NA,-1495,6.27,23303,6,0.78914026682997,-8316.55943808082,12528.7438748202,0.5784,"australia"
"354",2000-07-01,3.1,-1335,6.16,27948,NA,0.7,-8015,12464,0.5949,"australia"
"355",2000-08-01,NA,-741,6.23,28341,6,0.549528103102153,-7196.89218380367,12356.9597660589,0.587,"australia"
"356",2000-09-01,NA,-1097,6.27,27737,6.25,0.319466323157794,-6198.09014351683,12229.0750136892,0.5808,"australia"
"357",2000-10-01,6.1,1129,6.21,29176,6.25,0,-5463,12107.0012929979,0.5521,"australia"
"358",2000-11-01,NA,-300,6.17,33758,6.25,-0.378205051337289,-5294.17372008871,12017.3941540924,0.528,"australia"
"359",2000-12-01,NA,-382,5.76,35768,6.25,-0.6225611150167,-5426.74665451853,11986.9091470799,0.5218,"australia"
"360",2001-01-01,5.8,-291,5.46,33962,6.25,-0.5,-5454,12042.2018220675,0.5466,"australia"
"361",2001-02-01,NA,-138,5.33,34393,NA,0.11144025039515,-5082.37589880443,12209.9277291624,0.5552,"australia"
"362",2001-03-01,NA,984,5.22,33840,5.75,0.889296655427523,-4470.9602754461,12516.742418472,0.5338,"australia"
"363",2001-04-01,6,299,5.28,35306,5.5,1.4,-3892,12989.3014401033,0.5031,"australia"
"364",2001-05-01,NA,341,5.78,37158,5,1.3472588645715,-3548.54490691577,13654.2603441636,0.5016,"australia"
"365",2001-06-01,NA,585,6.02,38096,5,0.983893011825124,-3366.85668814153,14538.2746807601,0.5199,"australia"
"366",2001-07-01,6.1,786,6.04,37950,5,0.7,-3204,15668,0.518,"australia"
"367",2001-08-01,NA,1011,6.08,36700,5,0.777302069096616,-2977.66669575471,17052.0219557428,0.5089,"australia"
"368",2001-09-01,NA,292,5.54,36503,5,1.06402018616087,-2848.05741643225,18626.646616857,0.5246,"australia"
"369",2001-10-01,2.5,481,5.52,39216,4.75,1.3,-3036,20310.1101559634,0.5036,"australia"
"370",2001-11-01,NA,-161,5.21,38223,4.5,1.29168100719018,-3661.30682858393,22020.6487456829,0.5042,"australia"
"371",2001-12-01,NA,18,5.6,36507,4.5,1.11187809538326,-4439.7284609443,23676.498558636,0.5165,"australia"
"372",2002-01-01,3.2,87,6.01,36549,4.25,0.9,-4986,25195.8957674438,0.5138,"australia"
"373",2002-02-01,NA,-126,6.01,36388,NA,0.77449242066118,-5045.25413805774,26497.0765447268,0.517,"australia"
"374",2002-03-01,NA,-305,5.94,32618,4.25,0.769948913787584,-4884.21392497572,27498.2770631061,0.5128,"australia"
"375",2002-04-01,3,85,6.32,33117,4.25,0.9,-4900,28117.7334952022,0.5256,"australia"
"376",2002-05-01,NA,-79,6.09,35126,4.25,1.14738634720214,-5368.97291548141,28273.682013636,0.5352,"australia"
"377",2002-06-01,NA,-665,6.2,34088,4.5,1.37128921242937,-6084.45287618986,27884.3587910284,0.5498,"australia"
"378",2002-07-01,2.8,-620,5.98,37435,4.75,1.4,-6719,26868,0.5682,"australia"
"379",2002-08-01,NA,-551,5.86,38769,4.75,1.13225848682657,-7047.00234816475,25185.9252118958,0.5538,"australia"
"380",2002-09-01,NA,-676,5.69,36832,4.75,0.748597940198642,-7250.15975545003,22971.7875929568,0.5413,"australia"
"381",2002-10-01,3.2,-855,5.28,38071,4.75,0.5,-7612,20402.3237081483,0.5465,"australia"
"382",2002-11-01,NA,-1281,5.49,37375,4.75,0.553209335121195,-8312.01769185958,17654.2701224354,0.5502,"australia"
"383",2002-12-01,NA,-958,5.62,36974,4.75,0.738022730479766,-9113.5747686767,14904.3634007834,0.5613,"australia"
"384",2003-01-01,2.9,-2212,5.08,38078,4.75,0.8,-9676,12329.3401081575,0.5624,"australia"
"385",2003-02-01,NA,-986,5.11,36042,NA,0.573422691207163,-9779.85281032284,10105.9368095228,0.5829,"australia"
"386",2003-03-01,NA,-1562,5.07,33486,4.75,0.247459286030441,-9690.61524391726,8410.89006984454,0.5956,"australia"
"387",2003-04-01,3.3,-1408,5.33,33076,4.75,0.1,-9795,7420.93645408795,0.6015,"australia"
"388",2003-05-01,NA,-2268,5.28,37353,4.75,0.319766566716819,-10352.5710668491,7312.8125272182,0.61,"australia"
"389",2003-06-01,NA,-1896,4.86,39255,4.75,0.738806792065136,-11114.2975889876,8263.25485420048,0.6468,"australia"
"390",2003-07-01,2.6,-2034,5.01,40759,4.75,1.1,-11704,10449,0.6652,"australia"
"391",2003-08-01,NA,-2073,5.43,47380,4.75,1.21788141229593,-11847.5666259846,13964.1429374149,0.6607,"australia"
"392",2003-09-01,NA,-1664,5.49,44730,4.75,1.19360984200531,-11679.1573630953,18572.2122705751,0.6518,"australia"
"393",2003-10-01,2.6,-2021,5.38,41963,4.75,1.2,-11435,23954.0950114435,0.6635,"australia"
"394",2003-11-01,NA,-2004,5.76,45537,4.75,1.35315222854391,-11310.2735403236,29790.6781719829,0.6948,"australia"
"395",2003-12-01,NA,-1409,5.95,45928,5,1.54230939546917,-11335.9618475199,35762.8487641562,0.7158,"australia"
"396",2004-01-01,2.5,-2171,5.59,44333,5.25,1.6,-11502,41551.4937999263,0.7391,"australia"
"397",2004-02-01,NA,-1776,5.82,39675,NA,1.41395411797289,-11778.9688423507,46837.5002912561,0.7717,"australia"
"398",2004-03-01,NA,-1928,5.54,41644,5.25,1.09270813167356,-12060.032283862,51301.7552501083,0.777,"australia"
"399",2004-04-01,2,-2275,5.49,47987,5.25,0.8,-12219,54625.145688446,0.7496,"australia"
"400",2004-05-01,NA,-1720,5.94,49617,5.25,0.661401669934893,-12194.3696087923,56488.5586182319,0.7443,"australia"
"401",2004-06-01,NA,-1952,5.85,53236,5.25,0.649821040799564,-12183.3904985135,56572.881051429,0.7039,"australia"
"402",2004-07-01,2.5,-2189,5.87,50343,5.25,0.7,-12448,54559,0.6937,"australia"
"403",2004-08-01,NA,-2550,5.85,50637,5.25,0.755254017102348,-13156.9601298876,50251.1685477039,0.7161,"australia"
"404",2004-09-01,NA,-1866,5.53,50865,5.25,0.793192890313374,-14106.3316480099,43947.1040654835,0.7111,"australia"
"405",2004-10-01,2.3,-2258,5.47,41883,5.25,0.8,-14999,36067.8899960778,0.7028,"australia"
"406",2004-11-01,NA,-2192,5.39,44708,5.25,0.769434113507567,-15602.3454272129,27034.6097822256,0.7337,"australia"
"407",2004-12-01,NA,-2534,5.23,44276,5.25,0.725555546095089,-15941.7273538913,17268.3468666658,0.7704,"australia"
"408",2005-01-01,2.5,-2469,5.33,47394,5.25,0.7,-16107,7190.18469213722,0.7675,"australia"
"409",2005-02-01,NA,-2062,5.4,46388,NA,0.71145397331183,-16151.3618649646,-2778.79329862117,0.7668,"australia"
"410",2005-03-01,NA,-2339,5.57,43891,5.25,0.726807147528493,-15981.3885660545,-12217.5036628705,0.7812,"australia"
"411",2005-04-01,2.4,-2466,5.67,47116,5.5,0.7,-15467,-20704.862957872,0.7848,"australia"
"412",2005-05-01,NA,-1064,5.35,51830,5.5,0.610675919171039,-14569.4293351508,-27819.7877408866,0.7738,"australia"
"413",2005-06-01,NA,-1367,5.15,55930,5.5,0.541289937865013,-13615.162826335,-33141.1945691756,0.7663,"australia"
"414",2005-07-01,2.5,-1668,5.1,56171,5.5,0.6,-13022,-36248,0.7667,"australia"
"415",2005-08-01,NA,-1110,5.12,57183,5.5,0.845842350004012,-13077.6985722099,-36844.4756930453,0.7524,"australia"
"416",2005-09-01,NA,-1514,5.05,54089,5.5,1.14136643434479,-13549.8490174944,-35136.3137176945,0.7614,"australia"
"417",2005-10-01,3.1,-1739,5.36,47154,5.5,1.3,-14076,-31454.5612457547,0.7651,"australia"
"418",2005-11-01,NA,-1360,5.48,54968,5.5,1.1911398659981,-14366.5541537874,-26130.2654490334,0.7535,"australia"
"419",2005-12-01,NA,-2136,5.38,57996,5.5,0.908059139570649,-14423.3299925761,-19494.4734993378,0.7353,"australia"
"420",2006-01-01,2.8,-776,5.2,58957,5.5,0.6,-14321,-11878.2325684752,0.7423,"australia"
"421",2006-02-01,NA,-2463,5.35,58217,NA,0.385894482299893,-14145.6403681959,-3612.58982825283,0.7505,"australia"
"422",2006-03-01,NA,-730,5.29,56127,5.5,0.263434044409653,-14028.9421233122,4971.40754952199,0.7418,"australia"
"423",2006-04-01,2.9,-1465,5.41,61919,5.5,0.2,-14114,13542.712393042,0.7266,"australia"
"424",2006-05-01,NA,-1302,5.69,64288,5.5,0.172689612209737,-14474.5880771326,21770.2775304998,0.7369,"australia"
"425",2006-06-01,NA,-2655,5.71,67168,5.75,0.197463942049998,-14907.1978104715,29323.0557900883,0.7639,"australia"
"426",2006-07-01,4,-840,5.77,63814,5.75,0.3,-15139,35870,0.7399,"australia"
"427",2006-08-01,NA,-920,5.83,68426,5.75,0.493717439231529,-14999.0443603106,41158.2672105885,0.7528,"australia"
"428",2006-09-01,NA,-643,5.62,67027,6,0.743006483686651,-14723.8962644316,45247.8313608499,0.7631,"australia"
"429",2006-10-01,4,-1376,5.5,61752,6,1,-14652,48276.8706119412,0.7549,"australia"
"430",2006-11-01,NA,-1685,5.66,65127,6,1.22651470493822,-15019.345592736,50383.5631250193,0.7544,"australia"
"431",2006-12-01,NA,-759,5.58,65396,6.25,1.42310271579599,-15652.1060206912,51706.0870612411,0.7728,"australia"
"432",2007-01-01,3.3,-1651,5.88,69605,6.25,1.6,-16274,52382.6205817636,0.7858,"australia"
"433",2007-02-01,NA,-1546,5.94,76781,NA,1.75207559286745,-16679.5732687454,52551.3418477436,0.7826,"australia"
"434",2007-03-01,NA,-1450,5.68,68188,6.25,1.81273080127754,-16946.6796528038,52350.4290203382,0.783,"australia"
"435",2007-04-01,2.5,-2139,5.88,71257,6.25,1.7,-17224,51918.0602607042,0.7932,"australia"
"436",2007-05-01,NA,-1653,5.87,81509,6.25,1.37629403470311,-17616.6576285788,51392.4137299985,0.8273,"australia"
"437",2007-06-01,NA,-1695,6.01,84610,6.25,0.981529634649406,-18055.5457384641,50911.6675893782,0.8254,"australia"
"438",2007-07-01,2.1,-2313,6.25,79682,6.25,0.7,-18428,50614,0.8423,"australia"
"439",2007-08-01,NA,-1800,6.03,80347,6.25,0.657563083134936,-18664.9073280506,50605.2442349507,0.8677,"australia"
"440",2007-09-01,NA,-2297,5.91,70356,6.5,0.746335845310021,-18871.3596155619,50861.8540150356,0.8291,"australia"
"441",2007-10-01,1.9,-2980,6.15,52667,6.5,0.8,-19196,51327.93817299,0.8461,"australia"
"442",2007-11-01,NA,-3428,6.17,35984,6.5,0.708268447571961,-19732.8612073668,51947.6055415489,0.8996,"australia"
"443",2007-12-01,NA,-2385,5.99,32718,6.75,0.584978835962362,-20357.5343178068,52664.9649534475,0.8961,"australia"
"444",2008-01-01,2.9,-2752,6.33,30521,6.75,0.6,-20891,53424.1252414209,0.8719,"australia"
"445",2008-02-01,NA,-2691,6.08,35831,6.75,0.850103867317959,-21179.1663610005,54169.1952382042,0.8823,"australia"
"446",2008-03-01,NA,-3907,6.21,35278,7,1.13967473676646,-21167.651261359,54844.2837765327,0.9133,"australia"
"447",2008-04-01,4.3,-3262,6.04,36342,7.25,1.2,-20827,55393.4996891413,0.9221,"australia"
"448",2008-05-01,NA,-1441,6.28,35830,7.25,0.865390157230276,-20134.8807560384,55760.9518087654,0.9309,"australia"
"449",2008-06-01,NA,-2132,6.54,35348,7.25,0.382248142897731,-19097.4532293498,55890.7489681399,0.9492,"australia"
"450",2008-07-01,4.5,-1711,6.45,35857,7.25,0.1,-17728,55727,0.9511,"australia"
"451",2008-08-01,NA,-1484,6.23,37351,7.25,0.243891059316493,-16078.8661704015,55230.8577014606,0.962,"australia"
"452",2008-09-01,NA,-323,5.75,35516,7.25,0.542443802753728,-14358.646932353,54431.6507271557,0.8815,"australia"
"453",2008-10-01,5,-434,5.4,36037,7,0.6,-12815,53375.7516960988,0.8168,"australia"
"454",2008-11-01,NA,2161,5.18,44889,6,0.166453012911161,-11589.7286364298,52109.5332273036,0.687,"australia"
"455",2008-12-01,NA,430,4.59,46702,5.25,-0.426097427986716,-10401.2183004975,50679.3679397837,0.6591,"australia"
"456",2009-01-01,3.7,-661,3.98,47528,4.25,-0.7,-8862,49131.6284525528,0.6719,"australia"
"457",2009-02-01,NA,403,4.09,47784,4.25,-0.339332740590766,-6854.55261721269,47512.6873846246,0.6754,"australia"
"458",2009-03-01,NA,2225,4.4,48254,3.25,0.324908872156099,-5341.14653232383,45868.9173550126,0.6504,"australia"
"459",2009-04-01,2.4,1698,4.42,47329,3.25,0.8,-5554,44246.6909827305,0.6666,"australia"
"460",2009-05-01,NA,-288,4.57,51359,3,0.73902609760005,-8220.20904286761,42692.3808867919,0.7158,"australia"
"461",2009-06-01,NA,-976,5.27,52228,3,0.378313791214174,-12046.3807553924,41252.3596862105,0.7648,"australia"
"462",2009-07-01,1.4,-1163,5.52,52309,3,0.1,-15234,39973,0.8025,"australia"
"463",2009-08-01,NA,-1632,5.6,53201,3,0.183228350190566,-16491.5001002058,38892.8110703178,0.8049,"australia"
"464",2009-09-01,NA,-1642,5.41,55454,3,0.49516929632054,-16555.1082238843,38018.8486318971,0.8353,"australia"
"465",2009-10-01,1.2,-2031,5.45,48869,3,0.8,-16668,37350.3050426148,0.8622,"australia"
"466",2009-11-01,NA,-1996,5.62,48541,3.25,0.916949390526576,-17737.0868526056,36886.3726603478,0.9067,"australia"
"467",2009-12-01,NA,-2023,5.29,45929,3.5,0.88545346794811,-19324.2233861075,36626.2438429731,0.9197,"australia"
"468",2010-01-01,2.1,-2083,5.73,46516,3.75,0.8,-20655,36569.1109483677,0.9021,"australia"
"469",2010-02-01,NA,-1153,5.43,46586,3.75,0.73786297659202,-21061.1895264087,36714.1663344086,0.9127,"australia"
"470",2010-03-01,NA,-1443,5.49,44336,3.75,0.707461276331463,-20299.2945279822,37060.6023589726,0.8857,"australia"
"471",2010-04-01,2.9,-1952,5.77,41184,4,0.7,-18232,37607.6113799368,0.9123,"australia"
"472",2010-05-01,NA,339,5.73,43977,4.25,0.701969073475714,-14947.4883750929,38354.3857551781,0.9262,"australia"
"473",2010-06-01,NA,1024,5.35,42635,4.5,0.680997723022333,-11435.9318352971,39300.1178425736,0.8713,"australia"
"474",2010-07-01,3.1,2034,5.09,43737,4.5,0.6,-8913,40444,0.8539,"australia"
"475",2010-08-01,NA,1366,5.19,47536,4.5,0.446853322097718,-8235.41252877519,41778.6729015273,0.8786,"australia"
"476",2010-09-01,NA,1165,4.76,42097,4.5,0.309288572319944,-8824.08924194054,43270.5704859967,0.9004,"australia"
"477",2010-10-01,2.9,1259,4.99,42827,4.5,0.3,-9741,44879.5750084422,0.9398,"australia"
"478",2010-11-01,NA,1371,5.21,43950,4.5,0.473580601096378,-10258.3800283248,46565.5687238979,0.9818,"australia"
"479",2010-12-01,NA,1434,5.41,43582,4.75,0.65221835806826,-10489.5260117556,48288.4338873979,0.9889,"australia"
"480",2011-01-01,2.8,1170,5.55,41590,4.75,0.6,-10758,50008.0527539763,0.9929,"australia"
"481",2011-02-01,NA,821,5.55,40819,4.75,0.184750199442696,-11272.1784690366,51684.3075786671,0.9962,"australia"
"482",2011-03-01,NA,-535,5.53,39880,4.75,-0.310754597185578,-11779.6955999261,53277.0806165044,1.0084,"australia"
"483",2011-04-01,3.3,1422,5.49,35738,4.75,-0.5,-11913,54746.2541225223,1.0113,"australia"
"484",2011-05-01,NA,1409,5.43,38412,4.75,-0.123692509978272,-11427.6097992325,56051.7103517548,1.0588,"australia"
"485",2011-06-01,NA,1618,5.24,40349,4.75,0.568577808451828,-10571.3212181696,57153.331559236,1.0675,"australia"
"486",2011-07-01,3.6,1040,5.2,41130,4.75,1.2,-9715,58011,1.0617,"australia"
"487",2011-08-01,NA,657,4.81,40716,4.75,1.47668650713706,-9141.34529699624,58596.7068143137,1.0781,"australia"
"488",2011-09-01,NA,2053,4.39,43754,4.75,1.43644336337827,-8780.38989776582,58930.8786833755,1.0502,"australia"
"489",2011-10-01,3.4,1016,4.21,44861,4.75,1.2,-8474,59046.0511736165,1.022,"australia"
"490",2011-11-01,NA,820,4.5,44945,4.75,0.891020555504114,-8200.97197574548,58974.759851468,1.0168,"australia"
"491",2011-12-01,NA,554,4,44834,4.5,0.644907997294367,-8487.82289447082,58749.5402833611,1.0112,"australia"
"492",2012-01-01,3,808,3.81,46085,4.25,0.6,-9998,58402.9280357271,1.0122,"australia"
"493",2012-02-01,NA,-2625,3.86,46771,4.25,0.829601641216858,-13007.0630963181,57967.4586749971,1.0415,"australia"
"494",2012-03-01,1.6,-1258,4.09,49096,4.25,1.14688761040723,-16239.0222280546,57475.6677676024,1.0732,"australia"
"495",2012-04-01,1.6,-2121,4.1,49938,4.25,1.3,-18030,56960.0908799741,1.0526,"australia"
"496",2012-05-01,NA,-1200,3.69,47638,4.25,1.12020250925808,-17283.5163797228,56453.2635785435,1.035,"australia"
"497",2012-06-01,1.2,-1096,2.97,53214,3.75,0.771245264780428,-15172.6807859033,55987.7214297417,0.998,"australia"
"498",2012-07-01,1.2,-982,3.08,47230,3.5,0.5,-13438,55596,0.9986,"australia"
"499",2012-08-01,NA,-1945,3.03,46825,3.5,0.485884618047107,-13379.5010144204,55303.5091004771,1.03,"australia"
"500",2012-09-01,2,-2186,3.04,44089,3.5,0.638501700841432,-14535.2916653692,55107.1555212421,1.0475,"australia"
"501",2012-10-01,2,-2498,2.87,44914,3.5,0.8,-16003,54996.7202970917,1.0406,"australia"
"502",2012-11-01,NA,-2278,3.15,49375,3.25,0.843666425960896,-17019.7017848177,54961.9844628227,1.0298,"australia"
"503",2012-12-01,2.2,-3025,3.18,46178,3.25,0.767340524446438,-17380.263663731,54992.7290532316,1.0405,"australia"
"504",2013-01-01,2.2,-1737,3.28,47306,3,0.6,-17019,55078.7351031153,1.0465,"australia"
"505",2013-02-01,NA,-1889,3.49,46454,3,0.383894122553752,-15962.2474018644,55209.7836472703,1.05,"australia"
"506",2013-03-01,2.5,-1155,3.32,43737,3,0.214358423595039,-14604.4314574844,55375.6557204934,1.031,"australia"
"507",2013-04-01,2.5,-863,3.4,48737,3,0.2,-13432,55566.1323575812,1.0345,"australia"
"508",2013-05-01,NA,-837,3.1,49847,3,0.398534861601872,-12819.8271262431,55770.9945933304,1.038,"australia"
"509",2013-06-01,2.4,-636,3.36,51663,2.75,0.664114670062293,-12696.4919878129,55980.0234625378,0.9919,"australia"
"510",2013-07-01,2.4,-540,3.76,51858,2.75,0.8,-12879,56183,0.944,"australia"
"511",2013-08-01,NA,-1657,3.69,55475,2.75,0.677521986594315,-13189.8885376075,56371.4981032224,0.9155,"australia"
"512",2013-09-01,2.2,-1082,3.89,55720,2.5,0.440294007266899,-13473.8228134864,56544.263120545,0.9037,"australia"
"513",2013-10-01,2.2,-717,3.9,52971,2.5,0.3,-13581,56701.8332630165,0.9303,"australia"
"514",2013-11-01,NA,-760,3.96,57177,2.5,0.406192006835683,-13369.8409455492,56844.7467416856,0.9519,"australia"
"515",2013-12-01,2.7,-493,4.25,59883,2.5,0.659894486055295,-12731.6612026859,56973.5417676012,0.9324,"australia"
"516",2014-01-01,2.7,45,4.28,59485,2.5,0.9,-11566,57088.7565518118,0.898,"australia"
"517",2014-02-01,NA,506,3.99,53254,2.5,1.00141368976666,-9938.82175426988,57190.9293053662,0.8858,"australia"
"518",2014-03-01,2.9,1529,4.05,51806,2.5,0.983091011474884,-8581.79163502911,57280.5982393131,0.8974,"australia"
"519",2014-04-01,2.9,636,4.07,62206,2.5,0.9,-8393,57358.3015647012,0.9089,"australia"
"520",2014-05-01,NA,-1158,3.97,62125,2.5,0.799264345208805,-9905.02018551946,57424.5774925792,0.9315,"australia"
"521",2014-06-01,3,-2004,3.68,65087,2.5,0.696630356934057,-12188.3574423828,57479.9642339959,0.9305,"australia"
"522",2014-07-01,3,-1564,3.56,62872,2.5,0.6,-13948,57525,0.9365,"australia"
"523",2014-08-01,NA,-1072,3.51,62714,2.5,0.516343744212938,-14222.0975036523,57559.838816774,0.9389,"australia"
"524",2014-09-01,2.3,-881,3.32,60043,2.5,0.448906079307406,-13381.4452621063,57583.0979710359,0.9309,"australia"
"525",2014-10-01,2.3,-1959,3.51,60891,2.5,0.4,-12130,57593.0105646376,0.9042,"australia"
"526",2014-11-01,NA,-865,3.29,53618,2.5,0.376101418680184,-11071.2935035752,57587.809699431,0.8781,"australia"
"527",2014-12-01,1.7,-925,3.1,61743,2.5,0.40033791842891,-10407.1578054884,57565.7284772678,0.8644,"australia"
"528",2015-01-01,1.7,-645,2.81,65705,2.5,0.5,-10239,57525,0.8257,"australia"
"529",2015-02-01,NA,-1135,2.43,62537,2.5,0.679250581066325,-10659.9507042693,57463.8573694794,0.8064,"australia"
"530",2015-03-01,1.3,-1256,2.46,64321,2.25,0.849742246976953,-11730.0346270512,57380.5336875578,0.7797,"australia"
"531",2015-04-01,1.3,-1322,2.33,74500,2.25,0.9,-13501,57273.2620560871,0.7724,"australia"
"532",2015-05-01,NA,-3888,2.65,67786,2.25,0.758748108906367,-15912.3481237923,57140.2755769191,0.774,"australia"
"533",2015-06-01,NA,-2536,2.74,73184,2,0.515507908478093,-18454.5925751955,56979.8073519057,0.7891,"australia"
"534",2015-07-01,1.5,-3050,2.99,67282,2,0.3,-20506,56790.0904828988,0.7715,"australia"
"535",2015-08-01,NA,-2483,2.758,68911,2,0.233905131456354,-21467.2864301913,56569.3580717502,0.7407,"australia"
"536",2015-09-01,NA,-2711,2.663,71170,2,0.406744637629194,-20828.965442537,56315.8432203118,0.7295,"australia"
"537",2015-10-01,1.5,-2063,2.605,72670,2,0.9,-18104,56027.7790304353,0.7059,"australia"
"538",2015-11-01,NA,-2317,2.611,64337,2,1.79515270005025,-12805.3530655433,55703.3986039727,0.72,"australia"
"539",2015-12-01,NA,-2727,2.86,NA,2,3.17368421926144,-4445.98760212981,55340.9350427758,0.7146,"australia"
"540",2016-01-01,1.7,-3535,2.88,NA,2,5.11707603911504,7461.13342727746,54938.6214486965,0.7247,"australia"
"541",2016-02-01,NA,NA,2.635,NA,NA,7.70680964109253,23403.0470597156,54494.6909235866,0.7011,"australia"
"542",2016-03-01,NA,NA,2.588,NA,2,11.0243665066754,43866.7903322215,54007.3765692979,0.7115,"australia"
