"","Date","Infl_f","BOT_f","Yield_f","FER_f","Int_f","PrimeRate_f","1Y_Yield","GDPG_f","CA_f","FDI_f","Exchange","Country"
"1",1971-02-01,1,301,NA,4799.1,NA,7,-6.54846670366576,771.781278626564,794683.420960214,979573.88958239,1.0118,"canada"
"2",1971-03-01,1.5,213,NA,4850.3,NA,7,-3.13901631109593,328.789054660502,776032.619357256,972294.228099309,1.0075,"canada"
"3",1971-04-01,1.5,271,NA,4844.7,NA,6.5,-0.57,30,757675.762844115,965050.720813457,1.0064,"canada"
"4",1971-05-01,2,189,NA,4853.9,NA,6.5,1.2541377851776,-149.771070540128,739610.518087457,957843.277724832,1.0077,"canada"
"5",1971-06-01,2,218,NA,4878.7,NA,6.5,2.42895259999241,-235.709342145066,721834.551753948,950671.808833437,1.0087,"canada"
"6",1971-07-01,2.5,196,NA,4851.8,NA,6.5,3.05,-253,704345.530510256,943536.22413927,1.0213,"canada"
"7",1971-08-01,2.4,227,NA,4923.8,NA,6.5,3.22149875309907,-230.093483256166,687141.121023047,936436.433642331,1.0213,"canada"
"8",1971-09-01,3.4,271,NA,4992.2,NA,6.5,3.08232047656092,-208.501246929002,670218.989958987,929372.347342621,1.013,"canada"
"9",1971-10-01,3.4,188,NA,4991.6,NA,6.5,2.78,-233,653576.803984743,922343.875240139,1.013,"canada"
"10",1971-11-01,3.9,124,NA,5071.5,NA,6.25,2.41875609131502,-332.040181620394,637212.229766982,915350.927334886,1.0047,"canada"
"11",1971-12-01,3.9,101,NA,5273.6,NA,6,1.9295432715417,-468.767151620406,621122.933972372,908393.413626861,1.0039,"canada"
"12",1972-01-01,4.9,170,NA,5570.4,NA,6,1.2,-590,605306.583267577,901471.244116065,0.9993,"canada"
"13",1972-02-01,4.9,29,NA,5657.3,NA,6,0.231995400159353,-653.893938410405,589760.844319265,894584.328802497,1.0059,"canada"
"14",1972-03-01,4.9,212,NA,5668.4,NA,6,-0.515678747912913,-663.948665107894,574483.383794103,887732.577686158,1.0047,"canada"
"15",1972-04-01,5.4,136,NA,5748.4,NA,6,-0.47,-635,559471.868358757,880915.900767047,0.9985,"canada"
"16",1972-05-01,4.8,99,NA,5779.4,NA,6,0.672891937677193,-585.272953626874,544723.964679894,874134.208045165,0.9957,"canada"
"17",1972-06-01,4.8,225,NA,6048,NA,6,2.14020875714699,-546.54929905913,530237.339424181,867387.409520511,0.9889,"canada"
"18",1972-07-01,4.3,243,NA,6217.7,NA,6,2.89,-554,516009.659258284,860675.415193086,0.9795,"canada"
"19",1972-08-01,4.8,93,NA,6191.1,NA,6,2.2360664787615,-625.64387671173,502038.59084887,853998.135062889,0.984,"canada"
"20",1972-09-01,4.7,136,NA,6199.4,NA,6,0.915214089695342,-710.891175692623,488321.800862605,847355.47912992,0.9824,"canada"
"21",1972-10-01,5.7,109,NA,6221.1,NA,6,0.0199999999999996,-742,474856.955966157,840747.35739418,0.983,"canada"
"22",1972-11-01,5.2,220,NA,6228.9,NA,6,0.336175480610124,-674.225613600282,461641.722826192,834173.679855669,0.9827,"canada"
"23",1972-12-01,5.2,242,NA,6046.5,NA,6,1.42226821740498,-554.811924096303,448673.768109376,827634.356514386,0.9874,"canada"
"24",1973-01-01,5.2,206,NA,6049.9,NA,6,2.53,-454,435950.758482376,821129.297370332,0.9968,"canada"
"25",1973-02-01,5.6,254,NA,5964.5,NA,6,3.06775011731652,-422.712928146402,423470.36061186,814658.412423506,0.9993,"canada"
"26",1973-03-01,6,183,NA,6052.1,NA,6,3.07052785549955,-434.601868662906,411230.241164493,808221.611673909,0.9956,"canada"
"27",1973-04-01,5.6,267,NA,5967.6,NA,6,2.73,-444,399228.066806943,801818.80512154,0.9967,"canada"
"28",1973-05-01,6.5,328,NA,5907.3,NA,6.5,2.21800923530899,-420.589340480776,387461.504205875,795449.902766399,1.0007,"canada"
"29",1973-06-01,6.9,239,NA,5949.7,NA,7,1.62710184207832,-395.44726791874,375928.220027957,789114.814608487,1.0008,"canada"
"30",1973-07-01,7.8,303,NA,5860.4,NA,7.75,1.03,-415,364625.880939855,782813.450647804,0.9984,"canada"
"31",1973-08-01,7.7,295,NA,5785.8,NA,7.75,0.514657385891984,-506.22600622679,353552.153608236,776545.720884349,0.9995,"canada"
"32",1973-09-01,8.1,86,NA,5588.9,NA,8.25,0.229953665076065,-618.312763365838,342704.704699767,770311.535318122,1.0039,"canada"
"33",1973-10-01,8.1,163,NA,5535.3,NA,9,0.34,-681,332081.200881114,764110.803949124,1.0083,"canada"
"34",1973-11-01,8.5,249,NA,5773.5,NA,9,0.911509369271229,-647.914042019473,321679.308818944,757943.436777355,1.0011,"canada"
"35",1973-12-01,9.4,342,NA,5735.9,NA,9,1.62160201613594,-568.227604543833,311496.695179924,751809.343802814,0.9991,"canada"
"36",1974-01-01,9.4,215,NA,5768.2,NA,9.5,2.05,-515,301531.02663072,745708.435025501,0.9994,"canada"
"37",1974-02-01,9.3,321,NA,5853.4,NA,9.5,1.90745328517125,-542.303010880504,291779.969837998,739640.620445417,0.9915,"canada"
"38",1974-03-01,9.2,230,NA,6197.2,NA,9.5,1.42882345556537,-628.258299940312,282241.191468427,733605.810062562,0.9766,"canada"
"39",1974-04-01,10.5,188,NA,6101.7,NA,9.5,0.980000000000001,-732,272912.358188672,727603.913876935,0.972,"canada"
"40",1974-05-01,10,345,NA,6235.8,NA,10.5,0.827936749303031,-820.133173717771,263791.136665399,721634.841888536,0.9676,"canada"
"41",1974-06-01,11.6,278,NA,6230.4,NA,11,0.843844902343328,-889.146603102328,254875.193565277,715698.504097366,0.9623,"canada"
"42",1974-07-01,11.5,41,NA,6123.1,NA,11,0.8,-943,246162.19555497,709794.810503425,0.9664,"canada"
"43",1974-08-01,11,180,NA,6014.4,NA,11.5,0.541910828727737,-988.756886841006,237649.809301147,703923.671106711,0.9763,"canada"
"44",1974-09-01,10.8,171,NA,5852.9,NA,11.5,0.208019157283542,-1045.89602839112,229335.701470473,698084.995907227,0.9799,"canada"
"45",1974-10-01,11.2,9,NA,5808.4,NA,11.5,0.00999999999999979,-1137,221217.538729615,692278.694904971,0.9864,"canada"
"46",1974-11-01,12,96,NA,5809.3,NA,11.5,0.0866421580082438,-1278.06150114043,213292.987745241,686504.678099943,0.983,"canada"
"47",1974-12-01,11.9,-42,NA,5796.6,NA,11,0.285189579633613,-1458.71372777764,205559.715184015,680762.855492144,0.9874,"canada"
"48",1975-01-01,12.7,17,NA,5825.3,NA,11,0.38,-1662,198015.387712607,675053.137081573,0.9882,"canada"
"49",1975-02-01,11.7,-10,NA,5802.3,NA,10.5,0.220779798498547,-1866.92303452321,190657.671997681,669375.432868231,0.9948,"canada"
"50",1975-03-01,12,-38,NA,5895.4,NA,9.5,-0.041370068410589,-2036.32313457238,183484.234705905,663729.652852118,1.0004,"canada"
"51",1975-04-01,11.1,-225,NA,5826.5,NA,9,-0.18,-2129,176492.742503945,658115.707033232,1.0005,"canada"
"52",1975-05-01,11,13,NA,5535,NA,9,-0.0293909816320623,-2120.83895335934,169680.862058468,652533.505411576,1.011,"canada"
"53",1975-06-01,10,61,NA,5398.4,NA,9,0.333253656971706,-2056.06780800691,163046.26003614,646982.957987147,1.0286,"canada"
"54",1975-07-01,10.3,-84,NA,5329.8,NA,9,0.77,-1996,156586.603103629,641463.974759948,1.0264,"canada"
"55",1975-08-01,11,61,NA,5225.5,NA,9,1.15345079469637,-1987.4989298172,150299.557927601,635976.465729977,1.0309,"canada"
"56",1975-09-01,10.9,-186,NA,5191.2,NA,9,1.39835544052377,-2019.62785562221,144182.791174722,630520.340897234,1.0354,"canada"
"57",1975-10-01,10.4,17,NA,5217.5,NA,9.75,1.43,-2067,138233.96951166,625095.51026172,1.0263,"canada"
"58",1975-11-01,10,9,NA,5301.6,NA,9.75,1.22262483988363,-2107.20236440888,132450.759605081,619701.883823434,1.0251,"canada"
"59",1975-12-01,10.3,14,NA,5414.3,NA,9.75,0.946287543896192,-2129.71706580053,126830.828121651,614339.371582377,1.0139,"canada"
"60",1976-01-01,9.4,23,NA,5325.6,NA,9.75,0.82,-2127,121371.841728037,609007.883538548,1.0139,"canada"
"61",1976-02-01,9.8,-9,NA,5599.4,NA,9.75,0.998642438361724,-2097.13605699174,116071.467090907,603707.329691948,1.0065,"canada"
"62",1976-03-01,9.3,34,NA,5877.4,NA,9.75,1.38056845796554,-2060.72610339788,110927.370876926,598437.620042576,0.9935,"canada"
"63",1976-04-01,9.3,-79,NA,5827.2,NA,10.25,1.8,-2044,105937.219752761,593198.664590432,0.9859,"canada"
"64",1976-05-01,8.9,145,NA,5803.8,NA,10.25,2.10724985111392,-2058.84600021677,101098.68038508,587990.373335518,0.9836,"canada"
"65",1976-06-01,8.4,152,NA,5812,NA,10.25,2.21699417979721,-2059.78592801535,96409.4194405474,582812.656277831,0.9802,"canada"
"66",1976-07-01,8,70,NA,5984.7,NA,10.25,2.06,-1987,91867.1035858316,577665.423417373,0.9736,"canada"
"67",1976-08-01,7.2,126,NA,5793.2,NA,10.25,1.60865445347887,-1810.59105325229,87469.3994875987,572548.584754144,0.9722,"canada"
"68",1976-09-01,6.1,329,NA,5576.2,NA,10.25,1.00182519321601,-1620.35240676295,83213.9738125154,567462.050288143,0.9854,"canada"
"69",1976-10-01,6.4,267,NA,5837.6,NA,10.25,0.42,-1536,79098.4932272484,562405.730019371,0.9751,"canada"
"70",1976-11-01,6.4,284,NA,5837.5,NA,10.25,0.0247990016372461,-1635.12312010739,75120.6243984644,557379.533947827,0.9727,"canada"
"71",1976-12-01,5.6,10,NA,5079.3,NA,9.75,-0.0976282859945821,-1826.80444493284,71278.0339928299,552383.372073512,0.9859,"canada"
"72",1977-01-01,5.6,231,NA,5843.4,NA,9.25,0.12,-1978,67568.3886770118,547417.154396425,1.0183,"canada"
"73",1977-02-01,6.3,212,NA,5678.5,NA,9.25,0.676223614046216,-1993.99054039223,63989.3551176765,542480.790916566,1.0103,"canada"
"74",1977-03-01,6.2,137,NA,5270.8,NA,8.75,1.29461387668824,-1933.35573943163,60538.5999814909,537574.191633936,1.0279,"canada"
"75",1977-04-01,7.2,232,NA,5094.1,NA,8.75,1.63,-1893,57213.7899351216,532697.266548535,1.0513,"canada"
"76",1977-05-01,7.5,168,NA,5186.6,NA,8.75,1.44697320884456,-1940.43323684222,54012.5916452352,527849.925660362,1.0515,"canada"
"77",1977-06-01,8.1,90,NA,5231.2,NA,8.75,0.949172779241608,-2025.58741215547,50932.6717784984,523032.078969417,1.0486,"canada"
"78",1977-07-01,7.7,262,NA,5097.1,NA,8.25,0.45,-2069,47971.6970015778,518243.636475702,1.0577,"canada"
"79",1977-08-01,8.3,322,NA,5009.1,NA,8.25,0.203661328353333,-2014.31354927593,45127.3339811403,513484.508179214,1.0612,"canada"
"80",1977-09-01,8.3,245,NA,4840.1,NA,8.25,0.227583895234213,-1897.5909082428,42397.2493838523,508754.604079955,1.075,"canada"
"81",1977-10-01,8.6,116,NA,4776.2,NA,8.25,0.48,-1778,39779.1098763806,504053.834177925,1.0733,"canada"
"82",1977-11-01,8.8,516,NA,4170.7,NA,8.25,0.897270366631002,-1702.57182531331,37270.5821253919,499382.108473123,1.0989,"canada"
"83",1977-12-01,9.1,256,NA,4190.5,NA,8.25,1.32826941759932,-1669.78969561407,34869.3327975527,494739.336965549,1.1093,"canada"
"84",1978-01-01,9.4,417,NA,4607.5,NA,8.25,1.6,-1666,32573.0285595299,490125.429655204,1.0973,"canada"
"85",1978-02-01,9,352,NA,4405.4,NA,8.25,1.59133127919674,-1683.51026058193,30379.3360779899,485540.296542087,1.1012,"canada"
"86",1978-03-01,9.3,412,NA,3698.8,NA,8.25,1.38859769362777,-1738.47253152313,28285.9220195996,480983.847626199,1.113,"canada"
"87",1978-04-01,8.8,665,NA,3970.1,NA,8.75,1.13,-1853,26290.4530510256,476455.99290754,1.1258,"canada"
"88",1978-05-01,8.5,104,NA,4582.8,NA,9.25,0.929626738804279,-2031.35009532193,24390.5958389345,471956.642386109,1.1417,"canada"
"89",1978-06-01,8.7,540,NA,4740,NA,9.25,0.805117585667368,-2206.35721533043,22584.017049993,467485.706061906,1.1186,"canada"
"90",1978-07-01,9.3,323,NA,4740.1,NA,9.25,0.75,-2293,20868.3833508678,463043.093934932,1.1218,"canada"
"91",1978-08-01,9.4,238,NA,4588.4,NA,9.25,0.754606210030594,-2244.71898775997,19241.3614082256,458628.716005186,1.1246,"canada"
"92",1978-09-01,9.7,353,NA,4189.9,NA,9.75,0.796487519258312,-2168.80231085886,17700.6178887329,454242.482272669,1.1404,"canada"
"93",1978-10-01,8.5,542,NA,3664.1,NA,10.25,0.85,-2211,16243.8194590565,449884.302737381,1.1664,"canada"
"94",1978-11-01,9,300,NA,5097.6,NA,11,0.893059532184455,-2461.10728697153,14868.6327858631,445554.087399321,1.1828,"canada"
"95",1978-12-01,8.9,387,NA,4484.4,NA,11.5,0.917821226188273,-2785.10020790081,13572.7245358192,441251.746258489,1.1731,"canada"
"96",1979-01-01,8.6,98,NA,4566.2,NA,11.5,0.92,-2993,12353.7613755917,436977.189314886,1.1798,"canada"
"97",1979-02-01,8.5,492,NA,4400.2,NA,12,0.903526031601956,-2952.48149398355,11209.4099718471,432730.326568511,1.1899,"canada"
"98",1979-03-01,9,232,NA,4113.7,NA,12,0.905190538951558,-2761.83389457495,10137.3369912521,428511.068019365,1.1956,"canada"
"99",1979-04-01,9.2,159,NA,5421.8,NA,12,0.97,-2577,9135.20910047335,424319.323667447,1.1739,"canada"
"100",1979-05-01,9.8,226,NA,5142.9,NA,12,1.11765115622254,-2515.89266302021,8200.69296617757,420155.003512758,1.1464,"canada"
"101",1979-06-01,9.4,359,NA,4078.7,NA,12,1.26660180319068,-2544.30495454012,7331.45525503139,416018.017555297,1.1556,"canada"
"102",1979-07-01,9,310,NA,4179.5,NA,12,1.31,-2590,6525.1626337015,411908.275795065,1.1724,"canada"
"103",1979-08-01,8.4,227,NA,4239.5,NA,12.5,1.17661008424864,-2595.61452060227,5779.48176885454,407825.688232061,1.1639,"canada"
"104",1979-09-01,8.3,396,NA,4276.2,NA,12.5,0.937661507544984,-2563.2796205979,5092.07932715719,403770.164866286,1.1706,"canada"
"105",1979-10-01,9.7,542,NA,4511.2,NA,13,0.7,-2510,4460.62197527612,399741.615697739,1.1653,"canada"
"106",1979-11-01,9,341,NA,3919.9,NA,14.75,0.553686284560694,-2443.87147679293,3882.77637987799,395739.950726421,1.1754,"canada"
"107",1979-12-01,9.5,551,NA,3971.5,NA,15,0.521641055518274,-2337.35434084606,3356.20920762947,391765.079952331,1.1797,"canada"
"108",1980-01-01,9.8,590,NA,3886.9,NA,15,0.61,-2154,2878.58712519723,387816.91337547,1.17,"canada"
"109",1980-02-01,9.7,555,NA,4065.9,NA,15,0.797533666397477,-1892.19586852231,2447.57679924793,383895.360995837,1.164,"canada"
"110",1980-03-01,9.6,889,NA,4467.2,NA,15,0.953552048159697,-1689.67338638824,2060.84489644824,380000.332813433,1.1555,"canada"
"111",1980-04-01,9.2,645,NA,3669.3,NA,15.75,0.92,-1719,1716.05808346482,376131.738828257,1.1731,"canada"
"112",1980-05-01,9.2,30,NA,3971.6,NA,16.75,0.600993864664213,-2067.82653059933,1410.88302696435,372289.48904031,1.1861,"canada"
"113",1980-06-01,9.3,555,NA,4221.3,NA,13.75,0.149335937028122,-2484.13729878616,1142.98639361348,368473.493449591,1.1741,"canada"
"114",1980-07-01,10,745,NA,4306.9,NA,13.25,-0.22,-2631,910.034850078892,364683.662056101,1.1516,"canada"
"115",1980-08-01,10,882,NA,4018.7,NA,12.25,-0.3418794954247,-2284.86837945076,709.695063027245,360919.904859839,1.1523,"canada"
"116",1980-09-01,10.9,851,NA,4269.3,NA,12.25,-0.250525425901814,-1675.74038143007,539.633699125208,357182.131860805,1.1592,"canada"
"117",1980-10-01,10.6,865,NA,3949.5,NA,12.25,-0.0300000000000001,-1147,397.517425039446,353470.253059,1.1647,"canada"
"118",1980-11-01,10.7,931,NA,3679,NA,12.75,0.256153746664217,-973.366618264309,281.012907436627,349784.178454424,1.1691,"canada"
"119",1980-12-01,11.1,984,NA,3468.9,NA,13.75,0.62646947028284,-1154.90117549356,187.786812983416,346123.818047076,1.1864,"canada"
"120",1981-01-01,11.1,847,NA,4029.6,NA,18.25,1.12,-1623,115.505808346482,342489.081836957,1.1968,"canada"
"121",1981-02-01,12.2,787,NA,3436,NA,18.25,1.73022747173079,-2291.81329564015,61.83656019249,338879.879824066,1.1909,"canada"
"122",1981-03-01,12.1,830,NA,3341.4,NA,18.25,2.26835124847416,-3006.50676844755,24.4457351881071,335296.122008403,1.1984,"canada"
"123",1981-04-01,12.7,771,NA,3715.5,NA,17.75,2.5,-3595,1,331737.718389969,1.1914,"canada"
"124",1981-05-01,12.6,333,NA,3164.6,NA,18.25,2.2618252553015,-3932.56538436027,-10.8339787051647,328204.578968764,1.191,"canada"
"125",1981-06-01,12.2,286,NA,3178.2,NA,19.5,1.67456998026497,-4083.88656553104,-13.3895342607202,324696.613744787,1.201,"canada"
"126",1981-07-01,12.8,667,NA,3054.6,NA,20,0.93,-4161,-9,321213.732718039,1.2041,"canada"
"127",1981-08-01,12.9,520,NA,2307.4,NA,21,0.20580484039655,-4246.29553728915,-0.610035491392219,317755.845888518,1.2107,"canada"
"128",1981-09-01,12.5,559,NA,3292.1,NA,22.75,-0.376631169534021,-4303.5765990579,6.39039475649534,314322.863256227,1.2232,"canada"
"129",1981-10-01,12.7,109,NA,2997.1,NA,21.25,-0.71,-4267,6,310914.694821164,1.2008,"canada"
"130",1981-11-01,12.8,842,NA,2807.3,NA,20,-0.737637209480292,-4073.25246648313,-4.72587932926645,307531.250583329,1.2029,"canada"
"131",1981-12-01,12.2,989,NA,4555.1,NA,17.25,-0.605452709536287,-3669.14037157069,-16.5053780985945,304172.440542723,1.1872,"canada"
"132",1982-01-01,12.1,599,NA,4371.1,NA,17.25,-0.51,-3004,-17,300838.174699346,1.1851,"canada"
"133",1982-02-01,11.3,1079,NA,4297.7,NA,16.5,-0.594885632105013,-2078.91681900055,1.32836762327286,297528.363053197,1.1926,"canada"
"134",1982-03-01,11.4,1072,NA,3500.5,NA,16.5,-0.791928362691199,-1101.97302577046,26.8163028230677,294242.915604276,1.214,"canada"
"135",1982-04-01,11.5,1170,NA,2968.7,NA,17,-0.98,-333,43,290981.742352584,1.2205,"canada"
"136",1982-05-01,11.4,1285,NA,3521.2,NA,17,-1.06393137321077,55.0678906334924,38.7457421695084,287744.753298121,1.2252,"canada"
"137",1982-06-01,11.9,1631,NA,2870.3,NA,17,-1.05238939525447,236.88432650439,24.2401668063237,284531.858440885,1.2336,"canada"
"138",1982-07-01,11.3,1722,NA,2926.3,NA,18.25,-0.98,474,15,281342.967780879,1.2756,"canada"
"139",1982-08-01,11,1534,NA,3270,NA,17.25,-0.886425912088961,937.682293503621,21.3553303653603,278177.991318101,1.27,"canada"
"140",1982-09-01,10.5,1505,NA,3863.2,NA,16,-0.831477019253878,1438.06534938253,32.8896966183042,275036.839052551,1.2452,"canada"
"141",1982-10-01,10.3,2093,NA,3790,NA,15,-0.88,1695,34,271919.42098423,1.2348,"canada"
"142",1982-11-01,10,1368,NA,3597.5,NA,13.75,-1.04629090435932,1511.20293535202,16.4625659986799,268825.647113137,1.2301,"canada"
"143",1982-12-01,9.7,1526,NA,3665.8,NA,13,-1.14244326847076,1020.85427596549,1.57141709083,265755.427439273,1.2262,"canada"
"144",1983-01-01,9.3,1670,NA,3793.2,NA,12.5,-0.93,441,18,262708.671962637,1.2385,"canada"
"145",1983-02-01,8.2,1305,NA,4109.5,NA,12,-0.259521581584889,-37.2718126894945,81.9795908251053,259685.29068323,1.2287,"canada"
"146",1983-03-01,7.6,1475,NA,4622.9,NA,11.5,0.662361204248021,-326.704675466704,159.972783166524,256685.193601052,1.2277,"canada"
"147",1983-04-01,7.3,1541,NA,4251.9,NA,11.5,1.54,-366,206,253708.290716101,1.2263,"canada"
"148",1983-05-01,6.7,1718,NA,4477.2,NA,11,2.1277105640322,-146.967536445898,188.470922552751,250754.49202838,1.2325,"canada"
"149",1983-06-01,5.5,1753,NA,4233.3,NA,11,2.37966511814534,126.149611086514,133.352265057889,247823.707537886,1.2292,"canada"
"150",1983-07-01,5.4,1797,NA,4380.3,NA,11,2.3,196,81,244915.847244622,1.2323,"canada"
"151",1983-08-01,5.4,1367,NA,4364.4,NA,11,1.92793858471534,-113.524708193582,62.3219041490767,242030.821148585,1.2323,"canada"
"152",1983-09-01,5.6,1432,NA,4515.4,NA,11,1.4430523972447,-653.560435546017,70.4329714167357,239168.539249778,1.2338,"canada"
"153",1983-10-01,5,1154,NA,4586.3,NA,11,1.06,-1194,89,236328.911548198,1.2326,"canada"
"154",1983-11-01,5,961,NA,4748.5,NA,11,0.939423985995344,-1550.155853002,103.722942332424,233511.848043848,1.232,"canada"
"155",1983-12-01,4.4,1466,NA,4528.2,NA,11,1.02590307065364,-1719.01898001356,108.434367793687,230717.258736725,1.2367,"canada"
"156",1984-01-01,4.6,1489,NA,4205.4,NA,11,1.21,-1743,99,227945.053626832,1.2469,"canada"
"157",1984-02-01,5.5,1585,NA,4276.5,NA,11,1.40103213796995,-1661.85187979843,75.5270672619686,225195.142714166,1.2484,"canada"
"158",1984-03-01,5.5,1165,NA,4164.5,NA,11,1.58333532014074,-1504.69697773309,55.088816667776,222467.435998729,1.248,"canada"
"159",1984-04-01,4.5,1169,NA,3652.6,NA,11.5,1.76,-1298,59,219761.843480521,1.2697,"canada"
"160",1984-05-01,4.9,1398,NA,3279,NA,11.5,1.91348449916187,-1070.02922039687,99.2058256567389,217078.275159541,1.2796,"canada"
"161",1984-06-01,4.7,1627,NA,3670.8,NA,12,1.94371861174638,-856.267183128159,150.173328498172,214416.64103579,1.2944,"canada"
"162",1984-07-01,4.3,1917,NA,2883.7,NA,12.5,1.73,-694,177,211776.851109267,1.304,"canada"
"163",1984-08-01,4.1,2064,NA,4193.4,NA,13.5,1.22614097649366,-598.438646021487,156.168148629594,209158.815379973,1.3238,"canada"
"164",1984-09-01,3.6,1421,NA,3632.7,NA,13,0.684012455095981,-496.493549013532,109.699350821017,206562.443847907,1.3035,"canada"
"165",1984-10-01,3.7,1927,NA,3365.2,NA,13,0.43,-293,71,203987.646513069,1.3145,"canada"
"166",1984-11-01,3.4,1920,NA,3532.6,NA,12.5,0.680840483752366,59.9689896680057,64.4549131582165,201434.33337546,1.319,"canada"
"167",1984-12-01,3.9,2148,NA,3084.3,NA,12,1.21467601231414,421.389527330435,78.3626015510942,198902.41443508,1.3168,"canada"
"168",1985-01-01,3.7,1499,NA,3182.1,NA,11.25,1.7,603,92,196391.799691928,1.3201,"canada"
"169",1985-02-01,3.5,1346,11.24,2977.7,NA,11,1.87308968108947,468.896020682798,90.3084950338358,193902.399146005,1.324,"canada"
"170",1985-03-01,3.7,1598,12.34,2766.6,NA,11.5,1.74135756972152,92.6021063584592,80.8872800116435,191434.12279731,1.3547,"canada"
"171",1985-04-01,3.7,2117,11.83,3769.5,NA,11.75,1.38,-400,77,188986.880645843,1.384,"canada"
"172",1985-05-01,3.8,1622,11.63,3407.6,NA,10.75,0.886800791889771,-904.664183510307,86.8666622619957,186560.582691605,1.3658,"canada"
"173",1985-06-01,4.2,1557,10.76,3106.1,NA,10.5,0.449893708799781,-1403.68684165316,98.5327228467761,184155.138934596,1.3756,"canada"
"174",1985-07-01,4,963,10.78,3036.4,NA,10.5,0.28,-1901,95,181770.459374815,1.3676,"canada"
"175",1985-08-01,4.1,579,10.81,3530,NA,10.5,0.516373818018117,-2382.31336071564,66.7063373996627,179406.454012262,1.3526,"canada"
"176",1985-09-01,4.1,1135,10.54,3247.9,NA,10.25,1.01240092841269,-2760.44733233841,33.833680453104,177063.032846938,1.3575,"canada"
"177",1985-10-01,4.1,1538,10.66,3213.5,NA,10.25,1.55,-2930,24,174740.105878843,1.3703,"canada"
"178",1985-11-01,4.1,1678,10.49,3123.5,NA,10,1.9284446767785,-2845.15644770119,54.3450251763906,172437.583107976,1.3667,"canada"
"179",1985-12-01,3.9,957,9.93,3400.1,NA,10,2.01642850347538,-2698.44975491912,100.095518303771,170155.374534337,1.3765,"canada"
"180",1986-01-01,4.4,1303,9.71,3275.6,NA,10,1.7,-2742,126,167893.390157927,1.3955,"canada"
"181",1986-02-01,4.4,979,10.19,3234.7,NA,11,0.956884511904911,-3136.13492255365,107.72837670959,165651.539978745,1.407,"canada"
"182",1986-03-01,4.2,276,9.68,4484.4,NA,13,0.131514687315415,-3674.01290724436,64.6360981836643,163429.733996792,1.4043,"canada"
"183",1986-04-01,4.3,1079,9.33,3280.1,NA,12,-0.340000000000001,-4057,27,161227.882212068,1.4009,"canada"
"184",1986-05-01,3.8,1117,9.14,3466.9,NA,11.25,-0.164130872546296,-4078.0075657879,17.74146798525,159045.894624572,1.3879,"canada"
"185",1986-06-01,4.1,908,9.59,3446.2,NA,10.25,0.382327562077771,-3896.12824573308,30.360088961572,156883.681234304,1.3757,"canada"
"186",1986-07-01,3.8,618,8.86,3323.2,NA,10.25,0.88,-3762,51,154741.152041265,1.3899,"canada"
"187",1986-08-01,4.1,205,8.98,3469.3,NA,9.75,0.997787126428422,-3854.5755550355,68.4168624605214,152618.217045454,1.3808,"canada"
"188",1986-09-01,4.3,575,8.76,3232.6,NA,9.75,0.757693582892016,-4066.06670241592,81.8124348589368,150514.786246872,1.3885,"canada"
"189",1986-10-01,4.1,1442,9.12,3105.4,NA,9.75,0.27,-4217,93,148430.769645518,1.3873,"canada"
"190",1986-11-01,4.4,989,9.04,3707.3,NA,9.75,-0.317388003537762,-4173.65317703308,105.665156246738,146366.077241393,1.3885,"canada"
"191",1986-12-01,4.5,877,8.79,3885.3,NA,9.75,-0.706064856608801,-3985.30864830695,130.982764195274,144320.619034497,1.3863,"canada"
"192",1987-01-01,4.2,912,8.83,4095.6,NA,9.75,-0.56,-3747,182,142294.305024828,1.3801,"canada"
"193",1987-02-01,4,916,8.39,6070.8,NA,9.25,0.298801924759662,-3544.33025535069,263.441031071043,140287.045212389,1.3606,"canada"
"194",1987-03-01,4,1596,8.58,6545.2,NA,9.25,1.41619547317282,-3425.18018583775,346.73798984145,138298.749597177,1.334,"canada"
"195",1987-04-01,4,1193,8.29,7771.9,NA,8.75,2.18,-3428,395,136329.328179195,1.3194,"canada"
"196",1987-05-01,4.6,1312,9.41,6171.3,NA,9.25,2.16366178598059,-3568.61839415676,381.792941691311,134378.69095844,1.3192,"canada"
"197",1987-06-01,4.6,1469,9.3,5718.7,NA,9.5,1.68313481576938,-3772.37801574945,322.509720883369,132446.747934915,1.3411,"canada"
"198",1987-07-01,4.7,585,9.16,6336.2,NA,9.5,1.24,-3942,243,130533.409108617,1.3387,"canada"
"199",1987-08-01,4.6,876,9.74,6414.4,NA,9.5,1.20581019057722,-4026.38135320746,169.868683645194,128638.584479549,1.3262,"canada"
"200",1987-09-01,4.5,1320,10.17,7235.9,NA,10,1.43200600449039,-4159.12256597928,132.741645143592,126762.184047708,1.3256,"canada"
"201",1987-10-01,4.5,982,11,7537.2,NA,10,1.64,-4520,162,124904.117813097,1.3154,"canada"
"202",1987-11-01,4.2,947,9.64,7936.4,NA,9.75,1.62420856282163,-5196.93026708747,275.880471876062,123064.295775713,1.3097,"canada"
"203",1987-12-01,4.2,671,10.34,7906.6,NA,9.75,1.47106338849127,-5910.39097959271,444.042217060782,121242.627935558,1.3167,"canada"
"204",1988-01-01,4.2,292,10.05,8203.2,NA,9.75,1.34,-6289,624,119439.024292632,1.3075,"canada"
"205",1988-02-01,4,-29.7,9.21,9533.2,NA,9.75,1.34809629887699,-6073.52720807227,769.239058480187,117653.394846934,1.2855,"canada"
"206",1988-03-01,4,1182.7,9.19,10467.3,NA,9.75,1.44299970080377,-5453.35055268693,817.126523650319,115885.649598465,1.2682,"canada"
"207",1988-04-01,4.3,876.9,9.61,12582.6,NA,9.75,1.53,-4730,701,114135.698547224,1.2492,"canada"
"208",1988-05-01,4,1180.9,9.89,13646.9,NA,10.25,1.52822105648524,-4172.25719691973,395.274405314302,112403.451693212,1.2353,"canada"
"209",1988-06-01,4,726.9,9.83,13401.8,NA,10.25,1.41212299347882,-3917.91051336327,38.6739105601662,110688.819036428,1.2373,"canada"
"210",1988-07-01,3.9,1401.7,9.68,16244.2,NA,10.75,1.17,-4072,-189,108991.710576872,1.2176,"canada"
"211",1988-08-01,3.9,874.3,9.96,15392.8,NA,10.75,0.816426882589461,-4652.99955980436,-165.707050107766,107312.036314546,1.2075,"canada"
"212",1988-09-01,3.9,874.4,10.32,13885.9,NA,11.25,0.471100917873543,-5333.1185049711,-0.451795520613274,105649.706249447,1.2237,"canada"
"213",1988-10-01,4.1,549.5,10.04,14729.9,NA,11.75,0.28,-5698,140,104004.630381577,1.2267,"canada"
"214",1988-11-01,4.3,1114.4,9.68,16218.4,NA,11.75,0.342738079823581,-5468.2260453443,134.479721042688,102376.718710936,1.2055,"canada"
"215",1988-12-01,4,1008.6,10.05,16086.1,NA,11.75,0.573473335027009,-4904.13398527086,44.2073455963609,100765.881237523,1.2186,"canada"
"216",1989-01-01,3.9,790,10.19,16197.6,NA,12.25,0.84,-4401,-24,99172.0279613384,1.1962,"canada"
"217",1989-02-01,4.3,1389.7,10.04,16604.1,NA,12.25,1.02965783515325,-4277.98514770734,9.15853630738302,97595.0688823825,1.1913,"canada"
"218",1989-03-01,4.6,1202.3,10.49,16171.5,NA,12.75,1.10796870498138,-4549.78999838989,112.918709431466,96034.914000655,1.1891,"canada"
"219",1989-04-01,4.5,529.2,10.45,16194,NA,13.5,1.06,-5155,229,94491.473316156,1.1954,"canada"
"220",1989-05-01,4.5,209.9,10.12,16137.6,NA,13.5,0.887149098081936,-5992.87040086337,308.478726320372,92964.6568288855,1.1888,"canada"
"221",1989-06-01,5.1,903.3,9.7,15507.8,NA,13.5,0.656133326528942,-6805.33565079919,339.858557418516,91454.3745388435,1.1925,"canada"
"222",1989-07-01,5.2,192.9,9.29,15875.7,NA,13.5,0.45,-7295,321,89960.53644603,1.1986,"canada"
"223",1989-08-01,5.3,684.1,9.18,16172.2,NA,13.5,0.329153179926413,-7268.75547106138,254.889521374092,88483.052550445,1.1891,"canada"
"224",1989-09-01,5.3,671.2,9.59,16676.6,NA,13.5,0.263423914828775,-6950.64517619111,165.017431264842,87021.8328520884,1.1758,"canada"
"225",1989-10-01,5.3,402.1,9.83,16442.3,NA,13.5,0.2,-6669,80,85576.7873509604,1.1828,"canada"
"226",1989-11-01,5.1,414.9,9.43,16408.3,NA,13.5,0.109941885916115,-6674.18178896518,22.9261511462248,84147.8260470608,1.1749,"canada"
"227",1989-12-01,5.3,759.6,9.69,16274.5,NA,13.5,0.0598006437855889,-6904.67623702897,-5.22457877417997,82734.8589403897,1.1697,"canada"
"228",1990-01-01,5.3,256.1,9.54,16795.8,NA,13.5,0.14,-7221,-9.00000000000001,81337.7960309472,1.1613,"canada"
"229",1990-02-01,5.5,658.1,9.95,15650.6,NA,13.5,0.391079276409126,-7485.96181752236,5.47994811508319,79956.5473187331,1.172,"canada"
"230",1990-03-01,5.5,161.5,10.65,13672.4,12.5,14.25,0.654040176695536,-7571.53876458191,25.8068097578038,78591.0228037475,1.1965,"canada"
"231",1990-04-01,5.3,740.2,11.15,14513.3,12.75,14.25,0.72,-7352,38,77241.1324859904,1.18,"canada"
"232",1990-05-01,5,752.8,11.61,14969.2,12.5,14.75,0.451666934373307,-6766.52649650095,33.6725749119609,75906.7863654617,1.1641,"canada"
"233",1990-06-01,4.4,1097,10.81,13975.1,14,14.75,-0.00188727649366105,-6013.94648242115,26.8121545577796,74587.8944421616,1.1747,"canada"
"234",1990-07-01,4.4,844.4,10.69,14606.5,13.88,14.75,-0.42,-5358,37,73284.3667160899,1.173,"canada"
"235",1990-08-01,4.1,1377.6,10.45,16019.7,14.5,14.75,-0.633302569457909,-5004.96923351087,75.3482707555917,71996.1131872468,1.157,"canada"
"236",1990-09-01,4.1,811.1,10.86,18473.3,14.25,14.25,-0.677602181832003,-4931.3049353631,119.092720159226,70723.0438556321,1.1448,"canada"
"237",1990-10-01,4.2,1668.2,11.3,18292.9,13.5,13.75,-0.64,-5056,137,69465.0687212459,1.1583,"canada"
"238",1990-11-01,4.7,1288.8,11.11,18129.7,13,13.75,-0.605123323208336,-5303.11508797407,105.971379102709,68222.0977840882,1.16,"canada"
"239",1990-12-01,5.1,867.1,10.7,18455.4,12.25,13.25,-0.647703996178326,-5616.98192427459,35.4465944349458,66994.041044159,1.1635,"canada"
"240",1991-01-01,5,699.7,10.4,18580.5,12.25,12.75,-0.84,-5947,-57,65780.8085014583,1.1603,"canada"
"241",1991-02-01,6.9,251.7,10.03,18874.5,12.63,12.25,-1.19768561919023,-6239.49634051876,-147.233787166429,64582.3101559861,1.156,"canada"
"242",1991-03-01,6.2,711.2,9.65,17511.5,11,11.25,-1.51010035197321,-6428.50810827929,-184.879097899009,63398.4560077424,1.1549,"canada"
"243",1991-04-01,6.2,518.5,9.62,17633.1,10.5,11.25,-1.51,-6445,-113,62229.1560567271,1.1572,"canada"
"244",1991-05-01,6.2,1055.8,9.53,16516.1,9.5,10.75,-1.03265271854928,-6268.56621661755,93.2971028963404,61074.3203029404,1.1535,"canada"
"245",1991-06-01,6.2,811.7,9.6,17882.8,11,9.75,-0.323376077410305,-6073.31897594158,330.736463827758,59933.8587463821,1.1499,"canada"
"246",1991-07-01,6.3,567.2,10.08,17133.3,8.88,9.75,0.27,-6082,464,58807.6813870523,1.1439,"canada"
"247",1991-08-01,6,628.7,9.9,17396.8,8.13,9.75,0.491629826720662,-6428.49805227031,399.304634840327,57695.698224951,1.1493,"canada"
"248",1991-09-01,6,727.9,9.66,18658.7,8.75,9.75,0.453604661614433,-6891.29006202845,209.007316662051,56597.8192600782,1.1452,"canada"
"249",1991-10-01,5.5,333.4,9.07,18740.7,9.5,9.5,0.36,-7160,7.00000000000006,55513.9544924339,1.137,"canada"
"250",1991-11-01,4.4,145.2,8.71,17556.8,14,8.75,0.362429707962925,-7029.88601874567,-113.960086702092,54444.0139220181,1.1279,"canada"
"251",1991-12-01,4.1,77,8.64,17984.3,8.75,8.5,0.402661134656277,-6718.74299816682,-145.654619364853,53387.9075488308,1.1302,"canada"
"252",1992-01-01,3.8,1037.7,8.24,16901.4,7.63,8,0.37,-6550,-101,52345.5453728719,1.1467,"canada"
"253",1992-02-01,1.6,294.3,8.33,16739,7.88,7.5,0.195318008094303,-6741.95787274702,0.646823079153563,51316.8373941416,1.1571,"canada"
"254",1992-03-01,1.6,839.9,8.33,16627,7.25,7.5,-0.0242492002395419,-7092.40461197091,114.166716352916,50301.6936126397,1.1825,"canada"
"255",1992-04-01,1.6,619.7,8.74,15273,7,8.25,-0.15,-7294,188,49300.0240283663,1.1928,"canada"
"256",1992-05-01,1.7,932.3,8.81,15481,6.5,7.75,-0.0855535921919908,-7139.61582359958,187.520942533626,48311.7386413214,1.1874,"canada"
"257",1992-06-01,1.3,1085.7,8.4,15397,6.25,7.5,0.0961875181537422,-6822.97188728286,145.839605805042,47336.747451505,1.1991,"canada"
"258",1992-07-01,1.1,194.5,8.18,15233,5.75,7,0.28,-6638,113,46374.9604589171,1.196,"canada"
"259",1992-08-01,1.2,294.9,7.41,15652,6.13,6.75,0.375785249562549,-6771.98624026206,121.491629008564,45426.2876635577,1.1924,"canada"
"260",1992-09-01,1.1,905.9,7.29,15685,4.88,6.5,0.393943572069017,-6985.63376482359,133.585971538029,44490.6390654268,1.1907,"canada"
"261",1992-10-01,1.3,565,7.88,12777,10,6.25,0.37,-6933,94,43567.9246645244,1.2225,"canada"
"262",1992-11-01,1.6,1307.2,7.62,13145,8.25,7.75,0.338708890238092,-6395.99477090773,-24.820791901214,42658.0544608504,1.2453,"canada"
"263",1992-12-01,1.7,831.1,8.08,10295,8.75,9.75,0.331741897273892,-5667.93749786724,-139.51682529049,41760.9384544049,1.2674,"canada"
"264",1993-01-01,2.2,984.5,7.86,11909,7.25,7.25,0.38,-5170,-139,40876.486645188,1.2725,"canada"
"265",1993-02-01,2,1343.3,7.98,11687,6.75,6.75,0.498638448744343,-5205.70134277369,40.5322793370332,40004.6090331995,1.2779,"canada"
"266",1993-03-01,2.4,1104.1,7.4,11509,6.38,6.5,0.639829579576155,-5607.9495770408,273.74058888319,39145.2156184395,1.2602,"canada"
"267",1993-04-01,1.9,1126.3,7.51,13150,5.25,6,0.74,-6092,388,38298.216400908,1.2471,"canada"
"268",1993-05-01,1.8,995.7,7.57,12258,5.5,6,0.753774351821574,-6435.12578392342,267.839822701229,37463.521380605,1.2621,"canada"
"269",1993-06-01,1.9,1162.3,7.48,12914,4.63,6,0.708569414051116,-6662.67160137697,26.4063216095826,36641.0405575305,1.2698,"canada"
"270",1993-07-01,1.7,1404.1,7.34,12062,4.5,6,0.65,-6862,-166,35830.6839316844,1.2789,"canada"
"271",1993-08-01,1.7,733.4,7.12,12100,4.13,5.75,0.615523403228621,-7106.3881141252,-186.632310882691,35032.3615030669,1.282,"canada"
"272",1993-09-01,1.8,772.7,6.75,10836,4.25,5.75,0.609966838293455,-7412.77142485871,-102.958467914112,34245.9832716778,1.308,"canada"
"273",1993-10-01,1.8,1418,7.04,11081,4.5,5.75,0.63,-7784,-29.9999999999999,33471.4592375172,1.3215,"canada"
"274",1993-11-01,1.9,1121.3,6.79,12893,4.25,5.75,0.675983887115796,-8175.54398179798,-48.3105791704661,32708.6994005852,1.3263,"canada"
"275",1993-12-01,1.9,1044.7,6.87,12075,4.13,5.5,0.763044714256547,-8353.35381029929,-100.572449953133,31957.6137608816,1.3174,"canada"
"276",1994-01-01,1.7,730.2,6.61,12776,4.13,5.5,0.91,-8036,-95,31218.1123184065,1.3308,"canada"
"277",1994-02-01,1.3,899.8,6.41,13076,3.88,5.5,1.12091141867857,-7093.2507734977,25.9116646015923,30490.1050731599,1.3173,"canada"
"278",1994-03-01,0.1,1309.2,6.96,12726,4.25,5.5,1.34081726764332,-5999.66518579599,182.54456402294,29773.5020251417,1.3424,"canada"
"279",1994-04-01,0.2,1443,7.97,11226,4.5,6.25,1.5,-5381,261,29068.2131743521,1.3644,"canada"
"280",1994-05-01,0.2,1394.7,8.23,10887,5,6.75,1.55037043816994,-5633.08255384086,186.99725409743,28374.1485207909,1.383,"canada"
"281",1994-06-01,-0.2,919.3,8.73,11211,6.5,6.75,1.53035288183684,-6232.02248355379,44.7275271947048,27691.2180644583,1.3808,"canada"
"282",1994-07-01,0,1631,9.29,11893,6.25,8,1.5,-6424,-42,27019.3318053541,1.3836,"canada"
"283",1994-08-01,0.1,2870.3,9.18,14819,5.88,7.5,1.49945868049353,-5698.71530743514,12.2474671568342,26358.3997434785,1.3826,"canada"
"284",1994-09-01,0.1,1569.9,8.73,14850,5.3,7.25,1.4892526864908,-4519.94858369256,139.397179050092,25708.3318788313,1.3783,"canada"
"285",1994-10-01,0.2,1866.7,8.82,15790,5,7,1.41,-3595,233,25069.0382114126,1.354,"canada"
"286",1994-11-01,-0.2,1881.5,9.08,14979,5.5,7,1.22957261763373,-3413.46362382597,209.04991431227,24440.4287412224,1.3503,"canada"
"287",1994-12-01,-0.1,2400.3,9.16,13478,6,7,1.0248585944222,-3594.10910760191,73.3133862345562,23822.4134682606,1.3647,"canada"
"288",1995-01-01,0.2,1851.3,9.13,12475,NA,8,0.9,-3538,-146,23214.9023925274,1.3893,"canada"
"289",1995-02-01,0.6,2716.5,9.21,13399,NA,9.25,0.917436034156726,-2861.3561231869,-399.447124405913,22617.8055140227,1.4132,"canada"
"290",1995-03-01,1.9,3192.3,8.48,14530,NA,9.5,0.972794417301893,-2041.02239330721,-552.650723988317,22031.0328327464,1.4005,"canada"
"291",1995-04-01,2.1,2609.6,8.59,14807,NA,9.75,0.92,-1769,-450,21454.4943486986,1.4077,"canada"
"292",1995-05-01,2.5,2661.3,8.35,14957,NA,9.75,0.662905467961584,-2487.63040194495,-20.7799352071362,20888.1000618794,1.3762,"canada"
"293",1995-06-01,2.9,2057.9,7.86,15220,NA,9.25,0.30507484748134,-3640.61613398408,466.141361570563,20331.7599722886,1.3609,"canada"
"294",1995-07-01,2.7,2671.1,7.93,15007,NA,8.75,1.11022302462516e-16,-4422,657,19785.3840799263,1.3775,"canada"
"295",1995-08-01,2.6,1892.8,8.37,16800,NA,8.25,-0.132761609706766,-4226.19634310738,323.677976345569,19248.8823847925,1.3612,"canada"
"296",1995-09-01,2.2,3119.2,7.96,16861,NA,8,-0.109390103523547,-3249.10566334908,-259.359166738379,18722.1648868872,1.3552,"canada"
"297",1995-10-01,2.2,3466.3,7.77,16193,NA,8,0.02,-1887,-692,18205.1415862103,1.3509,"canada"
"298",1995-11-01,2.3,3580,7.58,15720,NA,8,0.201474304198812,-520.362003403307,-683.413451656621,17697.722482762,1.3458,"canada"
"299",1995-12-01,2.1,3411.8,7.15,15061,NA,7.75,0.365818899946183,533.483231824833,-379.889879802234,17199.8175765421,1.3534,"canada"
"300",1996-01-01,1.7,3726.9,7.07,15227,NA,7.5,0.44,973,-37,16711.3368675508,1.3693,"canada"
"301",1996-02-01,1.6,3360.8,7.02,14980,NA,7.25,0.378345874392999,657.829541905795,147.827682132766,16232.1903557879,1.3669,"canada"
"302",1996-03-01,1.3,2846.7,7.51,14741,NA,7,0.244633022257332,92.3208841978964,209.733500762129,15762.2880412535,1.3752,"canada"
"303",1996-04-01,1.5,3078,7.63,17004,NA,6.75,0.13,-57.9999999999998,242,15301.5399239476,1.3656,"canada"
"304",1996-05-01,1.4,3853.1,7.79,17363,NA,6.5,0.110327383414376,644.414206150496,307.250871273706,14849.8560038702,1.3592,"canada"
"305",1996-06-01,1.5,4560.1,7.7,18394,NA,6.5,0.200463825839304,1725.19619434655,345.474395272237,14407.1462810213,1.3693,"canada"
"306",1996-07-01,1.5,3732.5,7.59,18731,NA,6.5,0.4,2482,266,13973.3207554009,1.3658,"canada"
"307",1996-08-01,1.3,3689.5,7.63,18691,NA,6.25,0.691085332690239,2404.95807793666,23.0947586983378,13548.2894270089,1.3697,"canada"
"308",1996-09-01,1.5,4332.7,7.46,19603,NA,5.75,0.986104266978044,1754.11656063814,-249.223674443668,13131.9622958455,1.3722,"canada"
"309",1996-10-01,1.5,3515.8,7.12,19493,NA,5.75,1.18,982.000000000001,-372,12724.2493619105,1.3694,"canada"
"310",1996-11-01,1.8,2762.4,6.41,20029,NA,5,1.20088684138022,446.160889510257,-235.555831992983,12325.0606252041,1.3508,"canada"
"311",1996-12-01,1.9,2750.2,6,20116,NA,4.75,1.10956355069296,124.263489026804,-7.32043823830588,11934.3060857261,1.3381,"canada"
"312",1997-01-01,2.2,3427,6.4,20578,NA,4.75,1,-101,76.0000000000001,11551.8957434766,1.3622,"canada"
"313",1997-02-01,2.2,3090.8,6.53,20889,NA,4.75,0.94647841289998,-326.268302644357,-138.834393689369,11177.7395984556,1.3494,"canada"
"314",1997-03-01,2.3,2940.9,6.4,21044,NA,4.75,0.944530419138995,-565.503850078695,-471.198276306812,10811.7476506631,1.3556,"canada"
"315",1997-04-01,1.9,2696.4,6.77,21638,NA,4.75,0.97,-812,-657,10453.8299000991,1.3725,"canada"
"316",1997-05-01,1.7,2170.9,6.63,19856,NA,4.75,1.00542172924208,-1091.90249374764,-513.365852508799,10103.8963467635,1.3942,"canada"
"317",1997-06-01,1.5,2141.3,6.46,21025,NA,4.75,1.06009255052883,-1562.76660723054,-182.293863941853,9761.85699065647,1.3804,"canada"
"318",1997-07-01,1.7,1738.7,6.29,21258,NA,4.75,1.15,-2415,113,9427.62183177791,1.3843,"canada"
"319",1997-08-01,1.7,2003.4,5.77,19553,NA,4.75,1.2744272627243,-3708.047648291,208.816322243083,9101.10087012785,1.3775,"canada"
"320",1997-09-01,1.8,1508.4,6,20081,NA,4.75,1.36584011948641,-4977.50379507321,179.521880222371,8782.20410570627,1.3905,"canada"
"321",1997-10-01,1.7,1741.4,5.74,20094,NA,4.75,1.34,-5628,159,8470.84153851318,1.3872,"canada"
"322",1997-11-01,1.5,1094.8,5.48,19536,NA,5.25,1.15501736800888,-5274.31432049578,245.952415388317,8166.92316854858,1.3869,"canada"
"323",1997-12-01,0.9,1868.9,5.62,18774,NA,5.5,0.938398823377394,-4371.8108050692,398.354491200516,7870.35899581247,1.4128,"canada"
"324",1998-01-01,0.8,2078,5.61,17969,NA,6,0.86,-3586,539,7581.05902030485,1.4271,"canada"
"325",1998-02-01,1.1,1370,5.38,18001,NA,6,1.02031808005498,-3414.13951417034,605.077719907351,7298.93324202572,1.4409,"canada"
"326",1998-03-01,1,1765.7,5.49,21310,NA,6.5,1.24241643885587,-3680.47520687219,591.356451271862,7023.89166097507,1.4334,"canada"
"327",1998-04-01,1,1800.6,5.37,22422,NA,6.5,1.28,-4041,507,6755.84427715292,1.4166,"canada"
"328",1998-05-01,0.9,2007.1,5.38,21786,NA,6.5,0.977043645104521,-4213.12762282288,369.847816093389,6494.70109055925,1.4298,"canada"
"329",1998-06-01,1.1,1542.9,5.31,20564,NA,6.5,0.538602087865797,-4159.9550341087,232.44192593426,6240.37210119408,1.4452,"canada"
"330",1998-07-01,1,1418.7,5.35,19974,NA,6.5,0.26,-3906,156,5992.76730905739,1.4655,"canada"
"331",1998-08-01,1,2067.6,5.47,22520,NA,6.5,0.353729561749158,-3497.46110564925,177.975460163539,5751.79671414919,1.4869,"canada"
"332",1998-09-01,0.9,2333.7,5.63,17965,NA,6.5,0.700952987458722,-3067.26021224857,240.764733879987,5517.37031646949,1.5346,"canada"
"333",1998-10-01,0.7,2291.5,4.95,19543,NA,7.25,1.1,-2770,263,5289.39811601827,1.5218,"canada"
"334",1998-11-01,1.1,2105.7,5.08,20115,NA,7,1.38840847826922,-2691.65758420975,190.731824733937,5067.79011279554,1.5452,"canada"
"335",1998-12-01,1.2,2152.9,5,23342,NA,6.75,1.56054892526228,-2643.70782060072,79.6843237309764,4852.4563068013,1.5404,"canada"
"336",1999-01-01,1,2346.7,4.89,23427,NA,6.75,1.65,-2369,13,4643.30669803554,1.5433,"canada"
"337",1999-02-01,0.7,3122,4.89,23445,NA,6.75,1.68337726591471,-1718.6492982525,49.0602038636753,4440.25128649828,1.5194,"canada"
"338",1999-03-01,0.7,2758.8,5.36,22355,NA,6.75,1.65944390408475,-976.834431274471,147.201674899811,4243.20007218951,1.4977,"canada"
"339",1999-04-01,1,2941.7,5.06,24958,NA,6.75,1.57,-536,242,4052.06305510922,1.5176,"canada"
"340",1999-05-01,1.6,3072.3,5.17,25317,NA,6.5,1.41956393955343,-634.374852409883,281.842174626176,3866.75023525743,1.4881,"canada"
"341",1999-06-01,1.5,2861.5,5.4,25201,NA,6.25,1.26352731025055,-893.324824671765,270.360828521632,3687.17161263412,1.4611,"canada"
"342",1999-07-01,1.6,3428.3,5.46,25806,NA,6.25,1.17,-780,225,3513.23718723931,1.4695,"canada"
"343",1999-08-01,1.9,3795.3,5.71,25612,NA,6.25,1.18762623513082,36.0005597438841,170.571097631619,3344.85695907298,1.489,"canada"
"344",1999-09-01,2.1,4602.2,5.72,25713,NA,6.25,1.28718759565377,1075.28187810968,161.355011013659,3181.94092813514,1.4932,"canada"
"345",1999-10-01,2.6,3557.7,5.72,26236,NA,6.25,1.42,1656,259,3024.39909442579,1.4771,"canada"
"346",1999-11-01,2.3,3309.6,6.05,26768,NA,6.25,1.54178297177513,1355.55779861953,493.873434847348,2872.14145794493,1.4776,"canada"
"347",1999-12-01,2.2,4181.2,6.12,28897,NA,6.5,1.62587045528252,788.345460381202,771.21912742373,2725.07801869256,1.4674,"canada"
"348",2000-01-01,2.6,3572.8,6.25,28646,NA,6.5,1.65,828,965,2583.11877666868,1.4722,"canada"
"349",2000-02-01,2.2,4740.1,6.55,28969,NA,6.5,1.60005669258348,2055.50898651873,988.638866682691,2446.17373187329,1.4486,"canada"
"350",2000-03-01,2.7,4217,6.12,29887,NA,6.75,1.49451576840133,3881.26220629144,913.39810892105,2314.15288430638,1.4512,"canada"
"351",2000-04-01,3,4956.3,5.92,31107,NA,7,1.36,5423,850,2186.96623396797,1.4608,"canada"
"352",2000-05-01,2.2,4252.2,6.15,30434,NA,7,1.22613840603909,6039.40625530555,863.200728051516,2064.52378085805,1.4689,"canada"
"353",2000-06-01,2.4,5164,6,29483,NA,7.5,1.13458498963069,6052.93904778637,833.892140595775,1946.73552497661,1.4957,"canada"
"354",2000-07-01,2.8,6510.7,5.83,30160,NA,7.5,1.13,6027,597,1833.51146632366,1.477,"canada"
"355",2000-08-01,2.9,5448.2,5.88,30222,NA,7.5,1.2261304240009,6384.01414040722,74.3730359260578,1724.76160489921,1.4778,"canada"
"356",2000-09-01,2.6,5607.4,5.67,30578,NA,7.5,1.31307019900185,6982.50012108161,-464.448152785629,1620.39594070324,1.4828,"canada"
"357",2000-10-01,2.7,5896.4,5.73,30697,NA,7.5,1.25,7540,-663,1520.32447373576,1.4864,"canada"
"358",2000-11-01,2.8,6333.9,5.81,30544,NA,7.5,0.952302860920285,7865.12977565818,-293.433612496488,1424.45720399677,1.5125,"canada"
"359",2000-12-01,3.2,5911,5.5,31077,NA,7.5,0.560171251398936,8130.80120862792,357.641211287484,1332.70413148627,1.5426,"canada"
"360",2001-01-01,3.2,7041.4,5.4,32424,NA,7.5,0.27,8601,875,1244.97525620426,1.5219,"canada"
"361",2001-02-01,3,8524.8,5.39,32838,NA,7.25,0.220954428614259,9411.54083103416,955.546599245081,1161.18057815073,1.5032,"canada"
"362",2001-03-01,2.9,6669.1,5.34,32911,NA,7.25,0.323281832439438,10185.554303666,744.698122450508,1081.2300973257,1.5216,"canada"
"363",2001-04-01,2.4,6956.5,5.39,33512,NA,6.75,0.43,10418,500,1005.03381372916,1.5587,"canada"
"364",2001-05-01,3.5,6569.7,5.79,33207,NA,6.5,0.42499053573379,9761.07727057557,418.136104405053,932.5017273611,1.5578,"canada"
"365",2001-06-01,3.9,6400.4,5.83,33261,NA,6.25,0.315590307732199,8495.94453967115,452.344076688262,863.543838221534,1.5411,"canada"
"366",2001-07-01,3.4,5284,5.91,33015,NA,6.25,0.14,7061,495,798.070146310457,1.5245,"canada"
"367",2001-08-01,2.7,5249.9,5.66,33804,NA,6,-0.0542499048827533,5809.63156814504,462.242316468041,735.99065162787,1.5308,"canada"
"368",2001-09-01,2.8,4629.3,5.36,35030,NA,5.75,-0.1823097300349,4755.18605616793,365.258904129777,677.215354173771,1.5399,"canada"
"369",2001-10-01,2.6,4910.9,5.34,34219,NA,5.25,-0.15,3826,239,621.654253948162,1.5679,"canada"
"370",2001-11-01,1.9,3792.8,4.86,34955,NA,4.5,0.100157231945371,3020.43349388129,115.709444537597,569.217350951042,1.5717,"canada"
"371",2001-12-01,0.6,5655.2,5.21,34585,NA,4,0.478833797592585,2616.94086528674,16.8054919778165,519.814645182411,1.5922,"canada"
"372",2002-01-01,0.7,4872.6,5.35,34248,NA,4,0.86,2964,-39,473.356136642269,1.5788,"canada"
"373",2002-02-01,1.3,5664.7,5.44,33644,NA,3.75,1.13473208821238,4219.30112299646,-42.8578723962061,429.751825330616,1.5997,"canada"
"374",2002-03-01,1.4,5076.6,5.34,34180,NA,3.75,1.26253009522011,5777.38381601844,-25.3697609299315,388.911711247453,1.5964,"canada"
"375",2002-04-01,1.9,4404.6,5.78,34029,NA,3.75,1.22,6842,-27,350.745794392778,1.5877,"canada"
"376",2002-05-01,1.7,5547.7,5.61,34956,NA,4,1.01165515594585,6843.06571783658,-73.9446216194389,315.164074766593,1.5815,"canada"
"377",2002-06-01,1.1,5103.6,5.53,35676,NA,4,0.753638414119549,6115.15350026914,-135.32644825809,282.076552368897,1.5502,"canada"
"378",2002-07-01,1.2,2726.9,5.47,37190,NA,4.25,0.59,5219,-166,251.39322719969,1.5318,"canada"
"379",2002-08-01,2.1,4997.3,5.28,36410,NA,4.5,0.619758399115331,4599.21378343499,-139.178455940853,223.024099258972,1.5456,"canada"
"380",2002-09-01,2.5,4068.1,5.07,37096,NA,4.5,0.761805137190578,4235.89107179389,-101.509631222892,196.879168546744,1.5694,"canada"
"381",2002-10-01,2.3,4670.8,4.9,36615,NA,4.5,0.89,3993,-118,172.868435063004,1.5761,"canada"
"382",2002-11-01,3.2,5331.7,5.02,37256,NA,4.5,0.908570506852084,3771.07914842347,-225.119332394926,150.901898807754,1.578,"canada"
"383",2002-12-01,4.4,4498.6,5.13,36501,NA,4.5,0.843215111192215,3616.94887922196,-345.190582405895,130.889559780992,1.5715,"canada"
"384",2003-01-01,3.8,3762.4,4.79,37169,NA,4.5,0.75,3614,-372,112.74141798272,1.5592,"canada"
"385",2003-02-01,4.5,4771.7,5.02,37635,NA,4.5,0.668922536439294,3770.46962287114,-236.418288553516,96.3674734129374,1.5414,"canada"
"386",2003-03-01,4.7,4847.5,4.94,35901,NA,4.5,0.575704788410934,3793.98007798495,-17.6539650794521,81.6777260716437,1.5121,"canada"
"387",2003-04-01,4.2,5525.8,5.08,35926,NA,4.75,0.43,3317,168,68.5821759588391,1.4761,"canada"
"388",2003-05-01,2.9,4078.4,4.9,36263,NA,5,0.213517125168516,2174.11643416604,232.866560683065,56.9908230745236,1.4582,"canada"
"389",2003-06-01,2.8,3529.6,4.48,37423,NA,5,-0.00381204261372764,1008.3900680975,203.73236864963,46.8136674186973,1.384,"canada"
"390",2003-07-01,2.6,3545.8,4.53,36699,NA,5,-0.13,664.999999999999,136,37.9607089913601,1.3525,"canada"
"391",2003-08-01,2.1,4330,4.92,35765,NA,4.75,-0.0970651111874333,1691.02760342768,76.8038976731097,30.3419477925121,1.3821,"canada"
"392",2003-09-01,2,4720.5,4.87,35290,NA,4.75,0.0669507894513841,3441.16335332876,40.2059719624145,23.8673838221532,1.3963,"canada"
"393",2003-10-01,2.2,5393.1,4.56,36678,NA,4.5,0.31,4972,32,18.4470170802835,1.3634,"canada"
"394",2003-11-01,1.6,4900.4,4.84,35856,NA,4.5,0.576595171433069,5582.06944841955,55.325256031904,13.9908475669029,1.3221,"canada"
"395",2003-12-01,1.6,4453.8,4.84,36093,NA,4.5,0.797490366289673,5537.66022229116,102.703002759972,10.4088752820115,1.313,"canada"
"396",2004-01-01,2.1,4847.9,4.66,36268,NA,4.5,0.9,5347,164,7.61110022560916,1.3128,"canada"
"397",2004-02-01,1.3,4890.5,4.53,36366,NA,4.25,0.845499240269973,5428.06497326451,223.265448569645,5.50752239769601,1.2958,"canada"
"398",2004-03-01,0.7,5419.6,4.36,36083,NA,4.25,0.731606263908444,5837.82538713623,241.278313293995,4.00814179827201,1.3299,"canada"
"399",2004-04-01,0.8,5231.3,4.32,36412,NA,4,0.69,6543,173,3.02295842733715,1.3286,"canada"
"400",2004-05-01,1.7,6314.7,4.71,35113,NA,3.75,0.810667126746299,7459.48547333724,7.3536904302577,2.46197228489143,1.342,"canada"
"401",2004-06-01,2.4,5058.2,4.86,35978,NA,3.75,1.01682531881729,8299.89008101577,-130.890330010027,2.23518337093486,1.3789,"canada"
"402",2004-07-01,2.5,7590.9,4.95,35418,NA,3.75,1.19,8726,-83,2.25259168546743,1.3578,"canada"
"403",2004-08-01,2.3,5722.6,4.82,35281,NA,3.75,1.23961003052261,8530.0672074606,244.430900820436,2.42419722848914,1.3225,"canada"
"404",2004-09-01,1.8,5999,4.61,35891,NA,3.75,1.18664801637795,8026.20688139328,683.505228968336,2.66,1.3127,"canada"
"405",2004-10-01,1.8,4443.5,4.63,36265,NA,4,1.08,7659,1001,2.87,1.2881,"canada"
"406",2004-11-01,2.3,4835.1,4.47,36460,NA,4.25,0.959411269681783,7705.13458570925,1025.51529888059,2.93,1.2469,"canada"
"407",2004-12-01,2.4,4649.4,4.45,34071,NA,4.25,0.828064097152405,7769.72683785557,832.943488210756,2.75,1.1968,"canada"
"408",2005-01-01,2.1,4193.4,4.3,34467,NA,4.25,0.68,7290,561,2.7,1.2189,"canada"
"409",2005-02-01,1.9,3731,4.22,34590,NA,4.25,0.519041187046555,5919.61667192462,330.80419995349,2.67,1.2248,"canada"
"410",2005-03-01,2.1,4378.4,4.29,35561,NA,4.25,0.38813263204947,4177.99687829557,197.09118855901,2.78,1.2401,"canada"
"411",2005-04-01,2.3,4089,4.32,36250,NA,4.25,0.34,2801,198,3,1.216,"canada"
"412",2005-05-01,2.4,4601.8,4.21,35602,NA,4.25,0.409238796946813,2349.47280066634,334.712345749893,2.82,1.2359,"canada"
"413",2005-06-01,1.6,3960.2,3.98,35034,NA,4.25,0.557923893168233,2684.21157488809,460.580646442094,2.73,1.2555,"canada"
"414",2005-07-01,1.7,3968.1,3.81,34924,NA,4.25,0.73,3491,392,2.73,1.2402,"canada"
"415",2005-08-01,2,4524.6,3.93,33328,NA,4.25,0.876596217758787,4530.75138466927,57.4945651950852,2.98,1.2229,"canada"
"416",2005-09-01,2.6,5500.3,3.78,34299,NA,4.25,0.977579202685005,5864.89756289282,-165.895255808868,2.94,1.2043,"canada"
"417",2005-10-01,3.2,6166.4,3.96,33599,NA,4.5,1.02,7630,211,3.3,1.1777,"canada"
"418",2005-11-01,2.6,7477.8,4.17,34214,NA,4.75,1.00289485053656,9790.26240139733,1439.23531939569,3.53,1.1774,"canada"
"419",2005-12-01,2,6103.8,4.07,34199,NA,4.75,0.973240777573229,11620.4574327999,2817.40778420078,3.8,1.1815,"canada"
"420",2006-01-01,2.1,6462.4,3.98,33018,NA,5,0.99,12223,3406,3.94,1.1615,"canada"
"421",2006-02-01,2.8,5519,4.17,32959,NA,5.25,1.08182438009498,11026.791602334,2586.97156462956,3.87,1.1572,"canada"
"422",2006-03-01,2.2,4755.3,4.13,32684,NA,5.25,1.15612435368875,8766.68011331496,1028.19004493166,4.02,1.1489,"canada"
"423",2006-04-01,2.2,4085.3,4.26,36034,NA,5.5,1.09,6504,-280.999999999999,4.06,1.1573,"canada"
"424",2006-05-01,2.4,3807.7,4.5,35716,NA,5.75,0.807955777231677,5074.20081889625,-607.010466802801,4.21,1.1441,"canada"
"425",2006-06-01,2.8,3205.9,4.48,35685,NA,6,0.424113659523643,4409.19248431063,-239.279075038515,4.33,1.11,"canada"
"426",2006-07-01,2.4,3472.2,4.61,35916,NA,6,0.1,4215,277,4.52,1.1137,"canada"
"427",2006-08-01,2.3,3565.7,4.34,36395,NA,6,-0.0395734149476099,4240.36808504393,523.959191470539,4.31,1.1294,"canada"
"428",2006-09-01,2.1,3225.4,4.11,35853,NA,6,-0.016653065857389,4404.92031981288,593.037366333516,4.19,1.1182,"canada"
"429",2006-10-01,0.7,4115.7,4.01,36017,NA,6,0.11,4671,703,4.11,1.1161,"canada"
"430",2006-11-01,1,2770.8,4.02,35643,NA,6,0.283671215892096,4973.14165574283,1000.69221943916,4.15,1.1285,"canada"
"431",2006-12-01,1.4,3555.1,3.9,36477,NA,6,0.455831937239247,5134.64475495637,1345.2777578526,4.07,1.1359,"canada"
"432",2007-01-01,1.7,5383.3,4.08,35063,NA,6,0.58,4951,1524,4.16,1.1532,"canada"
"433",2007-02-01,1.1,4647.9,4.17,35908,NA,6,0.626370032860706,4343.25047716995,1406.42007892095,4.21,1.1763,"canada"
"434",2007-03-01,2,4037.6,4.03,36310,NA,6,0.63184383541892,3734.6488085098,1191.3701207746,4.19,1.171,"canada"
"435",2007-04-01,2.3,4441.1,4.11,39309,NA,6,0.65,3674,1160,4.19,1.1682,"canada"
"436",2007-05-01,2.2,5570.9,4.15,40183,NA,6,0.715663467479895,4462.00458372554,1489.88672413629,4.3,1.135,"canada"
"437",2007-06-01,2.2,5337.1,4.49,40096,NA,6,0.788644572936924,5406.94519618962,1944.31583312306,4.56,1.0951,"canada"
"438",2007-07-01,2.2,3770.9,4.55,39413,NA,6,0.81,5569,2183,4.7,1.0651,"canada"
"439",2007-08-01,2.2,2559.8,4.53,40303,NA,6.25,0.742457578701198,4340.65711385384,1960.88487638575,4.74,1.0502,"canada"
"440",2007-09-01,1.7,3788.6,4.43,40301,NA,6.25,0.635429724685237,2443.64448080581,1413.84802821465,4.34,1.0579,"canada"
"441",2007-10-01,2.5,2612.9,4.34,40982,NA,6.25,0.56,932,773,4.24,1.0267,"canada"
"442",2007-11-01,2.4,3092.5,4.31,40797,NA,6.25,0.56006177327087,592.292886785045,252.499696246654,4.33,0.9754,"canada"
"443",2007-12-01,2.5,3773.7,3.98,40852,NA,6.25,0.570747639433239,1141.21762132788,-1.300538574249,3.94,0.9672,"canada"
"444",2008-01-01,2.4,1961.5,3.99,41081,NA,6,0.5,2028,141,3.9,1.0021,"canada"
"445",2008-02-01,2.2,2484.8,3.88,42261,4.25,5.75,0.290999031919025,2797.46763530228,722.857079368379,3.29,1.0099,"canada"
"446",2008-03-01,1.8,3784.1,3.65,43613,4,5.75,0.0278760138781028,3376.85540425305,1443.94671867494,2.95,0.9986,"canada"
"447",2008-04-01,1.4,5727.2,3.44,43057,4,5.25,-0.17,3789,1918,2.52,1.0029,"canada"
"448",2008-05-01,1.7,4976,3.59,43602,3.5,4.75,-0.214428271317341,4086.7995349688,1873.47939368724,2.69,1.0137,"canada"
"449",2008-06-01,2.2,5623.7,3.71,43588,3,4.75,-0.14188132457528,4443.39779869697,1497.77292313375,2.82,0.9993,"canada"
"450",2008-07-01,3.1,5060.8,3.74,43855,3,4.75,-0.02,5062,1093,3.15,1.0166,"canada"
"451",2008-08-01,3.4,5592.2,3.62,42659,3,4.75,0.0881955348318214,5903.07496556327,909.225345882669,2.86,1.013,"canada"
"452",2008-09-01,3.5,5679.9,3.53,42594,3,4.75,0.138167802941535,5956.14599355168,988.294922123383,2.68,1.0535,"canada"
"453",2008-10-01,3.4,3447.8,3.76,42980,3,4.75,0.09,3968,1320,2.63,1.0582,"canada"
"454",2008-11-01,2.6,2610.1,3.76,41402,3,4,-0.0868723865284629,-726.988286110778,1849.91551907838,1.88,1.1847,"canada"
"455",2008-12-01,2,386.6,3.32,41565,2.25,4,-0.385604702005676,-6444.0928840148,2346.75109207642,1.61,1.2171,"canada"
"456",2009-01-01,1.2,-1703.6,2.69,43872,2.25,3.5,-0.79,-10911,2535,0.85,1.2337,"canada"
"457",2009-02-01,1.1,-1767.1,3.06,42729,1.5,3,-1.25885413686612,-12473.7144137128,2233.89035558158,1.03,1.2248,"canada"
"458",2009-03-01,1.4,-44.7,2.93,43193,1,3,-1.65093418010401,-11951.5151982332,1641.58959845983,0.76,1.2452,"canada"
"459",2009-04-01,1.2,1079.3,2.68,43524,1,2.5,-1.8,-10782,1051,0.59,1.2645,"canada"
"460",2009-05-01,0.4,-676.2,2.89,42624,0.5,2.25,-1.59845180674781,-10145.4873923715,680.782317854574,0.44,1.2242,"canada"
"461",2009-06-01,0.1,-1543.6,3.29,44870,0.25,2.25,-1.17325117017086,-10193.1796563857,452.631254825008,0.5,1.1528,"canada"
"462",2009-07-01,-0.3,97.3,3.36,44662,0.25,2.25,-0.71,-10819,214,0.51,1.1264,"canada"
"463",2009-08-01,-0.9,-782.4,3.46,45414,0.25,2.25,-0.351042339846361,-11843.7804612455,-100.871478851725,0.6,1.1229,"canada"
"464",2009-09-01,-0.8,-1561.3,3.37,53571,0.25,2.25,-0.0656907688421866,-12795.9883984464,-210.596099241342,0.51,1.0872,"canada"
"465",2009-10-01,-0.9,-821.4,3.31,58162,0.25,2.25,0.22,-13131,253,0.57,1.0816,"canada"
"466",2009-11-01,0.1,360,3.42,56236,0.25,2.25,0.557435980948067,-12527.5759478315,1435.14804199677,0.57,1.0547,"canada"
"467",2009-12-01,1,-334.5,3.22,56420,0.25,2.25,0.907866097391455,-11558.0148979769,2589.30869769591,0.46,1.0593,"canada"
"468",2010-01-01,1.3,-778.8,3.61,54357,0.25,2.25,1.21,-11018,2746,0.69,1.0537,"canada"
"469",2010-02-01,1.9,394,3.35,56977,0.25,2.25,1.40944656420224,-11452.434265947,1322.79782938317,0.53,1.0438,"canada"
"470",2010-03-01,1.6,61.2,3.39,57342,0.25,2.25,1.47941156446155,-12403.1001577941,-714.490543394166,0.6,1.0572,"canada"
"471",2010-04-01,1.4,-1255.8,3.56,56669,0.25,2.25,1.4,-13161,-2013,0.96,1.0229,"canada"
"472",2010-05-01,1.8,109.6,3.58,56843,0.25,2.25,1.17107405853926,-13281.2425439361,-1635.45047064054,1.26,1.0052,"canada"
"473",2010-06-01,1.4,-860.2,3.35,56027,0.25,2.25,0.871524681799379,-13375.3622486245,-306.902079674804,1.17,1.0403,"canada"
"474",2010-07-01,1,-1396.2,3.08,55393,0.5,2.5,0.6,-14319,832,1.01,1.0376,"canada"
"475",2010-08-01,1.8,-2071,3.11,57311,0.5,2.75,0.435146090529606,-16564.1511138642,944.189238364186,1.14,1.0422,"canada"
"476",2010-09-01,1.7,-1771.5,2.77,57925,0.75,2.75,0.375600819452043,-18868.2286254858,406.913676908196,1.01,1.0404,"canada"
"477",2010-10-01,1.9,-2333.8,2.76,59546,1,3,0.4,-19565,-98.9999999999994,1.23,1.033,"canada"
"478",2010-11-01,2.4,-1182.5,2.8,58948,1,3,0.488341579342318,-17581.7455931996,-62.2324087421281,1.18,1.0179,"canada"
"479",2010-12-01,2,-512.8,3.06,56571,1,3,0.626072040392449,-14219.7973235066,350.506631301282,1.36,1.0129,"canada"
"480",2011-01-01,2.4,1115.7,3.13,57151,1,3,0.8,-11374,803,1.4,1.0081,"canada"
"481",2011-02-01,2.3,513.3,3.28,58707,1,3,0.97815425876779,-10473.607254078,1031.37002623396,1.29,0.9939,"canada"
"482",2011-03-01,2.2,-34.8,3.29,60332,1,3,1.05344435231149,-11085.5080064139,1061.09683492372,1.4,0.9876,"canada"
"483",2011-04-01,3.3,-934.7,3.32,60606,1,3,0.9,-12311,990,1.36,0.9766,"canada"
"484",2011-05-01,3.3,-503.5,3.21,63018,1,3,0.469411755956892,-13372.3068719699,899.937488991486,1.38,0.958,"canada"
"485",2011-06-01,3.3,-1310.8,2.97,64002,1,3,0.0231135133245374,-13975.355836023,808.92084381867,1.24,0.968,"canada"
"486",2011-07-01,3.1,-922.9,3.12,62488,1,3,-0.1,-13947,719,1.24,0.9766,"canada"
"487",2011-08-01,2.7,119.8,2.79,63238,1,3,0.310865384071309,-13218.5726654497,625.435573355653,1.2,0.9553,"canada"
"488",2011-09-01,3.1,-85.8,2.49,64493,1,3,0.954101594390357,-12139.3279087533,496.330900912715,0.97,0.9817,"canada"
"489",2011-10-01,3.2,1235.6,2.15,63718,1,3,1.4,-11163,293,0.83,1.0025,"canada"
"490",2011-11-01,2.9,-410.4,2.29,65428,1,3,1.33897855960972,-10656.5506143795,8.98688425256898,0.94,1.0198,"canada"
"491",2011-12-01,2.9,654.3,2.19,65740,1,3,0.941961590595518,-10639.8510474824,-233.24444746953,0.92,1.0248,"canada"
"492",2012-01-01,2.3,2432.7,1.96,65819,1,3,0.5,-11046,-279,0.92,1.0235,"canada"
"493",2012-02-01,2.5,-71.9,1.9,66376,1,3,0.244331488600907,-11801.2619140695,-34.3090362918546,0.98,1.013,"canada"
"494",2012-03-01,2.6,-45.5,1.98,69795,1,3,0.16694093211646,-12804.5641976133,351.906148224663,1.05,0.9967,"canada"
"495",2012-04-01,1.9,-493.4,2.12,69350,1,3,0.2,-13948,670,1.08,0.9938,"canada"
"496",2012-05-01,2,-702.8,2.05,69544,1,3,0.279991782282945,-15098.6980256389,756.767779433368,1.27,0.9928,"canada"
"497",2012-06-01,1.2,-1659.9,1.67,68699,1,3,0.360645051309013,-16023.9291991015,634.768002719027,1.03,1.0097,"canada"
"498",2012-07-01,1.5,-1749.7,1.76,66218,1,3,0.4,-16466,373,0.97,1.028,"canada"
"499",2012-08-01,1.3,-2902.9,1.7,66321,1,3,0.369034715600648,-16277.7237611526,51.6453259657904,1.06,1.0142,"canada"
"500",2012-09-01,1.2,-1513.6,1.78,67182,1,3,0.290478862647489,-15753.9412282028,-204.385566508178,1.14,0.9924,"canada"
"501",2012-10-01,1.2,-732.7,1.73,68141,1,3,0.2,-15300,-259,1.07,0.9783,"canada"
"502",2012-11-01,1.2,-203.2,1.78,68053,1,3,0.132758244203352,-15204.4439667876,-32.9416758891221,1.06,0.9872,"canada"
"503",2012-12-01,0.8,-1924.6,1.7,68222,1,3,0.121883942545477,-15288.6021843837,325.70018923961,1.07,0.997,"canada"
"504",2013-01-01,0.8,-16.1,1.81,68546,1,3,0.2,-15257,612,1.09,0.9898,"canada"
"505",2013-02-01,0.5,-621.5,1.99,68890,1,3,0.377710085363724,-14910.8337050303,679.121377590698,1.06,0.9921,"canada"
"506",2013-03-01,1.2,-598.9,1.86,69358,1,3,0.57754092272616,-14437.9833675959,612.584809549738,1,1.0098,"canada"
"507",2013-04-01,1,-443.4,1.76,70208,1,3,0.7,-14123,556,1.03,1.0244,"canada"
"508",2013-05-01,0.4,-772.9,1.69,71635,1,3,0.678623636563976,-14147.11010198,604.382091452256,1.02,1.0187,"canada"
"509",2013-06-01,0.7,-1155.2,2.08,70695,1,3,0.579063477660994,-14278.2421230105,658.367979968846,1.08,1.0196,"canada"
"510",2013-07-01,1.2,-21.4,2.44,68886,1,3,0.5,-14181,570,1.14,1.0314,"canada"
"511",2013-08-01,1.3,-1045,2.45,69757,1,3,0.515202775787778,-13664.3184796422,246.239145489166,1.13,1.0402,"canada"
"512",2013-09-01,1.1,-659,2.62,69928,1,3,0.598797759222456,-13114.4555477696,-186.278951647344,1.1,1.0407,"canada"
"513",2013-10-01,1.1,275.8,2.54,71392,1,3,0.7,-13062,-546,1.05,1.0342,"canada"
"514",2013-11-01,0.7,-480.2,2.42,71497,1,3,0.771676371396022,-13803.9863498217,-698.968303038549,1,1.0363,"canada"
"515",2013-12-01,0.9,-1230.3,2.55,72038,1,3,0.781301041004736,-14703.2319822073,-701.622543749841,1,1.0486,"canada"
"516",2014-01-01,1.2,-535.4,2.77,71937,1,3,0.7,-14889,-658,0.99,1.0639,"canada"
"517",2014-02-01,1.5,-337.5,2.34,72778,1,3,0.524017664554058,-13780.810195145,-606.773340742377,0.94,1.094,"canada"
"518",2014-03-01,1.1,885.9,2.32,77169,1,3,0.350072150832675,-11959.2091159939,-325.156799279219,0.95,1.1054,"canada"
"519",2014-04-01,1.5,954.9,2.46,76450,1,3,0.3,-10295,475,0.96,1.1107,"canada"
"520",2014-05-01,2,-960.6,2.4,77295,1,3,0.450771488906265,-9442.95805478351,1863.69129563769,1,1.0992,"canada"
"521",2014-06-01,2.3,576,2.25,77885,1,3,0.699891837146044,-9193.74636863203,3038.28677790375,0.99,1.0894,"canada"
"522",2014-07-01,2.4,1830,2.24,75874,1,3,0.9,-9122,2978,1.01,1.083,"canada"
"523",2014-08-01,2.1,2200,2.16,75466,1,3,0.943266750191254,-8924.39462275799,1281.15630633978,1.03,1.0739,"canada"
"524",2014-09-01,2.1,-463,1.99,75614,1,3,0.879990130212777,-8785.76837244097,22.528206182722,1.02,1.0926,"canada"
"525",2014-10-01,2,310,2.15,73687,1,3,0.8,-9013,1896,1,1.1011,"canada"
"526",2014-11-01,2.4,-327,2.04,73912,1,3,0.765050399217607,-9842.27826899933,8378.498293818,0.98,1.1212,"canada"
"527",2014-12-01,2,-640,1.84,74111,1,3,0.724592086447292,-11227.0319934559,16079.1189158839,0.98,1.1325,"canada"
"528",2015-01-01,1.5,-1218,1.79,74700,1,3,0.6,-13050,20390,0.99,1.1532,"canada"
"529",2015-02-01,1,-1475,1.15,74837,0.75,2.85,0.344679801086466,-15126.1219308743,18253.2208887586,0.49,1.2122,"canada"
"530",2015-03-01,1,-2215,1.3,74768,0.75,2.85,0.0401600425165743,-16999.1406907723,12810.6257599114,0.56,1.2499,"canada"
"531",2015-04-01,1.2,-3853,1.37,77681,0.75,2.85,-0.2,-18145,8754,0.58,1.2618,"canada"
"532",2015-05-01,0.8,-2974,1.58,77843,0.75,2.85,-0.288214048007914,-18209.6784519478,9612.39592892537,0.71,1.2337,"canada"
"533",2015-06-01,0.9,-2718.2,1.62,77269,0.75,2.85,-0.240787812069145,-17519.2941323437,14263.9336000261,0.67,1.2176,"canada"
"534",2015-07-01,1,-920.8,1.68,76395,0.75,2.85,-0.1,-16570,20424,0.58,1.2365,"canada"
"535",2015-08-01,1.3,-360.3,1.441,76981,0.5,2.85,0.0970652798340796,-15823.9420391123,26040.5287288733,0.41,1.2863,"canada"
"536",2015-09-01,1.3,-2219.7,1.493,77853,0.5,2.7,0.334102316871117,-15607.2383354086,29991.6398399844,0.41,1.3147,"canada"
"537",2015-10-01,1,-2113.1,1.432,78436,0.5,2.7,0.6,-16212,31388,0.49,1.3266,"canada"
"538",2015-11-01,1,-2487.9,1.542,79153,0.5,2.7,0.883647218109619,-17930.3381439976,29340.2758755868,0.5,1.3072,"canada"
"539",2015-12-01,1.4,-1984.6,1.57,78212,0.5,2.7,1.17393286008886,-21054.3638785124,22959.1341334115,0.55,1.3279,"canada"
"540",2016-01-01,1.6,-584.9,1.394,79753,0.5,2.7,1.45974581482662,-25876.1883146557,11355.2414401407,0.49,1.3713,"canada"
"541",2016-02-01,2,NA,1.225,81182,0.5,2.7,1.72997497121177,-32687.9225635385,-6360.73553755888,0.45,1.4208,"canada"
"542",2016-03-01,NA,NA,1.12,NA,NA,2.7,1.97350921813322,-41781.677736272,-31078.1301330206,0.46,1.39,"canada"
