"","Date","Infl_f","BOT_f","Yield_f","FER_f","Int_f","GDPG_f","CA_f","Exchange","Country"
"1",1971-02-01,NA,-573,NA,NA,NA,-531278.661209377,7135958349.45289,7.4846,"denmark"
"2",1971-03-01,NA,-580,NA,NA,NA,-524911.810812536,7084137528.52769,7.4854,"denmark"
"3",1971-04-01,NA,-1131,NA,NA,NA,-518596.023216164,7032568182.85256,7.4808,"denmark"
"4",1971-05-01,NA,-334,NA,NA,NA,-512331.092864705,6981249700.79785,7.4887,"denmark"
"5",1971-06-01,NA,-595,NA,NA,NA,-506116.814202605,6930181470.73394,7.4998,"denmark"
"6",1971-07-01,NA,-792,NA,NA,NA,-499952.981674306,6879362881.03119,7.4949,"denmark"
"7",1971-08-01,NA,-563,NA,NA,NA,-493839.389724254,6828793320.05999,7.4993,"denmark"
"8",1971-09-01,NA,-241,NA,NA,NA,-487775.832796894,6778472176.1907,7.444,"denmark"
"9",1971-10-01,NA,-471,NA,NA,NA,-481762.105336669,6728398837.7937,7.3141,"denmark"
"10",1971-11-01,NA,-374,NA,NA,NA,-475798.001788024,6678572693.23934,7.2634,"denmark"
"11",1971-12-01,NA,-587,NA,NA,NA,-469883.316595404,6628993130.898,7.2594,"denmark"
"12",1972-01-01,NA,-652,NA,NA,NA,-464017.844203252,6579659539.14006,7.1465,"denmark"
"13",1972-02-01,NA,-264,NA,NA,NA,-458201.379056014,6530571306.33588,7.0331,"denmark"
"14",1972-03-01,NA,-431,NA,NA,NA,-452433.715598134,6481727820.85583,6.99,"denmark"
"15",1972-04-01,NA,-488,NA,NA,NA,-446714.648274056,6433128471.07028,6.9635,"denmark"
"16",1972-05-01,NA,-225,NA,NA,NA,-441043.971528225,6384772645.34961,6.9924,"denmark"
"17",1972-06-01,NA,-166,NA,NA,NA,-435421.479805085,6336659732.06418,6.9775,"denmark"
"18",1972-07-01,NA,-73,NA,NA,NA,-429846.96754908,6288789119.58437,6.9767,"denmark"
"19",1972-08-01,NA,-546,NA,NA,NA,-424320.229204656,6241160196.28054,6.9597,"denmark"
"20",1972-09-01,NA,-508,NA,NA,NA,-418841.059216256,6193772350.52307,6.9261,"denmark"
"21",1972-10-01,NA,-426,NA,NA,NA,-413409.252028325,6146624970.68232,6.9521,"denmark"
"22",1972-11-01,NA,-414,NA,NA,NA,-408024.602085307,6099717445.12866,6.9189,"denmark"
"23",1972-12-01,NA,-668,NA,NA,NA,-402686.903831648,6053049162.23248,6.8921,"denmark"
"24",1973-01-01,NA,-339,NA,NA,NA,-397395.95171179,6006619510.36413,6.849,"denmark"
"25",1973-02-01,NA,-1306,NA,NA,NA,-392151.540170179,5960427877.89398,6.8797,"denmark"
"26",1973-03-01,NA,-366,NA,NA,NA,-386953.46365126,5914473653.19242,6.5097,"denmark"
"27",1973-04-01,NA,-506,NA,NA,NA,-381801.516599476,5868756224.6298,6.1449,"denmark"
"28",1973-05-01,NA,-795,NA,NA,NA,-376695.493459272,5823274980.5765,6.2121,"denmark"
"29",1973-06-01,NA,-1175,NA,NA,NA,-371635.188675092,5778029309.40289,6.1551,"denmark"
"30",1973-07-01,NA,-653,NA,NA,NA,-366620.396691382,5733018599.47933,5.8387,"denmark"
"31",1973-08-01,NA,-551,NA,NA,NA,-361650.911952585,5688242239.17621,5.5435,"denmark"
"32",1973-09-01,NA,-1027,NA,NA,NA,-356726.528903145,5643699616.86389,5.7101,"denmark"
"33",1973-10-01,NA,-59,NA,NA,NA,-351847.041987508,5599390120.91273,5.7211,"denmark"
"34",1973-11-01,NA,-1083,NA,NA,NA,-347012.245650118,5555313139.69312,5.6527,"denmark"
"35",1973-12-01,NA,-1239,NA,NA,NA,-342221.934335419,5511468061.57541,5.9752,"denmark"
"36",1974-01-01,NA,-660,NA,NA,NA,-337475.902487855,5467854274.92999,6.2156,"denmark"
"37",1974-02-01,NA,-2161,NA,NA,NA,-332773.944551872,5424471168.12722,6.6775,"denmark"
"38",1974-03-01,NA,-1285,NA,NA,NA,-328115.854971913,5381318129.53747,6.425,"denmark"
"39",1974-04-01,NA,-1305,NA,NA,NA,-323501.428192423,5338394547.53111,6.2391,"denmark"
"40",1974-05-01,NA,-1793,NA,NA,NA,-318930.458657846,5295699810.47851,6.0632,"denmark"
"41",1974-06-01,NA,-1208,NA,NA,NA,-314402.740812627,5253233306.75005,5.8788,"denmark"
"42",1974-07-01,NA,-863,NA,NA,NA,-309918.069101211,5210994424.71609,5.9693,"denmark"
"43",1974-08-01,NA,-1442,NA,NA,NA,-305476.237968041,5168982552.74701,5.9323,"denmark"
"44",1974-09-01,NA,-1040,NA,NA,NA,-301077.041857562,5127197079.21316,6.0442,"denmark"
"45",1974-10-01,NA,-434,NA,NA,NA,-296720.275214219,5085637392.48493,6.2074,"denmark"
"46",1974-11-01,NA,-709,NA,NA,NA,-292405.732482456,5044302880.93269,6.0275,"denmark"
"47",1974-12-01,NA,-598,NA,NA,NA,-288133.208106717,5003192932.9268,5.884,"denmark"
"48",1975-01-01,NA,-721,NA,NA,NA,-283902.496531448,4962306936.83764,5.7762,"denmark"
"49",1975-02-01,NA,-1109,NA,NA,NA,-279713.392201092,4921644281.03557,5.6136,"denmark"
"50",1975-03-01,NA,-545,NA,NA,NA,-275565.689560093,4881204353.89097,5.537,"denmark"
"51",1975-04-01,NA,-238,NA,NA,NA,-271459.183052897,4840986543.77421,5.4359,"denmark"
"52",1975-05-01,NA,-823,NA,NA,NA,-267393.667123948,4800990239.05565,5.5195,"denmark"
"53",1975-06-01,NA,-450,NA,NA,NA,-263368.93621769,4761214828.10567,5.4651,"denmark"
"54",1975-07-01,NA,-131,NA,NA,NA,-259384.784778567,4721659699.29464,5.4373,"denmark"
"55",1975-08-01,NA,-910,NA,NA,NA,-255441.007251024,4682324240.99292,5.7248,"denmark"
"56",1975-09-01,NA,-699,NA,NA,NA,-251537.398079506,4643207841.5709,5.9583,"denmark"
"57",1975-10-01,NA,-840,NA,NA,NA,-247673.751708457,4604309889.39893,6.0824,"denmark"
"58",1975-11-01,NA,-392,NA,NA,NA,-243849.862582321,4565629772.84739,6.0243,"denmark"
"59",1975-12-01,NA,-1575,NA,NA,NA,-240065.525145544,4527166880.28665,6.0377,"denmark"
"60",1976-01-01,NA,-1965,NA,NA,NA,-236320.533842568,4488920600.08708,6.1529,"denmark"
"61",1976-02-01,NA,-1276,NA,NA,NA,-232614.683117839,4450890320.61906,6.1611,"denmark"
"62",1976-03-01,NA,-1630,NA,NA,NA,-228947.767415801,4413075430.25294,6.1434,"denmark"
"63",1976-04-01,NA,-2116,NA,NA,NA,-225319.581180899,4375475317.3591,6.1458,"denmark"
"64",1976-05-01,NA,-1946,NA,NA,NA,-221729.918857577,4338089370.30791,6.0413,"denmark"
"65",1976-06-01,NA,-1044,NA,NA,NA,-218178.574890279,4300916977.46975,6.0656,"denmark"
"66",1976-07-01,NA,1640,NA,NA,NA,-214665.343723451,4263957527.21498,6.1297,"denmark"
"67",1976-08-01,NA,-1251,NA,NA,NA,-211190.019801535,4227210407.91397,6.1633,"denmark"
"68",1976-09-01,NA,-1763,NA,NA,NA,-207752.397568978,4190675007.93709,6.08,"denmark"
"69",1976-10-01,NA,-1850,NA,NA,NA,-204352.271470223,4154350715.65472,5.9907,"denmark"
"70",1976-11-01,NA,-1625,NA,NA,NA,-200989.435949714,4118236919.43722,5.8936,"denmark"
"71",1976-12-01,NA,-2072,NA,NA,NA,-197663.685451897,4082333007.65496,5.9053,"denmark"
"72",1977-01-01,NA,-2043,NA,NA,NA,-194374.814421215,4046638368.67832,5.833,"denmark"
"73",1977-02-01,NA,-1810,NA,NA,NA,-191122.617302114,4011152390.87766,5.8945,"denmark"
"74",1977-03-01,NA,-1241,NA,NA,NA,-187906.888539037,3975874462.62336,5.9204,"denmark"
"75",1977-04-01,NA,-2037,NA,NA,NA,-184727.422576428,3940803972.28578,5.8692,"denmark"
"76",1977-05-01,NA,-1254,NA,NA,NA,-181584.013858734,3905940308.2353,5.9845,"denmark"
"77",1977-06-01,NA,-1807,NA,NA,NA,-178476.456830397,3871282858.84229,6.0103,"denmark"
"78",1977-07-01,NA,-1888,NA,NA,NA,-175404.545935862,3836831012.47711,6.0443,"denmark"
"79",1977-08-01,NA,-1543,NA,NA,NA,-172368.075619574,3802584157.51014,5.9639,"denmark"
"80",1977-09-01,NA,-1842,NA,NA,NA,-169366.840325977,3768541682.31174,6.0285,"denmark"
"81",1977-10-01,NA,-1736,NA,NA,NA,-166400.634499516,3734702975.25229,6.1773,"denmark"
"82",1977-11-01,NA,-1351,NA,NA,NA,-163469.252584635,3701067424.70217,6.1128,"denmark"
"83",1977-12-01,NA,-1482,NA,NA,NA,-160572.489025778,3667634419.03173,6.125,"denmark"
"84",1978-01-01,NA,-1211,NA,NA,NA,-157710.13826739,3634403346.61134,5.9427,"denmark"
"85",1978-02-01,NA,-1752,NA,NA,NA,-154881.994753916,3601373595.81139,5.7726,"denmark"
"86",1978-03-01,NA,-950,NA,NA,NA,-152087.8529298,3568544555.00224,5.6791,"denmark"
"87",1978-04-01,NA,-1645,NA,NA,NA,-149327.507239485,3535915612.55426,5.6059,"denmark"
"88",1978-05-01,NA,-1006,NA,NA,NA,-146600.752127418,3503486156.83781,5.6165,"denmark"
"89",1978-06-01,NA,-1198,NA,NA,NA,-143907.382038041,3471255576.22328,5.7029,"denmark"
"90",1978-07-01,NA,-740,NA,NA,NA,-141247.191415801,3439223259.08103,5.6424,"denmark"
"91",1978-08-01,NA,-1275,NA,NA,NA,-138619.97470514,3407388593.78143,5.6036,"denmark"
"92",1978-09-01,NA,-1575,NA,NA,NA,-136025.526350504,3375750968.69485,5.5038,"denmark"
"93",1978-10-01,NA,-983,NA,NA,NA,-133463.640796336,3344309772.19166,5.4321,"denmark"
"94",1978-11-01,NA,-1298,NA,NA,NA,-130934.112487083,3313064392.64224,5.1113,"denmark"
"95",1978-12-01,NA,-1724,NA,NA,NA,-128436.735867187,3282014218.41695,5.2579,"denmark"
"96",1979-01-01,NA,-1288,NA,NA,NA,-125971.305381093,3251158637.88616,5.2478,"denmark"
"97",1979-02-01,NA,-1615,NA,NA,NA,-123537.615473246,3220497039.42025,5.1318,"denmark"
"98",1979-03-01,NA,-1362,NA,NA,NA,-121135.46058809,3190028811.38957,5.1488,"denmark"
"99",1979-04-01,NA,-1259,NA,NA,NA,-118764.635170069,3159753342.16452,5.1896,"denmark"
"100",1979-05-01,NA,-1101,NA,NA,NA,-116424.933663629,3129670020.11545,5.275,"denmark"
"101",1979-06-01,NA,-2189,NA,NA,NA,-114116.150513214,3099778233.61273,5.3882,"denmark"
"102",1979-07-01,NA,-1191,NA,NA,NA,-111838.080163267,3070077371.02674,5.436,"denmark"
"103",1979-08-01,NA,-2362,NA,NA,NA,-109590.517058233,3040566820.72784,5.2436,"denmark"
"104",1979-09-01,NA,-1967,NA,NA,NA,-107373.255642558,3011245971.08642,5.2731,"denmark"
"105",1979-10-01,NA,-974,NA,NA,NA,-105186.090360684,2982114210.47282,5.1876,"denmark"
"106",1979-11-01,NA,-1737,NA,NA,NA,-103028.815657058,2953170927.25744,5.2336,"denmark"
"107",1979-12-01,NA,-1650,NA,NA,NA,-100901.225976122,2924415509.81063,5.2543,"denmark"
"108",1980-01-01,NA,-2272,NA,NA,NA,-98803.1157623226,2895847346.50277,5.3712,"denmark"
"109",1980-02-01,NA,-2232,NA,18186,NA,-96734.2794601028,2867465825.70422,5.3859,"denmark"
"110",1980-03-01,NA,-1935,NA,14681,NA,-94694.5115139075,2839270335.78537,5.4567,"denmark"
"111",1980-04-01,NA,-1979,NA,13675,NA,-92683.6063681812,2811260265.11657,5.7759,"denmark"
"112",1980-05-01,NA,-2068,NA,14198,NA,-90701.3584673682,2783435002.06821,5.8509,"denmark"
"113",1980-06-01,NA,658,NA,15212,NA,-88747.5622559131,2755793935.01064,5.5998,"denmark"
"114",1980-07-01,NA,-2213,NA,16487,NA,-86822.0121782602,2728336452.31424,5.49,"denmark"
"115",1980-08-01,NA,-1624,NA,19467,NA,-84924.5026788541,2701061942.34938,5.4096,"denmark"
"116",1980-09-01,NA,-232,NA,19207,NA,-83054.8282021392,2673969793.48644,5.5343,"denmark"
"117",1980-10-01,NA,-612,NA,20360,NA,-81212.7831925598,2647059394.09577,5.5348,"denmark"
"118",1980-11-01,NA,-407,NA,20870,NA,-79398.1620945605,2620330132.54776,5.6712,"denmark"
"119",1980-12-01,NA,-512,NA,21366,NA,-77610.7593525857,2593781397.21277,5.896,"denmark"
"120",1981-01-01,NA,-1308,NA,22034,NA,-75850.3694110798,2567412576.46117,6.0348,"denmark"
"121",1981-02-01,10.6,-864,NA,25982,NA,-74116.7867144873,2541223058.66333,6.184,"denmark"
"122",1981-03-01,10.8,-415,NA,25118,NA,-72409.8057072527,2515212232.18962,6.6006,"denmark"
"123",1981-04-01,11.3,-1278,NA,24593,NA,-70729.2208338203,2489379485.41042,6.6198,"denmark"
"124",1981-05-01,11.9,-1197,NA,22761,NA,-69074.8265386346,2463724206.69609,6.8122,"denmark"
"125",1981-06-01,12.2,-1206,NA,21906,NA,-67446.4172661401,2438245784.41701,7.2143,"denmark"
"126",1981-07-01,13,356,NA,23205,NA,-65843.7874607812,2412943606.94354,7.4727,"denmark"
"127",1981-08-01,11.5,-1872,NA,23989,NA,-64266.7315670024,2387817062.64605,7.6492,"denmark"
"128",1981-09-01,11.7,251,NA,21470,NA,-62715.044029248,2362865539.89492,7.8562,"denmark"
"129",1981-10-01,12,-467,NA,20510,NA,-61188.5192919626,2338088427.06051,7.3835,"denmark"
"130",1981-11-01,11.9,-477,NA,20092,NA,-59686.9517995906,2313485112.5132,7.2348,"denmark"
"131",1981-12-01,12.3,-1373,NA,21802,NA,-58210.1359965764,2289054984.62336,7.172,"denmark"
"132",1982-01-01,12.2,-2101,NA,21015,NA,-56757.8663273645,2264797431.76135,7.321,"denmark"
"133",1982-02-01,12.3,-1593,NA,21857,NA,-55329.9372363993,2240711842.29755,7.4977,"denmark"
"134",1982-03-01,11.8,-1284,NA,22027,NA,-53926.1431681252,2216797604.60233,7.795,"denmark"
"135",1982-04-01,10.5,-746,NA,20756,NA,-52546.2785669868,2193054107.04606,8.0396,"denmark"
"136",1982-05-01,9.8,-1556,NA,18991,NA,-51190.1378774284,2169480737.9991,8.1591,"denmark"
"137",1982-06-01,9.3,-480,NA,19680,NA,-49857.5155438946,2146076885.83183,7.8444,"denmark"
"138",1982-07-01,9.2,-835,NA,20656,NA,-48548.2060108296,2122841938.91462,8.3481,"denmark"
"139",1982-08-01,9.3,-1253,NA,19679,NA,-47262.003722678,2099775285.61784,8.5402,"denmark"
"140",1982-09-01,9.7,-1144,NA,20362,NA,-45998.7031238843,2076876314.31186,8.6482,"denmark"
"141",1982-10-01,9.8,-258,NA,18907,NA,-44758.0986588929,2054144413.36705,8.8038,"denmark"
"142",1982-11-01,10.5,-409,NA,16889,NA,-43539.9847721481,2031578971.15377,8.9192,"denmark"
"143",1982-12-01,10.2,-624,NA,20823,NA,-42344.1559080946,2009179376.04241,8.9595,"denmark"
"144",1983-01-01,9,-2390,NA,21512,NA,-41170.4065111766,1986945016.40333,8.5275,"denmark"
"145",1983-02-01,9.1,684,NA,30516,NA,-40018.5310258387,1964875280.60691,8.4171,"denmark"
"146",1983-03-01,8.9,779,NA,30378,NA,-38888.3238965253,1942969557.0235,8.5811,"denmark"
"147",1983-04-01,7.5,-942,NA,26854,NA,-37779.5795676808,1921227234.02348,8.6223,"denmark"
"148",1983-05-01,7.7,-199,NA,34291,NA,-36692.0924837497,1899647699.97723,8.6663,"denmark"
"149",1983-06-01,7.8,-575,13.97,34345,NA,-35625.6570891764,1878230343.25511,8.8003,"denmark"
"150",1983-07-01,7,121,14.38,32288,NA,-34580.0678284055,1856974552.2275,9.1287,"denmark"
"151",1983-08-01,6.4,230,15.5,33221,NA,-33555.1191458812,1835879715.26475,9.3142,"denmark"
"152",1983-09-01,6,-261,15.07,33339,NA,-32550.6054860481,1814945220.73725,9.6308,"denmark"
"153",1983-10-01,6.1,-109,14.13,36144,NA,-31566.3212933506,1794170457.01537,9.5926,"denmark"
"154",1983-11-01,5.3,100,14.03,40781,NA,-30602.0610122331,1773554812.46947,9.4172,"denmark"
"155",1983-12-01,5.3,933,14.11,42751,NA,-29657.6190871402,1753097675.46992,9.6791,"denmark"
"156",1984-01-01,6.2,-2859,12.8,37531,NA,-28732.7899625162,1732798434.3871,9.953,"denmark"
"157",1984-02-01,5.6,-630,13.08,42377,NA,-27827.3680828055,1712656477.59138,10.1793,"denmark"
"158",1984-03-01,6.3,-713.8,13.89,43501,NA,-26941.1478924527,1692671193.45312,9.8549,"denmark"
"159",1984-04-01,7.2,-473.6,14.76,38748,NA,-26073.9238359022,1672841970.3427,9.5175,"denmark"
"160",1984-05-01,6.6,-1099,14.24,40269,NA,-25225.4903575984,1653168196.63049,9.7311,"denmark"
"161",1984-06-01,6.5,-915,15.03,41459,NA,-24395.6419019858,1633649260.68685,10.0618,"denmark"
"162",1984-07-01,6.9,-88,15.24,37761,NA,-23584.1729135087,1614284550.88216,10.0501,"denmark"
"163",1984-08-01,6.5,-639.7,15.06,39860,NA,-22790.8778366118,1595073455.58679,10.4179,"denmark"
"164",1984-09-01,6.7,-200,14.7,49327,NA,-22015.5511157393,1576015363.17111,10.5174,"denmark"
"165",1984-10-01,6.1,287,14.85,45319,NA,-21257.9871953357,1557109662.00548,10.9753,"denmark"
"166",1984-11-01,6.1,-1411,14.51,50762,NA,-20517.9805198456,1538355740.46029,11.0896,"denmark"
"167",1984-12-01,6,355,14.42,53642,NA,-19795.3255337132,1519752986.90589,10.8244,"denmark"
"168",1985-01-01,5.5,-953,14.33,38045,NA,-19089.8166813832,1501300789.71267,11.1258,"denmark"
"169",1985-02-01,5.7,-1306,13.6,41890,NA,-18401.2484072998,1482998537.25098,11.3304,"denmark"
"170",1985-03-01,5.3,-953,13.35,47196,NA,-17729.4151559077,1464845617.89121,11.8071,"denmark"
"171",1985-04-01,5.6,-1717,12.65,50229,NA,-17074.1113716511,1446841420.00371,11.7971,"denmark"
"172",1985-05-01,5.9,-1667,12.13,44621,NA,-16435.1314989746,1428985331.95887,11.1142,"denmark"
"173",1985-06-01,5.5,-1429,11.63,50901,NA,-15812.2699823225,1411276742.12705,11.2244,"denmark"
"174",1985-07-01,4.9,1317,11.09,56306,NA,-15205.3212661395,1393715038.87862,10.9963,"denmark"
"175",1985-08-01,4.7,-1299,10.34,58098,NA,-14614.0797948698,1376299610.58395,10.4563,"denmark"
"176",1985-09-01,4.1,-604,10.62,52668,NA,-14038.3400129579,1359029845.61342,10.1459,"denmark"
"177",1985-10-01,3.9,621,10.96,55434,NA,-13477.8963648483,1341905132.33739,10.2906,"denmark"
"178",1985-11-01,3.7,-1978,10.54,56483,NA,-12932.5432949854,1324924859.12623,9.588,"denmark"
"179",1985-12-01,3.4,-1,10.21,60008,NA,-12402.0752478137,1308088414.35032,9.3918,"denmark"
"180",1986-01-01,3.5,-2969,9.53,57341,NA,-11886.2866677776,1291395186.38002,9.1221,"denmark"
"181",1986-02-01,2.9,-1474,10.13,49382,NA,-11384.9719993216,1274844563.58571,8.9468,"denmark"
"182",1986-03-01,2.1,-1500,9.23,46863,NA,-10897.92568689,1258435934.33775,8.6048,"denmark"
"183",1986-04-01,1.8,-569,9.26,44142,NA,-10424.9421749274,1242168687.00651,8.4096,"denmark"
"184",1986-05-01,3.9,-2707,8.59,42417,NA,-9965.81590787816,1226042209.96237,8.3928,"denmark"
"185",1986-06-01,4,-1093,9.56,40349,NA,-9520.34133018675,1210055891.5757,8.2479,"denmark"
"186",1986-07-01,4,-44,9.51,39279,NA,-9088.31288629763,1194209120.21687,8.2822,"denmark"
"187",1986-08-01,3.6,-2395,10.32,41509,NA,-8669.52502065522,1178501284.25624,8.0635,"denmark"
"188",1986-09-01,4.3,-601,10.83,40107,NA,-8263.77217770397,1162931772.06419,7.7657,"denmark"
"189",1986-10-01,4.6,-286,10.89,44605,NA,-7870.84880188833,1147499972.01108,7.7279,"denmark"
"190",1986-11-01,4.5,-1199,10.74,44810,NA,-7490.54933765274,1132205272.4673,7.5607,"denmark"
"191",1986-12-01,4.3,278,11.28,42567,NA,-7122.66822944165,1117047061.8032,7.6444,"denmark"
"192",1987-01-01,4.5,-1552,11.24,42353,NA,-6766.9999216995,1102024728.38916,7.5235,"denmark"
"193",1987-02-01,4.8,164,10.76,49860,NA,-6423.33885887073,1087137660.59555,7.0591,"denmark"
"194",1987-03-01,4.8,-53,12.1,54460,NA,-6091.47948539979,1072385246.79274,6.8939,"denmark"
"195",1987-04-01,5.3,634,11.5,49784,NA,-5771.21624573113,1057766875.3511,6.9166,"denmark"
"196",1987-05-01,3.2,-179.8,11.22,48701,NA,-5462.34358430918,1043281934.641,6.8358,"denmark"
"197",1987-06-01,3.3,478,10.94,60992,NA,-5164.6559455784,1028929813.03281,6.7333,"denmark"
"198",1987-07-01,3.3,386,10.94,66044,NA,-4877.94777398322,1014709898.89691,6.8555,"denmark"
"199",1987-08-01,4,129.8,10.95,65396,NA,-4602.0135139681,1000621580.60365,7.0179,"denmark"
"200",1987-09-01,3.7,-582,10.82,66383,NA,-4336.64760997747,986664246.523414,7.1279,"denmark"
"201",1987-10-01,3.6,1430,11.65,67270,NA,-4081.64450645579,972837285.026571,6.9894,"denmark"
"202",1987-11-01,4,194,11.93,68148,NA,-3836.79864784748,959140084.48349,6.9262,"denmark"
"203",1987-12-01,4,243,11.31,67737,NA,-3601.90447859701,945572033.264542,6.4962,"denmark"
"204",1988-01-01,4,-1617,11.15,66624,NA,-3376.75644314881,932132519.740098,6.3043,"denmark"
"205",1988-02-01,4.4,3095.6,10.1,67932,NA,-3161.14898594733,918820932.280526,6.3562,"denmark"
"206",1988-03-01,5.3,364.2,9.86,69831,NA,-2954.87655143702,905636659.256199,6.4918,"denmark"
"207",1988-04-01,4.6,387.1,10.29,71540,NA,-2757.7335840623,892579089.037486,6.4261,"denmark"
"208",1988-05-01,4.6,698.8,10.66,71090,NA,-2569.51452826765,879647609.994758,6.4207,"denmark"
"209",1988-06-01,4.4,-444.1,9.95,74845,NA,-2390.01382849748,866841610.498384,6.4938,"denmark"
"210",1988-07-01,4.6,515.1,9.56,80474,NA,-2219.02592919626,854160478.918736,6.6893,"denmark"
"211",1988-08-01,4.2,277.5,9.45,85949,NA,-2056.34527480842,841603603.626184,7.0267,"denmark"
"212",1988-09-01,4.6,736.4,9.87,81217,NA,-1901.76630977842,829170372.991098,7.228,"denmark"
"213",1988-10-01,4.5,1331.1,9.65,80590,NA,-1755.08347855068,816860175.383849,7.1764,"denmark"
"214",1988-11-01,4.1,1052.1,9.44,79625,NA,-1616.09122556967,804672399.174806,7.0055,"denmark"
"215",1988-12-01,4.6,1525.1,9.23,72736,NA,-1484.58399527981,792606432.734341,6.7547,"denmark"
"216",1989-01-01,4.6,295.7,9.03,73855,NA,-1360.35623212557,780661664.432823,6.7891,"denmark"
"217",1989-02-01,4.5,1164.6,9.11,77630,NA,-1243.20238055137,768837482.640623,7.1143,"denmark"
"218",1989-03-01,4.5,1303.7,9.69,75034,NA,-1132.91688500168,757133275.728112,7.2094,"denmark"
"219",1989-04-01,4.7,481.9,9.63,64864,NA,-1029.29418992092,745548432.065659,7.2913,"denmark"
"220",1989-05-01,5,1702.1,9.69,64732,NA,-932.128739753548,734082340.023636,7.2803,"denmark"
"221",1989-06-01,4.9,78,10.17,62193,NA,-841.214978944005,722734387.972412,7.582,"denmark"
"222",1989-07-01,4.5,662.7,9.64,62704,NA,-756.347351936736,711503964.282357,7.7087,"denmark"
"223",1989-08-01,4.9,-169.2,9.08,62548,NA,-677.320303176185,700390457.323843,7.3527,"denmark"
"224",1989-09-01,4.9,193.3,9.56,59122,NA,-603.928277106797,689393255.46724,7.4938,"denmark"
"225",1989-10-01,4.7,2602.1,9.81,56410,NA,-535.965718173017,678511747.082917,7.5872,"denmark"
"226",1989-11-01,5.1,1328.6,10.29,50101,NA,-473.227070819288,667745320.541246,7.2781,"denmark"
"227",1989-12-01,4.8,1619.6,10.26,49718,NA,-415.506779490055,657093364.212597,7.1138,"denmark"
"228",1990-01-01,4.8,1791.1,10.26,50025,NA,-362.599288629763,646555266.467339,6.761,"denmark"
"229",1990-02-01,3.8,795.1,10.66,46154,NA,-314.299042682855,636130415.675844,6.562,"denmark"
"230",1990-03-01,3.4,2349.5,11.48,47037,NA,-270.400486093777,625818200.208482,6.4729,"denmark"
"231",1990-04-01,3,2477.5,10.52,60631,NA,-230.698063306973,615618008.435623,6.5349,"denmark"
"232",1990-05-01,2.4,2070,10.54,59761,NA,-194.986218766888,605529228.727638,6.4305,"denmark"
"233",1990-06-01,2.4,433.7,10.35,58978,NA,-163.059396917965,595551249.454896,6.3349,"denmark"
"234",1990-07-01,2.5,2394.6,10.21,63663,NA,-134.712042204649,585683458.987769,6.408,"denmark"
"235",1990-08-01,2.2,719.2,9.85,66826,NA,-109.738599071385,575925245.696627,6.2339,"denmark"
"236",1990-09-01,2.5,1817.6,10.59,66494,NA,-87.9335119626168,566275997.951839,6.0033,"denmark"
"237",1990-10-01,3,3584.7,11.03,66357,NA,-69.0912253227893,556735104.123777,5.9961,"denmark"
"238",1990-11-01,2.8,1472,10.68,66762,NA,-53.0061835963469,547301952.582811,5.8117,"denmark"
"239",1990-12-01,2.1,2025.7,10.57,67478,NA,-39.4728312277338,537975931.699311,5.6946,"denmark"
"240",1991-01-01,1.9,3089.9,10.5,67826,NA,-28.2856126613947,528756429.843647,5.7735,"denmark"
"241",1991-02-01,2.5,1059.1,9.95,60991,NA,-19.2389723417738,519642835.38619,5.8115,"denmark"
"242",1991-03-01,2.5,1756,9.31,58768,NA,-12.1273547133157,510634536.69731,5.6953,"denmark"
"243",1991-04-01,2.4,2883.9,9.39,59184,NA,-6.74520422046489,501730922.147378,6.1886,"denmark"
"244",1991-05-01,2.5,1362.6,9.15,59659,NA,-2.88696530766568,492931380.106764,6.5163,"denmark"
"245",1991-06-01,2.5,1412.6,9.09,58653,NA,-0.347082419362567,484235298.945839,6.5793,"denmark"
"246",1991-07-01,2.9,2912.5,9.27,56406,NA,1.08,475642067.034972,6.8634,"denmark"
"247",1991-08-01,3,8.6,9.48,53130,NA,1.59983750597758,467151072.744534,6.903,"denmark"
"248",1991-09-01,2.1,2458.6,9.24,51894,NA,1.41798565412573,458761704.444896,6.7396,"denmark"
"249",1991-10-01,1.8,3528.7,9.06,52148,NA,0.739999999999999,450473350.506428,6.5367,"denmark"
"250",1991-11-01,1.7,1345.1,8.94,49862,NA,-0.183185966752757,442285399.299499,6.5246,"denmark"
"251",1991-12-01,2.3,3396.1,9.04,48127,NA,-0.919127020120526,434197239.194482,6.2947,"denmark"
"252",1992-01-01,2.3,2278.6,8.76,46374,NA,-0.99,426208258.561745,6.0831,"denmark"
"253",1992-02-01,2.1,3068.8,8.49,45023,NA,-0.144871416744331,418317845.77166,6.1257,"denmark"
"254",1992-03-01,2.3,2941.2,8.5,44564,NA,0.959633537467487,410525389.194596,6.2763,"denmark"
"255",1992-04-01,2.6,2141,8.89,43133,NA,1.44,402830277.200925,6.4462,"denmark"
"256",1992-05-01,2.6,2439.9,8.82,46999,9.85,0.742301263359711,395231898.161015,6.3906,"denmark"
"257",1992-06-01,2.5,2453.6,8.65,47535,9.85,-0.369036759379052,387729640.445239,6.2678,"denmark"
"258",1992-07-01,2.4,3483.9,9.07,45028,10.3,-0.8,380322892.423966,6.0573,"denmark"
"259",1992-08-01,2.2,2043.9,9.55,46250,10.3,0.164925622564748,373011042.467566,5.7409,"denmark"
"260",1992-09-01,2.2,3275.2,9.75,46091,10.3,1.72725424078946,365793478.946411,5.5851,"denmark"
"261",1992-10-01,1.9,4191.2,9.66,50811,10.15,2.71,358669590.230869,5.6203,"denmark"
"262",1992-11-01,1.7,3720.8,8.95,60339,10.9,2.27503328341834,351638764.691312,5.7278,"denmark"
"263",1992-12-01,1.4,4611.9,9.02,59408,15,0.939649425850842,344700390.698111,6.1166,"denmark"
"264",1993-01-01,1.4,2499,8.91,72216,13,-0.44,337853856.621634,6.1206,"denmark"
"265",1993-02-01,1.6,1512.2,8.53,52131,11.5,-1.1898735710529,331098550.832254,6.2319,"denmark"
"266",1993-03-01,1.3,3084.9,8.58,79754,12.5,-1.36437046271135,324433861.70034,6.3019,"denmark"
"267",1993-04-01,1.2,3959.4,7.98,81232,10.5,-1.2,317859177.596262,6.3242,"denmark"
"268",1993-05-01,1.1,3217.4,7.73,63440,9.75,-0.909983443651168,311373886.890391,6.1339,"denmark"
"269",1993-06-01,0.9,3231.5,7.53,59321,8.75,-0.61438979722768,304977377.953097,6.1751,"denmark"
"270",1993-07-01,0.8,5044.9,6.84,61260,7.95,-0.41,298669039.154751,6.338,"denmark"
"271",1993-08-01,1.2,3120.6,7.04,81210,11,-0.338711172860945,292448258.865723,6.6531,"denmark"
"272",1993-09-01,1.2,4374.9,6.63,66123,10.5,-0.222885163192749,286314425.456383,6.8976,"denmark"
"273",1993-10-01,1.2,4638.5,6.66,69284,9,0.17,280266927.297102,6.6336,"denmark"
"274",1993-11-01,1.5,5155.8,6.38,61866,8,0.955939246206059,274305152.75825,6.6379,"denmark"
"275",1993-12-01,1.5,4599.4,6.42,61338,7.5,1.78481933888757,268428490.210197,6.7667,"denmark"
"276",1994-01-01,1.5,2782.3,6.12,70595,6.75,2.19,262636328.023315,6.7042,"denmark"
"277",1994-02-01,1.8,3136.1,6.01,67825,6.25,1.89088011396263,256928054.567972,6.7697,"denmark"
"278",1994-03-01,1.9,3213.9,6.6,66058,6,1.3510152150499,251303058.214541,6.7668,"denmark"
"279",1994-04-01,1.8,3348.9,6.93,65815,6,1.22,245760727.33339,6.6296,"denmark"
"280",1994-05-01,2,3249.9,7.21,65297,5.9,1.89387363127674,240300450.29489,6.6642,"denmark"
"281",1994-06-01,1.9,3119.9,8.11,65160,5.6,2.75445313424618,234921615.469412,6.4857,"denmark"
"282",1994-07-01,2.1,3506.5,8.37,65712,5.6,2.93,229623611.227326,6.3786,"denmark"
"283",1994-08-01,2,3616.7,8.01,65134,5.5,1.87844017574524,224405825.939003,6.1581,"denmark"
"284",1994-09-01,2.3,4580,8.79,62449,5.5,0.376357433150551,219267647.974813,6.1845,"denmark"
"285",1994-10-01,2,3042.8,9.03,64038,5.5,-0.470000000000001,214208465.705125,6.1038,"denmark"
"286",1994-11-01,2,3016.8,8.98,63523,5.5,0.094587887964538,209227667.500311,5.9479,"denmark"
"287",1994-12-01,2.1,4587.4,8.62,63384,5.5,1.42122824426272,204324641.730742,6.0268,"denmark"
"288",1995-01-01,2.2,2949.2,9.09,63348,5.5,2.51,199498776.766786,6.1614,"denmark"
"289",1995-02-01,2.2,1391.1,8.96,56130,5.5,2.60431938350772,194749460.978815,6.0311,"denmark"
"290",1995-03-01,2.3,2172,8.84,57511,5.5,1.92095181202079,190076082.737199,5.9302,"denmark"
"291",1995-04-01,2.5,3931.8,8.93,57380,7,0.919999999999999,185478030.412309,5.6281,"denmark"
"292",1995-05-01,2.4,2512.7,8.64,58455,6.5,0.0051716150416149,180954692.374514,5.4391,"denmark"
"293",1995-06-01,2.4,2910.3,8.11,57992,6.35,-0.645405862716247,176505456.994185,5.5194,"denmark"
"294",1995-07-01,2.1,3565.6,8.57,57467,6.35,-0.91,172129712.641693,5.4604,"denmark"
"295",1995-08-01,1.8,1874,8.27,61211,6.05,-0.721302139970477,167826847.687408,5.4073,"denmark"
"296",1995-09-01,1.6,3783,8.01,64286,5.65,-0.229698731526172,163596250.5017,5.606,"denmark"
"297",1995-10-01,2.2,3709.8,7.96,69925,5.4,0.36,159437309.45494,5.6587,"denmark"
"298",1995-11-01,1.9,2645.7,7.82,66333,5.3,0.859666574469921,155349412.917497,5.4912,"denmark"
"299",1995-12-01,1.8,2660.3,7.3,66947,5,1.14790449252464,151331949.259743,5.4923,"denmark"
"300",1996-01-01,1.9,936.3,7.24,69649,4.6,1.12,147384306.852048,5.5791,"denmark"
"301",1996-02-01,1.7,1706.7,7.11,77443,4.35,0.751154360609311,143505874.064782,5.6618,"denmark"
"302",1996-03-01,1.8,2456.8,7.63,76822,4.25,0.336228909575759,139696039.268315,5.6749,"denmark"
"303",1996-04-01,2,3790.3,7.52,86157,4,0.25,135954190.833018,5.7074,"denmark"
"304",1996-05-01,2,2113.2,7.23,97555,3.8,0.724975242352096,132279717.129262,5.805,"denmark"
"305",1996-06-01,1.9,4200,7.48,92517,3.8,1.42458727657973,128672006.527416,5.916,"denmark"
"306",1996-07-01,2,3396,7.39,88623,3.7,1.87,125130447.397851,5.8941,"denmark"
"307",1996-08-01,2.4,2360,7.34,83923,3.7,1.7215372625749,121654428.110937,5.7948,"denmark"
"308",1996-09-01,2.2,4053.1,7.35,80953,3.5,1.19616272484605,118243337.037045,5.7327,"denmark"
"309",1996-10-01,2.2,3868.6,6.93,85350,3.5,0.65,114896562.546545,5.8057,"denmark"
"310",1996-11-01,2.5,2692.4,6.87,90318,3.5,0.355172003644605,111613493.009807,5.8576,"denmark"
"311",1996-12-01,2.3,4127,6.58,86835,3.5,0.247798861073087,108393516.797203,5.8053,"denmark"
"312",1997-01-01,2.2,2820.8,6.54,86087,3.5,0.18,105236022.279101,5.9428,"denmark"
"313",1997-02-01,2.7,1152.1,6.48,96756,3.5,0.0703673154392723,102140397.825873,6.1199,"denmark"
"314",1997-03-01,2.1,2845.7,6.25,96200,3.5,0.103382571602336,99106031.8078891,6.3867,"denmark"
"315",1997-04-01,1.7,3083.2,6.68,94888,3.5,0.53,96132312.5955193,6.4628,"denmark"
"316",1997-05-01,1.8,2544.8,6.53,102078,3.5,1.45335873459831,93218628.5591341,6.5226,"denmark"
"317",1997-06-01,2.1,3242.8,6.41,109106,3.5,2.38533751918423,90364368.069104,6.4926,"denmark"
"318",1997-07-01,2.4,2476.6,6.32,110594,3.5,2.69,87568919.4957993,6.5804,"denmark"
"319",1997-08-01,2.3,2871,6.01,113001,3.5,1.95286441283417,84831671.2095904,6.8317,"denmark"
"320",1997-09-01,2.6,3640.2,6.3,113069,3.5,0.645267351660729,82152011.5808476,7.0109,"denmark"
"321",1997-10-01,2.3,1939.8,5.99,119520,3.5,-0.54,79529328.9799413,6.8001,"denmark"
"322",1997-11-01,2.1,2345.6,6.16,137525,3.75,-1.04518675630537,76963011.7772419,6.6922,"denmark"
"323",1997-12-01,2.2,2840.7,5.93,130678,3.75,-0.852703222123446,74452448.3431197,6.5937,"denmark"
"324",1998-01-01,2.2,2225.6,5.65,129111,3.75,-0.0800000000000001,71997027.0479452,6.7752,"denmark"
"325",1998-02-01,1.7,290.5,5.42,154762,3.75,1.05677150127618,69596136.2620887,6.919,"denmark"
"326",1998-03-01,2.2,1223.9,5.25,143373,3.75,1.94665664794417,67249164.3559205,6.9089,"denmark"
"327",1998-04-01,2.3,628.3,5.15,140148,3.75,1.88,64955499.6998111,6.9661,"denmark"
"328",1998-05-01,2.2,190.3,5.32,119851,3.75,0.491063714163609,62714530.6641307,6.9174,"denmark"
"329",1998-06-01,2,-410.1,5.07,118728,4,-1.21021966594952,60525645.6192499,6.7662,"denmark"
"330",1998-07-01,1.7,3032.7,4.95,118653,4,-1.87,58388232.9355388,6.8294,"denmark"
"331",1998-08-01,1.8,3094,4.92,120002,4,-0.618433765338022,56301680.983368,6.8499,"denmark"
"332",1998-09-01,1.5,2070.9,4.81,97658,4,1.47829608992798,54265378.1331078,6.8067,"denmark"
"333",1998-10-01,1.7,2585.2,4.6,104109,5,2.87,52278712.7551286,6.4717,"denmark"
"334",1998-11-01,1.7,1282.3,4.69,98904,4.65,2.4685972731144,50341073.2198006,6.2294,"denmark"
"335",1998-12-01,1.7,1316.4,4.38,103451,4.25,1.03444271364501,48451847.8974944,6.396,"denmark"
"336",1999-01-01,1.7,1412.7,4.22,101767,3.95,-0.21,46610425.1585802,6.3531,"denmark"
"337",1999-02-01,1.7,1660,3.99,116606,3.75,-0.365584956749224,44816193.3734285,6.4194,"denmark"
"338",1999-03-01,2,2261,4.35,127465,3.5,0.173562685121611,43068540.9124095,6.6379,"denmark"
"339",1999-04-01,2.3,2280.4,4.35,142480,3.4,0.69,41366856.1458938,6.8287,"denmark"
"340",1999-05-01,2.3,2604.2,4.24,143674,2.9,0.661149961289902,39710527.4442516,6.9475,"denmark"
"341",1999-06-01,2,3939.9,4.57,143848,2.9,0.343899138461139,38098943.1778533,6.9925,"denmark"
"342",1999-07-01,2.4,2304.8,4.94,161242,2.85,0.190000000000001,36531491.7170693,7.1643,"denmark"
"343",1999-08-01,2.3,3293.2,5.27,161199,2.85,0.509874000478507,35007561.43227,7.1792,"denmark"
"344",1999-09-01,2.7,3546.9,5.41,165472,2.85,1.04861853881161,33526540.6938257,7.0144,"denmark"
"345",1999-10-01,2.8,4305.4,5.6,170055,2.85,1.41,32087817.8721068,7.0828,"denmark"
"346",1999-11-01,2.9,4843.8,5.62,168138,2.85,1.32453922198126,30690781.3374836,6.945,"denmark"
"347",1999-12-01,2.9,4970.4,5.52,170042,3.3,1.02977485444056,29334819.4603266,7.2019,"denmark"
"348",2000-01-01,3.1,5320,5.66,168089,3.3,0.89,28019320.6110061,7.3597,"denmark"
"349",2000-02-01,3.1,1017.6,5.89,148989,3.3,1.13678392641128,26743673.1598925,7.3492,"denmark"
"350",2000-03-01,3,3769.8,5.82,141964,3.6,1.47080056194466,25507265.4773562,7.5725,"denmark"
"351",2000-04-01,3.2,2328.6,5.57,138914,3.85,1.46,24309485.9337675,7.7228,"denmark"
"352",2000-05-01,3.1,2168.8,5.67,134255,4.1,0.845362109410653,23149722.8994967,7.8872,"denmark"
"353",2000-06-01,3.3,4209.7,5.72,133225,4.1,0.0599858607437784,22027364.7449144,8.2329,"denmark"
"354",2000-07-01,3.3,3546.5,5.7,123588,4.7,-0.29,20941799.8403907,7.8501,"denmark"
"355",2000-08-01,3.1,4578,5.7,121346,4.7,0.189545413723885,19892416.5562962,7.9471,"denmark"
"356",2000-09-01,2.5,4363.6,5.68,121120,5.1,1.04481155063579,18878603.2630011,8.2459,"denmark"
"357",2000-10-01,2.7,7622.3,5.63,121822,5.6,1.61,17899748.3308759,8.5849,"denmark"
"358",2000-11-01,2.8,5090.1,5.54,129032,5.4,1.41201179124936,16955240.1302909,8.7276,"denmark"
"359",2000-12-01,2.6,3751.2,5.34,126421,5.4,0.748545714490855,16044467.0316165,8.6992,"denmark"
"360",2001-01-01,2.4,6921.7,5.13,125481,5.4,0.110000000000001,15166817.405223,8.3059,"denmark"
"361",2001-02-01,2.3,3817.3,5.1,115932,5.4,-0.144629615758369,14321679.6214809,7.9629,"denmark"
"362",2001-03-01,2.4,4620.7,5.03,116058,5.3,-0.181957371562169,13508442.0507605,8.1103,"denmark"
"363",2001-04-01,2.3,5892.8,4.95,116663,5.3,-0.3,12726493.0634321,8.2229,"denmark"
"364",2001-05-01,2.7,4490.9,5.33,115237,5.3,-0.673493328215884,11975221.0298661,8.3657,"denmark"
"365",2001-06-01,2.7,4082.3,5.47,119963,5,-0.984049561575514,11254014.320433,8.5256,"denmark"
"366",2001-07-01,2.3,3617.4,5.39,121656,5,-0.79,10562261.3055031,8.7397,"denmark"
"367",2001-08-01,2.4,3899.4,5.18,122079,4.95,0.152677002695979,9899350.35544667,8.6442,"denmark"
"368",2001-09-01,2.5,6165.9,5.08,125424,4.65,1.29741487712348,9264669.84063419,8.2632,"denmark"
"369",2001-10-01,2.3,6250.7,5.02,145901,4.15,1.9,8657608.131436,8.1654,"denmark"
"370",2001-11-01,2.2,6333.1,4.65,149066,4.1,1.45315568780234,8077553.59822246,8.2186,"denmark"
"371",2001-12-01,1.9,7018.5,4.76,151281,3.6,0.397353016044546,7523894.61136396,8.3832,"denmark"
"372",2002-01-01,2.2,1448.3,5.22,148739,3.6,-0.589999999999999,6996019.54123085,8.3526,"denmark"
"373",2002-02-01,2.5,4386.2,5.16,164619,3.6,-0.980484939090509,6493316.75819352,8.4183,"denmark"
"374",2002-03-01,2.5,3093.1,5.21,172160,3.55,-0.841641756116483,6015174.63262233,8.5343,"denmark"
"375",2002-04-01,2.6,5005.9,5.44,173946,3.55,-0.39,5560981.53488765,8.4795,"denmark"
"376",2002-05-01,2.4,2927.6,5.37,180852,3.55,0.166561846337477,5130125.83535985,8.3942,"denmark"
"377",2002-06-01,2.1,6087.7,5.4,181358,3.55,0.654769563976941,4721995.9044093,8.1098,"denmark"
"378",2002-07-01,2.2,6097.3,5.19,180591,3.55,0.91,4335980.11240637,7.7775,"denmark"
"379",2002-08-01,2.2,2896.9,5,185394,3.55,0.818311627814676,3971466.82972144,7.4807,"denmark"
"380",2002-09-01,2.3,5084,4.86,196409,3.45,0.468489426134646,3627844.42672487,7.5948,"denmark"
"381",2002-10-01,2.4,5878.3,4.61,203131,3.45,1.11022302462516e-16,3304501.27378703,7.5752,"denmark"
"382",2002-11-01,2.5,4741.3,4.86,198596,3.45,-0.439067616855441,3000825.7412783,7.5732,"denmark"
"383",2002-12-01,2.7,6247.2,4.78,199142,3.45,-0.666134675922932,2716206.19956904,7.4201,"denmark"
"384",2003-01-01,2.5,5598.6,4.46,197181,2.95,-0.49,2450031.01902962,7.2874,"denmark"
"385",2003-02-01,2.6,3148.8,4.31,195949,2.95,0.153884765533013,2201688.57003042,6.998,"denmark"
"386",2003-03-01,2.9,5445.9,4.16,197439,2.95,0.82345668496449,1970567.22294181,6.892,"denmark"
"387",2003-04-01,2.9,4797.9,4.32,198443,2.7,0.95,1756055.34813415,6.8807,"denmark"
"388",2003-05-01,2.5,5047,4.34,199562,2.7,0.186491517686353,1557541.31597782,6.8381,"denmark"
"389",2003-06-01,2.2,4711.7,3.94,230396,2.65,-0.927321693564659,1374413.49684318,6.4268,"denmark"
"390",2003-07-01,2.2,6689.8,3.99,236241,2.15,-1.63,1206060.26110061,6.362,"denmark"
"391",2003-08-01,1.9,3159.9,4.34,234648,2.15,-1.37059157701917,1051869.97912048,6.5425,"denmark"
"392",2003-09-01,1.7,5622.6,4.41,232575,2.15,-0.440095836631781,911231.021273157,6.6653,"denmark"
"393",2003-10-01,1.9,8318.5,4.19,230671,2.15,0.660000000000001,783531.75792901,6.5953,"denmark"
"394",2003-11-01,1.4,4485.5,4.51,231447,2.15,1.50068960520513,668160.559458411,6.3449,"denmark"
"395",2003-12-01,1.5,4599.3,4.63,231498,2.15,1.94289022527697,564505.796231731,6.3526,"denmark"
"396",2004-01-01,1.4,3544.2,4.47,226941,2.15,1.92,471955.83861934,6.0537,"denmark"
"397",2004-02-01,1.1,3418.7,4.41,215193,2.15,1.43301834138384,389899.056991608,5.8952,"denmark"
"398",2004-03-01,0.9,3828.1,4.23,206833,2.15,0.753349750338721,317723.821718906,5.8956,"denmark"
"399",2004-04-01,0.7,6173,4.11,215978,2.15,0.22,254818.503171604,6.0757,"denmark"
"400",2004-05-01,0.8,2702,4.37,223607,2.15,0.0757555477780147,200571.471720072,6.2104,"denmark"
"401",2004-06-01,1.3,3813.4,4.48,226558,2.15,0.178525588182961,154371.097734682,6.2021,"denmark"
"402",2004-07-01,1.1,5979.6,4.48,228523,2.15,0.29,115605.751585802,6.122,"denmark"
"403",2004-08-01,1.3,2857.3,4.59,229148,2.15,0.250255763800393,83663.803643804,6.0631,"denmark"
"404",2004-09-01,1.2,3563.9,4.38,229865,2.15,0.212918267299805,57933.6242790578,6.1007,"denmark"
"405",2004-10-01,1.1,5475,4.33,226669,2.15,0.41,37803.583861934,6.0866,"denmark"
"406",2004-11-01,1.7,5491.4,4.18,223103,2.15,0.941369545168561,22662.0527628028,5.9486,"denmark"
"407",2004-12-01,1.3,5740.1,4.01,219873,2.15,1.37831986113634,11897.4013520347,5.7178,"denmark"
"408",2005-01-01,1.2,3232.7,3.84,219366,2.15,1.16,4898,5.5449,"denmark"
"409",2005-02-01,1,3075.9,3.67,224375,2.15,0.0116734629327693,1052.21907706906,5.6699,"denmark"
"410",2005-03-01,1.3,5454.5,3.77,224701,2.15,-1.1969384525859,-251.571046387729,5.7195,"denmark"
"411",2005-04-01,1.4,4593.7,3.72,235939,2.15,-1.31,375,5.6488,"denmark"
"412",2005-05-01,1.8,4663.9,3.46,227164,2.15,0.361936603100362,2293.8365176421,5.7554,"denmark"
"413",2005-06-01,1.5,4265.2,3.28,233690,2.15,2.6427672825406,4760.97853210635,5.8628,"denmark"
"414",2005-07-01,1.8,3440.1,3.11,237008,2.15,3.89,7006,6.1247,"denmark"
"415",2005-08-01,2,5197,3.23,225791,2.15,2.98724679133245,8390.80522273291,6.1943,"denmark"
"416",2005-09-01,2.2,3978,3.07,226088,2.15,0.922535989090179,8806.61988092531,6.0665,"denmark"
"417",2005-10-01,2.4,6566.5,3.11,227013,2.15,-0.79,8277,6.0973,"denmark"
"418",2005-11-01,2,4972.2,3.38,211439,2.15,-1.03759043509683,6894.23888772255,6.2064,"denmark"
"419",2005-12-01,2,5096.4,3.44,207088,2.15,-0.31291123890131,5025.57898122947,6.3277,"denmark"
"420",2006-01-01,2.2,2989.6,3.27,210926,2.4,0.49,3107,6.2844,"denmark"
"421",2006-02-01,2.1,1497.1,3.46,213988,2.4,0.714596430536353,1568.57255971022,6.153,"denmark"
"422",2006-03-01,2.1,4776.5,3.52,183121,2.5,0.654294151700249,816.730860823484,6.2514,"denmark"
"423",2006-04-01,1.9,4212.8,3.84,183430,2.75,0.84,1252,6.2025,"denmark"
"424",2006-05-01,1.8,1989.9,4.03,183438,2.75,1.59587137961809,3020.10050306622,6.0798,"denmark"
"425",2006-06-01,2,2726.1,3.99,183578,2.75,2.41906796543365,5247.53461251363,5.8398,"denmark"
"426",2006-07-01,2.2,4504.3,4.12,183977,3,2.6,6806,5.8897,"denmark"
"427",2006-08-01,2,4247.7,3.96,183497,3,1.68747360654686,6883.39579839529,5.8826,"denmark"
"428",2006-09-01,2,3981.2,3.82,181670,3.25,0.263878431009599,5932.42698541829,5.8236,"denmark"
"429",2006-10-01,1.5,2953,3.73,182356,3.25,-0.829999999999999,4722,5.8633,"denmark"
"430",2006-11-01,1.5,2383.8,3.82,182306,3.5,-0.974654694694413,3799.27926631559,5.9085,"denmark"
"431",2006-12-01,1.7,3226.9,3.72,183396,3.5,-0.435692800583155,2824.46114951692,5.7858,"denmark"
"432",2007-01-01,1.8,1848.1,3.95,175551,3.75,0.299999999999999,1236,5.6452,"denmark"
"433",2007-02-01,1.8,1129.2,4.07,175133,3.75,0.82077480186042,-1189.51286365765,5.7364,"denmark"
"434",2007-03-01,1.9,-1310,3.97,178734,3.75,1.01592980836006,-3322.93825015262,5.6981,"denmark"
"435",2007-04-01,2,2400.3,4.08,182097,4,0.85,-3697,5.6232,"denmark"
"436",2007-05-01,1.7,-339.1,4.2,171700,4,0.348592524289768,-1420.3389227961,5.5155,"denmark"
"437",2007-06-01,1.8,824.7,4.5,172876,4,-0.21839680322744,2094.736295538,5.512,"denmark"
"438",2007-07-01,1.4,4479.4,4.64,179230,4.25,-0.52,4860,5.5463,"denmark"
"439",2007-08-01,1.2,3350.9,4.43,185732,4.25,-0.322922676797269,5439.23892521241,5.4199,"denmark"
"440",2007-09-01,1.1,1424.8,4.36,195714,4.25,0.215435182327481,4604.28936429692,5.4621,"denmark"
"441",2007-10-01,1.2,3302.4,4.44,187136,4.25,0.84,3679,5.3563,"denmark"
"442",2007-11-01,1.7,1461.9,4.33,184704,4.25,1.30680188660301,3566.34618490942,5.2363,"denmark"
"443",2007-12-01,2.5,4764.2,4.21,182847,4.25,1.41628570354714,3485.80995097803,5.0766,"denmark"
"444",2008-01-01,2.3,1188.5,4.44,171382,4.25,0.98,2236,5.1235,"denmark"
"445",2008-02-01,2.9,1995.1,4.09,179528,4.25,-0.0379885733184804,-835.994035220448,5.0575,"denmark"
"446",2008-03-01,3.1,4373.7,4.02,180365,4.25,-1.06354095947902,-4189.15879783869,5.0507,"denmark"
"447",2008-04-01,3.1,1098.5,4.15,181526,4.25,-1.37,-5734,4.8043,"denmark"
"448",2008-05-01,3.2,3572,4.38,173766,4.25,-0.520773519255015,-3999.55522921281,4.7354,"denmark"
"449",2008-06-01,3.4,5035.1,4.66,162116,4.35,0.760470726961524,11.0104255618962,4.7963,"denmark"
"450",2008-07-01,3.8,2917.4,4.89,165083,4.35,1.46,4676,4.7926,"denmark"
"451",2008-08-01,4,4431.4,4.65,164018,4.6,0.869601168857061,8522.40013725688,4.7335,"denmark"
"452",2008-09-01,4.3,2352.9,4.44,164877,4.6,-0.496860466885594,10671.9319104059,4.9894,"denmark"
"453",2008-10-01,4.2,4974.4,4.35,161328,4.6,-1.82,10395,5.202,"denmark"
"454",2008-11-01,3.7,1866.7,4.45,134573,5.5,-2.46874226728434,7431.58430981493,5.6253,"denmark"
"455",2008-12-01,2.7,662.2,3.79,176007,5,-2.56525108164137,3399.96563651814,5.8448,"denmark"
"456",2009-01-01,2.4,319.7,3.36,216957,3.75,-2.42,388,5.5239,"denmark"
"457",2009-02-01,1.8,-904.7,3.74,221564,3,-2.290928396016,-92.6633024425162,5.6284,"denmark"
"458",2009-03-01,1.9,2772,3.49,237047,3,-2.22583891025263,1164.7981361141,5.8226,"denmark"
"459",2009-04-01,1.8,5548.8,3.39,262009,2.25,-2.22,2791,5.7137,"denmark"
"460",2009-05-01,1.4,3700.6,3.47,287442,2,-2.24124785235536,3756.69852958477,5.6437,"denmark"
"461",2009-06-01,1.3,5538,3.83,326201,1.65,-2.14768957364442,4393.21218939581,5.4585,"denmark"
"462",2009-07-01,1.2,6646.7,3.66,331011,1.45,-1.77,5372,5.3123,"denmark"
"463",2009-08-01,1,7859.7,3.63,337093,1.45,-1.02704315752552,7072.75807299234,5.2837,"denmark"
"464",2009-09-01,1.1,4156.1,3.62,374650,1.25,-0.190439832206736,8708.13088408042,5.2174,"denmark"
"465",2009-10-01,0.8,8000.7,3.56,394794,1,0.38,9199,5.1065,"denmark"
"466",2009-11-01,1,2864.9,3.68,378214,1,0.433124186161141,7892.04695622367,5.022,"denmark"
"467",2009-12-01,1.3,8978.3,3.53,386045,1,0.152411865434328,5837.1531631714,4.9914,"denmark"
"468",2010-01-01,1.4,5208.2,3.68,393331,0.95,-0.17,4510,5.106,"denmark"
"469",2010-02-01,2,2296.4,3.56,416050,0.8,-0.295823957489415,4960.94299100188,5.2177,"denmark"
"470",2010-03-01,1.9,4982.2,3.45,416825,0.8,-0.202170592493538,6539.03424101177,5.4414,"denmark"
"471",2010-04-01,2.2,10048.5,3.38,418184,0.7,0.0799999999999999,8168,5.4837,"denmark"
"472",2010-05-01,2.4,5768.7,3.17,404679,0.7,0.506097569722445,9053.84774643549,5.5472,"denmark"
"473",2010-06-01,2.2,3674.7,2.69,441555,0.5,0.977011245280564,9531.70987278154,5.9253,"denmark"
"474",2010-07-01,1.7,5901.2,2.68,438807,0.5,1.38,10219,6.0873,"denmark"
"475",2010-08-01,2.3,8756.5,2.76,429650,0.5,1.61402627119223,11480.8512084413,5.8179,"denmark"
"476",2010-09-01,2.3,5300,2.18,430009,0.5,1.62486635211202,12673.2744160102,5.7745,"denmark"
"477",2010-10-01,2.6,7913.9,2.38,433021,0.5,1.37,12900,5.6867,"denmark"
"478",2010-11-01,2.5,5828,2.63,424272,0.7,0.854093641804947,11585.1548272066,5.3638,"denmark"
"479",2010-12-01,2.6,7012.1,2.83,422170,0.7,0.270560383308381,9434.45172243678,5.4617,"denmark"
"480",2011-01-01,2.8,3365.8,3.03,421730,0.7,-0.14,7474,5.6366,"denmark"
"481",2011-02-01,2.7,6652.4,3.21,431533,0.7,-0.206326764337941,6507.86281606562,5.5749,"denmark"
"482",2011-03-01,2.7,6722.6,3.22,447277,0.7,-0.0345152927529561,6451.91869424265,5.4596,"denmark"
"483",2011-04-01,2.7,9811.2,3.43,454507,0.7,0.2,7000,5.3191,"denmark"
"484",2011-05-01,2.9,7590.7,3.25,454830,1.3,0.348250452583855,7865.2827974198,5.1577,"denmark"
"485",2011-06-01,3.1,5939.2,3.03,454206,0.95,0.367130417333072,8838.31794503706,5.203,"denmark"
"486",2011-07-01,3,6850.8,3.26,457271,0.95,0.24,9729,5.1782,"denmark"
"487",2011-08-01,2.9,7062.5,2.79,457960,1.55,-0.0233417126641444,10392.3763646255,5.223,"denmark"
"488",2011-09-01,2.6,7079.4,2.4,476813,1.1,-0.307339709912666,10864.1058219054,5.1973,"denmark"
"489",2011-10-01,2.5,6755.6,2.07,491430,1,-0.47,11225,5.417,"denmark"
"490",2011-11-01,2.8,6228.7,2.27,491807,1,-0.411179898223573,11414.6561885225,5.4225,"denmark"
"491",2011-12-01,2.6,7305.5,2.09,469844,1.2,-0.198141948052779,10807.8143228969,5.4886,"denmark"
"492",2012-01-01,2.5,4821.6,1.64,485105,0.8,0.0600000000000002,8638,5.6521,"denmark"
"493",2012-02-01,2.8,6199,1.75,492881,0.3,0.260283527780661,4703.62851091408,5.7599,"denmark"
"494",2012-03-01,2.8,6970.3,1.87,499277,0.3,0.324351946568226,1062.67392354394,5.6156,"denmark"
"495",2012-04-01,2.7,7536,1.81,483688,0.3,0.18,338.000000000002,5.6294,"denmark"
"496",2012-05-01,2.3,6242.1,1.64,482852,0.3,-0.188843101787959,4150.38532337675,5.6529,"denmark"
"497",2012-06-01,2.1,7994.4,1.04,503273,0.6,-0.57371028266457,10112.2677607051,5.8061,"denmark"
"498",2012-07-01,2.2,9140.9,1.46,513674,0.05,-0.71,14834,5.9266,"denmark"
"499",2012-08-01,2.3,9592.7,1.08,515073,0.2,-0.433059268776975,15794.904269653,6.059,"denmark"
"500",2012-09-01,2.6,7551.1,1.09,515318,-0.2,0.0219706655715358,13950.1809595617,6.0015,"denmark"
"501",2012-10-01,2.5,6146.7,1.49,514361,-0.2,0.32,11124,5.7855,"denmark"
"502",2012-11-01,2.3,7597,1.48,515109,-0.2,0.228857954673635,8763.36796838156,5.7486,"denmark"
"503",2012-12-01,2.3,8511,1.34,512864,0.2,-0.0719501573993509,6806.63803067788,5.81,"denmark"
"504",2013-01-01,2,-318.9,1.38,506655,0.2,-0.3,4815,5.6864,"denmark"
"505",2013-02-01,1.3,4988.4,1.79,496574,0.3,-0.260891068436083,2627.32756052444,5.6087,"denmark"
"506",2013-03-01,1.2,5577.1,1.6,484009,-0.1,-0.112318184122281,1193.22988068976,5.5894,"denmark"
"507",2013-04-01,0.9,6125.4,1.49,482749,-0.1,-0.1,1740,5.7552,"denmark"
"508",2013-05-01,0.8,6349,1.34,492349,-0.1,-0.371960347595969,4964.50697470586,5.7235,"denmark"
"509",2013-06-01,0.9,8913.4,1.6,492420,0.2,-0.685443772778193,9441.92392804457,5.741,"denmark"
"510",2013-07-01,0.9,5803.1,1.88,491268,-0.1,-0.7,13217,5.6513,"denmark"
"511",2013-08-01,0.6,7340.9,1.84,492328,-0.1,-0.203119393031894,14840.7186147262,5.6983,"denmark"
"512",2013-09-01,0.4,6266.6,2.05,492702,-0.1,0.505945127086906,14889.0003330579,5.6014,"denmark"
"513",2013-10-01,0.5,6662.3,1.96,492838,-0.1,1,14444,5.5814,"denmark"
"514",2013-11-01,0.7,10812.8,1.78,493057,-0.1,0.977030512316136,14233.5444923153,5.4662,"denmark"
"515",2013-12-01,0.5,6633.5,1.75,490201,0.2,0.635737338504644,13568.1488137979,5.5281,"denmark"
"516",2014-01-01,0.8,1712.3,1.99,488982,-0.1,0.3,11404,5.4418,"denmark"
"517",2014-02-01,1,3201.1,1.69,476318,-0.1,0.209812158582164,7264.10341601277,5.4787,"denmark"
"518",2014-03-01,0.5,5130.5,1.66,476359,-0.1,0.269624037413035,2938.73774508386,5.4606,"denmark"
"519",2014-04-01,0.4,6566.4,1.62,459204,-0.1,0.3,785,5.3975,"denmark"
"520",2014-05-01,0.7,4254.6,1.55,439009,0.05,0.180017149651506,2398.78258437439,5.4056,"denmark"
"521",2014-06-01,0.5,7531.5,1.37,437501,0.05,0.0228035488802519,6331.15946512594,5.4331,"denmark"
"522",2014-07-01,0.5,4379,1.29,439416,0.05,0,10372,5.4861,"denmark"
"523",2014-08-01,0.8,5247.7,1.53,441812,0.05,0.218267390959961,12783.062542786,5.5097,"denmark"
"524",2014-09-01,0.5,7395.5,1.19,442641,0.05,0.524346952251142,13713.6614314494,5.5987,"denmark"
"525",2014-10-01,0.5,5733.1,1.21,443563,-0.05,0.7,13785,5.7757,"denmark"
"526",2014-11-01,0.5,6834.6,1.09,444416,-0.05,0.598765138360501,13456.5228000373,5.8723,"denmark"
"527",2014-12-01,0.5,3116.9,0.94,447332,-0.05,0.36129012359666,12540.6392535208,5.966,"denmark"
"528",2015-01-01,0.3,2727.1,0.84,450144,-0.05,0.2,10688,6.0351,"denmark"
"529",2015-02-01,-0.1,3473.5,0.37,564100,0.05,0.264449833375811,7827.43884965734,6.4083,"denmark"
"530",2015-03-01,0.2,5073.8,0.31,738144,-0.75,0.45271477558444,5000.52229520794,6.5636,"denmark"
"531",2015-04-01,0.6,9715.7,0.3,738753,-0.75,0.6,3527,6.8954,"denmark"
"532",2015-05-01,0.5,7812.5,0.52,706128,-0.75,0.580472565173291,4344.94402355554,6.9011,"denmark"
"533",2015-06-01,0.6,7422.7,0.66,659801,-0.75,0.424147070361875,6865.71601009184,6.6823,"denmark"
"534",2015-07-01,0.7,2713.9,1.01,627778,-0.75,0.2,10119,6.646,"denmark"
"535",2015-08-01,0.7,4145.8,0.827,584342,-0.75,-0.0307845385134212,13236.6369079723,6.785,"denmark"
"536",2015-09-01,0.5,4313.7,1.002,539033,-0.75,-0.238191945920829,15759.0951459062,6.7035,"denmark"
"537",2015-10-01,0.5,6613.7,0.855,515465,-0.75,-0.4,17329,6.6447,"denmark"
"538",2015-11-01,0.4,3873.2,0.866,493734,-0.75,-0.493986478528713,17568.5453815921,6.6453,"denmark"
"539",2015-12-01,0.3,5388.5,0.747,483900,-0.75,-0.497929159284746,16018.1997025798,6.9555,"denmark"
"540",2016-01-01,0.5,NA,0.942,434900,-0.75,-0.389605820045876,12198,6.853,"denmark"
"541",2016-02-01,NA,NA,0.635,NA,-0.65,-0.146794238589882,5627.98331088988,6.8743,"denmark"
"542",2016-03-01,NA,NA,0.549,NA,NA,0.25272780730546,-4171.81332771357,6.7634,"denmark"
