"","Date","Infl_f","BOT_f","Yield_f","FER_f","Int_f","1Y_Yield","GDPG_f","CA_f","FDI_f","Exchange","Country"
"1",1971-02-01,NA,NA,NA,11000,NA,-189868.767092329,-268.174194709393,60718.9788535731,5872298.72764153,NA,"mexico"
"2",1971-03-01,NA,NA,NA,11100,NA,-187795.195901824,-280.675307513387,75855.5619117996,5827238.43792497,NA,"mexico"
"3",1971-04-01,NA,NA,NA,11500,NA,-185736.776154685,-293,85028,5782409.24843619,NA,"mexico"
"4",1971-05-01,NA,NA,NA,11700,NA,-183693.452295358,-304.392716613677,89291.8486737298,5737810.56503219,NA,"mexico"
"5",1971-06-01,NA,NA,NA,11600,NA,-181665.168768286,-314.097901798862,89702.6634885446,5693441.79356997,NA,"mexico"
"6",1971-07-01,NA,NA,NA,12000,NA,-179651.870017914,-321.36,87316,5649302.33990652,NA,"mexico"
"7",1971-08-01,NA,NA,NA,12200,NA,-177653.500488687,-325.473743915477,83231.5731981046,5605391.60989885,NA,"mexico"
"8",1971-09-01,NA,NA,NA,12500,NA,-175670.004625049,-325.935019259445,78725.7358106798,5561709.00940396,NA,"mexico"
"9",1971-10-01,NA,NA,NA,12400,NA,-173701.326871444,-322.29,75119,5518253.94427885,NA,"mexico"
"10",1971-11-01,NA,NA,NA,13700,NA,-171747.411672318,-313.833418835528,73511.0807560739,5475025.82038051,NA,"mexico"
"11",1971-12-01,NA,NA,NA,13900,NA,-169808.203472113,-298.85424338558,74118.5043798473,5432024.04356595,NA,"mexico"
"12",1972-01-01,NA,NA,NA,14100,NA,-167883.646715275,-275.39,76937,5389248.01969217,NA,"mexico"
"13",1972-02-01,NA,NA,NA,15800,NA,-165973.685846249,-244.374802964634,81614.5482220441,5346697.15461616,NA,"mexico"
"14",1972-03-01,NA,NA,NA,16800,NA,-164078.265309478,-218.329118309345,86408.13555882,5304370.85419493,NA,"mexico"
"15",1972-04-01,NA,NA,NA,16100,NA,-162197.329549407,-212.67,89227,5262268.52428548,NA,"mexico"
"16",1972-05-01,NA,NA,NA,16600,NA,-160330.82301048,-237.785517454083,88560.0226520459,5220389.5707448,NA,"mexico"
"17",1972-06-01,NA,NA,NA,17000,NA,-158478.690137143,-283.947801895556,85214.6570885766,5178733.39942991,NA,"mexico"
"18",1972-07-01,NA,NA,NA,17500,NA,-156640.875373839,-336.4,80578,5137299.41619779,NA,"mexico"
"19",1972-08-01,NA,NA,NA,18300,NA,-154817.323165013,-381.968312404218,75651.5093179203,5096087.02690544,NA,"mexico"
"20",1972-09-01,NA,NA,NA,17700,NA,-153007.977955109,-413.81115558991,69894.0879387257,5055095.63740988,NA,"mexico"
"21",1972-10-01,NA,NA,NA,17200,NA,-151212.784188572,-426.67,62379,5014324.65356809,NA,"mexico"
"22",1972-11-01,NA,NA,NA,16000,NA,-149431.686309847,-417.6267884846,53262.6437799764,4973773.48123708,NA,"mexico"
"23",1972-12-01,NA,NA,NA,16100,NA,-147664.628763376,-393.125353522581,47033.9541194838,4933441.52627384,NA,"mexico"
"24",1973-01-01,NA,NA,NA,17700,NA,-145911.555993606,-361.95,49265,4893328.19453539,NA,"mexico"
"25",1973-02-01,NA,NA,NA,18600,NA,-144172.412444981,-332.487866990714,63252.2488955073,4853432.89187871,NA,"mexico"
"26",1973-03-01,NA,NA,NA,19100,NA,-142447.142561944,-311.537430319767,83189.7622500058,4813755.0241608,NA,"mexico"
"27",1973-04-01,NA,NA,NA,18900,NA,-140735.690788941,-305.5,100996,4774293.99723868,NA,"mexico"
"28",1973-05-01,NA,NA,NA,18800,NA,-139038.001570416,-318.371743552543,110392.990267624,4735049.21696933,NA,"mexico"
"29",1973-06-01,NA,NA,NA,18200,NA,-137354.019350813,-344.528258531683,112317.03391753,4696020.08920976,NA,"mexico"
"30",1973-07-01,NA,NA,NA,17900,NA,-135683.688574577,-375.94,109508,4657206.01981697,NA,"mexico"
"31",1973-08-01,NA,NA,NA,17200,NA,-134026.953686152,-407.014788428745,104164.197441404,4618606.41464795,NA,"mexico"
"32",1973-09-01,NA,NA,NA,18300,NA,-132383.759129982,-441.90990592387,96317.6946724665,4580220.67955971,NA,"mexico"
"33",1973-10-01,NA,NA,NA,16100,NA,-130754.049350513,-487.22,85459,4542048.22040925,NA,"mexico"
"34",1973-11-01,NA,NA,NA,15100,NA,-129137.768792188,-543.955399028772,72468.479226019,4504088.44305356,NA,"mexico"
"35",1973-12-01,NA,NA,NA,16900,NA,-127534.861899453,-590.789154809873,63785.9281333448,4466340.75334966,NA,"mexico"
"36",1974-01-01,NA,NA,NA,19000,NA,-125945.27311675,-600.81,67241,4428804.55715453,NA,"mexico"
"37",1974-02-01,23.92,NA,NA,18200,NA,-124368.946888526,-561.205096937646,87467.7375063716,4391479.26032517,NA,"mexico"
"38",1974-03-01,25.68,NA,NA,18400,NA,-122805.827659224,-515.555326688489,116317.740942303,4354364.2687186,NA,"mexico"
"39",1974-04-01,25.54,NA,NA,21500,NA,-121255.859873288,-521.54,142447,4317458.9881918,NA,"mexico"
"40",1974-05-01,25.26,NA,NA,21400,NA,-119718.987975164,-616.210139146567,156918.978155902,4280762.82460178,NA,"mexico"
"41",1974-06-01,24.92,NA,NA,21500,NA,-118195.156409296,-754.103612510244,160427.034023371,4244275.18380553,NA,"mexico"
"42",1974-07-01,25.13,NA,NA,21100,NA,-116684.309620127,-869.13,156072,4207995.47166006,NA,"mexico"
"43",1974-08-01,23.76,NA,NA,18200,NA,-115186.392052103,-914.704716846454,146999.460981132,4171923.09402237,NA,"mexico"
"44",1974-09-01,23.09,NA,NA,17200,NA,-113701.348149668,-922.26651956683,136534.011853104,4136057.45674946,NA,"mexico"
"45",1974-10-01,21.6,NA,NA,18300,NA,-112229.122357267,-942.76,128045,4100397.96569833,NA,"mexico"
"46",1974-11-01,22.44,NA,NA,17500,NA,-110769.659119343,-1009.77803050465,123985.881623273,4064944.02672597,NA,"mexico"
"47",1974-12-01,24.31,NA,NA,19900,NA,-109322.902880342,-1087.50660551873,123146.548193844,4029695.04568939,NA,"mexico"
"48",1975-01-01,20.6,NA,NA,18900,NA,-107888.798084707,-1122.78,123401,3994650.42844558,NA,"mexico"
"49",1975-02-01,17.92,NA,NA,18300,NA,-106467.289176884,-1082.7298278016,123390.642155404,3959809.58085156,NA,"mexico"
"50",1975-03-01,15.95,NA,NA,20000,NA,-105058.320601316,-1015.67705835824,124826.499075224,3925171.90876431,NA,"mexico"
"51",1975-04-01,15.79,NA,NA,19800,NA,-103661.836802448,-990.24,130187,3890736.81804083,NA,"mexico"
"52",1975-05-01,15.2,NA,NA,19900,NA,-102277.782224725,-1050.58488051117,140194.549755109,3856503.71453814,NA,"mexico"
"53",1975-06-01,15.83,NA,NA,19600,NA,-100906.101312591,-1143.06960549277,148547.455505261,3822472.00411322,NA,"mexico"
"54",1975-07-01,16.65,NA,NA,18800,NA,-99546.7385104901,-1189.6,147188,3788641.09262308,NA,"mexico"
"55",1975-08-01,15.91,NA,NA,20700,NA,-98199.6382628672,-1140.00768719076,131418.047713048,3755010.38592472,NA,"mexico"
"56",1975-09-01,15.69,NA,NA,19200,NA,-96864.7450141666,-1055.82748263366,109977.790014843,3721579.28987513,NA,"mexico"
"57",1975-10-01,15.22,NA,NA,18100,NA,-95542.0032088328,-1026.52,94967,3688347.21033132,NA,"mexico"
"58",1975-11-01,13.56,NA,NA,19100,NA,-94231.3572913102,-1109.47362998505,95621.037170475,3655313.55315029,NA,"mexico"
"59",1975-12-01,11.27,NA,NA,23200,NA,-92932.7517060432,-1233.78787137999,109717.606657588,3622477.72418903,NA,"mexico"
"60",1976-01-01,11.31,NA,NA,20900,NA,-91646.1308974763,-1296.49,132170,3589839.12930456,NA,"mexico"
"61",1976-02-01,12.02,NA,NA,19100,NA,-90371.439310054,-1227.03705212831,157787.285086533,3557397.17435386,NA,"mexico"
"62",1976-03-01,13.49,NA,NA,21300,NA,-89108.6213882206,-1084.60510592044,180961.635206656,3525151.26519393,NA,"mexico"
"63",1976-04-01,13.89,NA,NA,20200,NA,-87857.6215764206,-960.8,195981,3493100.80768179,NA,"mexico"
"64",1976-05-01,13.72,NA,NA,23200,NA,-86618.3843190986,-924.511494835048,198603.637298208,3461245.20767442,NA,"mexico"
"65",1976-06-01,13.01,NA,NA,23000,NA,-85390.8540606988,-953.765038271565,190469.037700973,3429583.87102883,NA,"mexico"
"66",1976-07-01,11.56,NA,NA,23000,NA,-84174.9752456658,-1003.87,174687,3398116.20360201,NA,"mexico"
"67",1976-08-01,11.62,NA,NA,18300,NA,-82970.692318444,-1036.85733890187,154098.017572487,3366841.61125097,NA,"mexico"
"68",1976-09-01,11.72,NA,NA,18000,NA,-81777.9497234778,-1041.64437062293,130465.362137601,3335759.49983271,NA,"mexico"
"69",1976-10-01,14.69,NA,NA,22700,NA,-80596.6919052117,-1013.87,105283,3304869.27520423,NA,"mexico"
"70",1976-11-01,20.53,NA,NA,21800,NA,-79426.8633080901,-949.178779187111,81137.1442636944,3274170.34322253,NA,"mexico"
"71",1976-12-01,25.1,NA,NA,34900,NA,-78268.4083765576,-843.237849607098,64982.9952301039,3243662.1097446,NA,"mexico"
"72",1977-01-01,27.2,NA,NA,28200,NA,-77121.2715550584,-691.72,64868,3213343.98062745,NA,"mexico"
"73",1977-02-01,28.77,NA,NA,36700,NA,-75985.3972880371,-501.670877683021,85285.1831505127,3183215.36172807,NA,"mexico"
"74",1977-03-01,29.19,NA,NA,36700,NA,-74860.7300199382,-325.627564282016,116509.879164205,3153275.65890348,NA,"mexico"
"75",1977-04-01,30.17,NA,NA,36700,NA,-73747.2141952059,-227.5,145263,3123524.27801066,NA,"mexico"
"76",1977-05-01,31.22,NA,NA,38200,NA,-72644.7942582849,-250.801413784508,161069.012023144,3093960.62490661,NA,"mexico"
"77",1977-06-01,31.45,NA,NA,33800,NA,-71553.4146536195,-357.458189561136,164666.599224185,3064584.10544835,NA,"mexico"
"78",1977-07-01,32.53,NA,NA,37700,NA,-70473.0198256542,-489,159598,3035394.12549286,NA,"mexico"
"79",1977-08-01,32.91,NA,NA,41100,NA,-69403.5542188335,-596.464578290059,148909.990979135,3006390.09089715,NA,"mexico"
"80",1977-09-01,34.35,NA,NA,41100,NA,-68344.9622776017,-668.921899695661,133667.50171683,2977571.40751822,NA,"mexico"
"81",1977-10-01,32.22,NA,NA,42500,NA,-67297.1884464033,-704.95,114440,2948937.48121306,NA,"mexico"
"82",1977-11-01,26.13,NA,NA,44300,NA,-66260.1771696828,-703.144347129329,94851.8388751314,2920487.71783868,NA,"mexico"
"83",1977-12-01,22,NA,NA,43700,NA,-65233.8728918846,-662.170137582144,90746.9124270111,2892221.52325208,NA,"mexico"
"84",1978-01-01,20.66,NA,NA,44700,NA,-64218.2200574532,-580.71,121024,2864138.30331026,NA,"mexico"
"85",1978-02-01,19.53,NA,NA,49500,NA,-63213.163110833,-470.961736896327,194300.949816636,2836237.46387021,NA,"mexico"
"86",1978-03-01,18.63,NA,NA,46000,NA,-62218.6464964684,-399.183846272058,278071.885612162,2808518.41078894,NA,"mexico"
"87",1978-04-01,17.81,NA,NA,46600,NA,-61234.6146588039,-445.15,329550,2780980.54992345,NA,"mexico"
"88",1978-05-01,17.35,NA,NA,47100,NA,-60261.0120422839,-651.122408989065,318355.510006474,2753623.28713073,NA,"mexico"
"89",1978-06-01,17.46,NA,NA,46600,NA,-59297.783091353,-909.317440292586,263736.730309526,2726446.02826779,NA,"mexico"
"90",1978-07-01,17.64,NA,NA,45800,NA,-58344.8722504554,-1074.44,197349,2699448.17919163,NA,"mexico"
"91",1978-08-01,18.3,NA,NA,46900,NA,-57402.2239640357,-1046.53603455482,146357.936083394,2672629.14575924,NA,"mexico"
"92",1978-09-01,17.07,NA,NA,48400,NA,-56469.7826765383,-907.015651816859,119970.267223809,2645988.33382764,NA,"mexico"
"93",1978-10-01,16.35,NA,NA,48400,NA,-55547.4928324077,-782.63,122903,2619525.14925381,NA,"mexico"
"94",1978-11-01,16.86,NA,NA,48400,NA,-54635.2988760882,-766.105675013875,153418.264178469,2593238.99789476,NA,"mexico"
"95",1978-12-01,16.79,NA,NA,49200,NA,-53733.1452520245,-814.071063551091,183958.682276718,2567129.28560748,NA,"mexico"
"96",1979-01-01,16.17,NA,NA,52300,NA,-52840.9764046608,-849.13,180512,2541195.41824898,NA,"mexico"
"97",1979-02-01,17.68,NA,NA,55800,NA,-51958.7367784416,-818.055339463754,126380.451647176,2515436.80167626,NA,"mexico"
"98",1979-03-01,17.68,NA,NA,57200,NA,-51086.3708178114,-764.296019904703,74124.225891541,2489852.84174632,NA,"mexico"
"99",1979-04-01,18.05,NA,NA,58200,NA,-50223.8229672146,-755.47,93618,2464442.94431615,NA,"mexico"
"100",1979-05-01,17.8,NA,NA,59600,NA,-49371.0376710957,-840.030744908889,228049.929232828,2439206.51524276,NA,"mexico"
"101",1979-06-01,18.18,NA,NA,57600,NA,-48527.9593738991,-989.773745718985,413862.080823785,2414142.96038315,NA,"mexico"
"102",1979-07-01,17.87,NA,NA,58300,NA,-47694.5325200693,-1157.33,560810,2389251.68559431,NA,"mexico"
"103",1979-08-01,17.31,NA,NA,59400,NA,-46870.7015540507,-1301.55205127106,600368.794384475,2364532.09673326,NA,"mexico"
"104",1979-09-01,17.91,NA,NA,60200,NA,-46056.4109202877,-1406.17862684898,550891.82118369,2339983.59965698,NA,"mexico"
"105",1979-10-01,18.01,NA,NA,61500,NA,-45251.6050632248,-1461.17,452452,2315605.60022247,NA,"mexico"
"106",1979-11-01,18.63,NA,NA,63600,NA,-44456.2284273064,-1460.14882778464,343479.967303348,2291397.50428675,NA,"mexico"
"107",1979-12-01,18.93,NA,NA,63600,NA,-43670.225456977,-1411.38730244063,255837.227034046,2267358.7177068,NA,"mexico"
"108",1980-01-01,20.02,NA,NA,70400,NA,-42893.540596681,-1326.82,219743,2243488.64633963,NA,"mexico"
"109",1980-02-01,21.56,-6.8,NA,72200,NA,-42126.1182908629,-1231.63819314593,253485.706772504,2219786.69604223,NA,"mexico"
"110",1980-03-01,22.6,-96.65,NA,72900,NA,-41367.9029839671,-1204.05994116627,327630.56697642,2196252.27267161,NA,"mexico"
"111",1980-04-01,23.45,-32.73,NA,74200,NA,-40618.8391204381,-1335.56,400812,2172884.78208477,NA,"mexico"
"112",1980-05-01,24.49,-43.43,NA,75200,NA,-39878.8711447202,-1678.91210333534,443104.798199227,2149683.63013871,NA,"mexico"
"113",1980-06-01,24.89,-215.4,NA,77600,NA,-39147.943501258,-2132.08589585727,470345.245801013,2126648.22269043,NA,"mexico"
"114",1980-07-01,25.97,-346.8,NA,79700,NA,-38426.0006344959,-2554.35,509810,2103777.96559692,NA,"mexico"
"115",1980-08-01,27.94,-383.86,NA,81300,NA,-37712.9869888783,-2840.16709721643,577896.063393549,2081072.26471519,NA,"mexico"
"116",1980-09-01,28.64,-309.42,NA,82800,NA,-37008.8470088497,-3024.77610503428,647481.820189898,2058530.52590223,NA,"mexico"
"117",1980-10-01,28.49,-328.09,NA,85400,NA,-36313.5251388546,-3178.61,680566,2036152.15501505,NA,"mexico"
"118",1980-11-01,28.2,-391.14,NA,87300,NA,-35626.9658233373,-3342.68617446562,650916.911189538,2013936.55791066,NA,"mexico"
"119",1980-12-01,28.77,-390.08,NA,90900,NA,-34949.1135067423,-3440.3596840056,579381.1771431,1991883.14044603,NA,"mexico"
"120",1981-01-01,29.85,-513.87,NA,93100,NA,-34279.912633514,-3365.57,498575,1969991.30847819,NA,"mexico"
"121",1981-02-01,27.8,-98.99,NA,95800,NA,-33619.307648097,-3069.25301973592,441251.699255705,1948260.46786412,NA,"mexico"
"122",1981-03-01,27.98,-265.82,NA,98100,NA,-32967.2429949356,-2730.33034412852,440713.063830295,1926690.02446083,NA,"mexico"
"123",1981-04-01,28.08,-45.3,NA,101500,NA,-32323.6631184742,-2584.72,530398,1905279.38412531,NA,"mexico"
"124",1981-05-01,28.72,79.11,NA,105500,NA,-31688.5124631575,-2802.06359844256,717643.92141727,1884027.95271458,NA,"mexico"
"125",1981-06-01,28.57,-189.22,NA,109700,NA,-31061.7354734297,-3286.89708762847,905382.271239424,1862935.13608562,NA,"mexico"
"126",1981-07-01,27.83,-694.06,NA,90600,NA,-30443.2765937353,-3877.48,970443,1842000.34009544,NA,"mexico"
"127",1981-08-01,26.55,-1180.57,NA,99600,NA,-29833.0802685188,-4427.34369760494,839437.096556696,1821222.97060103,NA,"mexico"
"128",1981-09-01,26.54,-386.59,NA,119600,NA,-29231.0909422245,-4851.10686091315,638099.70306386,1800602.4334594,NA,"mexico"
"129",1981-10-01,27.47,-19.35,NA,99600,NA,-28637.2530592971,-5078.66,541947,1780138.13452755,NA,"mexico"
"130",1981-11-01,28.36,-657.82,NA,96600,NA,-28051.5110641808,-5070.144944471,666989.655318908,1759829.47966248,NA,"mexico"
"131",1981-12-01,28.6,-14.35,NA,107000,NA,-27473.8094013202,-4906.70880205225,891216.286875506,1739675.87472118,NA,"mexico"
"132",1982-01-01,28.68,-403.89,NA,132100,NA,-26904.0925151597,-4699.75,1033110,1719676.72556067,NA,"mexico"
"133",1982-02-01,30.86,-116.07,NA,96200,NA,-26342.3048501437,-4529.62504302957,964292.541426932,1699831.43803792,NA,"mexico"
"134",1982-03-01,32.74,-181.28,NA,104700,NA,-25788.3908507167,-4352.52274569265,768940.22350819,1680139.41800996,NA,"mexico"
"135",1982-04-01,34.71,-324.22,NA,150900,NA,-25242.2949613231,-4093.59,584368,1660600.07133377,NA,"mexico"
"136",1982-05-01,38.88,-32.36,NA,107500,NA,-24703.9616264074,-3694.50525378108,516495.919714106,1641212.80386636,NA,"mexico"
"137",1982-06-01,44.5,576.67,NA,183900,NA,-24173.335290414,-3163.0731781401,545664.411684327,1621977.02146473,NA,"mexico"
"138",1982-07-01,49.37,529.41,NA,103200,NA,-23650.3603977873,-2523.63,620819,1602892.12998587,NA,"mexico"
"139",1982-08-01,54.35,683.56,NA,112300,NA,-23134.9813929719,-1806.9717196239,690766.372309237,1583957.5352868,NA,"mexico"
"140",1982-09-01,68.21,804.26,NA,147500,NA,-22627.1427204121,-1069.73343063582,703757.870495243,1565172.64322449,NA,"mexico"
"141",1982-10-01,73.95,1100.42,NA,136900,NA,-22126.7888245524,-375.01,607906,1546536.85965597,NA,"mexico"
"142",1982-11-01,79,1151.9,NA,131600,NA,-21633.8641498372,224.438428572969,386093.257715614,1528049.59043822,NA,"mexico"
"143",1982-12-01,84.49,1527.04,NA,124000,NA,-21148.3131407109,717.190604387087,160282.106334699,1509710.24142825,NA,"mexico"
"144",1983-01-01,98.84,1325.22,NA,176400,NA,-20670.0802416182,1102.16,87205,1491518.21848306,NA,"mexico"
"145",1983-02-01,110.04,1493.98,NA,230400,NA,-20199.1098970032,1379.6994868135,267023.041272754,1473472.92745965,NA,"mexico"
"146",1983-03-01,112.95,997.75,NA,256700,NA,-19735.3465513106,1555.91953160599,573611.926388181,1455573.77421501,NA,"mexico"
"147",1983-04-01,115.39,1074.28,NA,334100,NA,-19278.7346489848,1638.37,824276,1437820.16460615,NA,"mexico"
"148",1983-05-01,117.25,1150.88,NA,367600,NA,-18829.2186344701,1634.98695750635,883312.873489669,1420211.50449006,NA,"mexico"
"149",1983-06-01,114.61,1133.44,NA,408000,NA,-18386.7429522111,1555.25126918895,802993.225149613,1402747.19972376,NA,"mexico"
"150",1983-07-01,112.5,1032.16,NA,436000,NA,-17951.2520466521,1409.03,682581,1385426.65616423,NA,"mexico"
"151",1983-08-01,112.08,989.26,NA,537900,NA,-17522.6903622378,1219.67860908703,598429.872175978,1368249.27966848,NA,"mexico"
"152",1983-09-01,98.08,1094.68,NA,454800,NA,-17101.0023434123,1064.50613237894,535252.432272625,1351214.4760935,NA,"mexico"
"153",1983-10-01,93.83,1187.33,NA,550800,NA,-16686.1324346203,1034.31,454851,1334321.65129631,NA,"mexico"
"154",1983-11-01,90.39,1256.79,NA,538200,NA,-16278.0250803062,1189.38230984924,337604.378547158,1317570.21113389,NA,"mexico"
"155",1983-12-01,91.87,1458.43,NA,717700,NA,-15876.6247249144,1467.9938309249,238197.305019144,1300959.56146324,NA,"mexico"
"156",1984-01-01,80.78,1235.83,NA,708500,NA,-15481.8758128893,1777.91,229891,1284489.10814138,NA,"mexico"
"157",1984-02-01,73.4,1576.8,NA,777200,NA,-15093.7227886755,2034.32733670118,355620.391413166,1268158.25702529,NA,"mexico"
"158",1984-03-01,73.25,1157.37,NA,858300,NA,-14712.1100967172,2182.16669206959,537015.236539685,1251966.41397198,NA,"mexico"
"159",1984-04-01,72.31,1368.72,NA,886600,NA,-14336.9821814591,2173.78,665379,1235912.98483844,NA,"mexico"
"160",1984-05-01,69.06,1270.42,NA,948900,NA,-13968.2834873455,1980.38056556825,661874.75950388,1219997.37548168,NA,"mexico"
"161",1984-06-01,67.41,1177.23,NA,1031000,NA,-13605.9584588209,1648.62717857451,567104.04511841,1204218.9917587,NA,"mexico"
"162",1984-07-01,67.14,1060.09,NA,1188800,NA,-13249.9515403297,1244.04,451528,1188577.2395265,NA,"mexico"
"163",1984-08-01,64.49,965.05,NA,1216000,NA,-12900.2071763163,833.724104729506,369877.644645386,1173071.52464208,NA,"mexico"
"164",1984-09-01,62.84,902.71,NA,1278100,NA,-12556.6698112253,491.124223262,313963.508912601,1157701.25296243,NA,"mexico"
"165",1984-10-01,62.68,942.66,NA,1427600,NA,-12219.283889501,291.27,259866,1142465.83034456,NA,"mexico"
"166",1984-11-01,62.96,1013.53,NA,1446400,NA,-11887.993855588,278.664867365573,194589.550803463,1127364.66264546,NA,"mexico"
"167",1984-12-01,59.2,969.25,NA,1682500,NA,-11562.7441539305,375.707409858973,148834.697008964,1112397.15572215,NA,"mexico"
"168",1985-01-01,59.16,780.28,NA,1561300,NA,-11243.4792289732,474.27,164226,1097562.71543161,NA,"mexico"
"169",1985-02-01,60.75,612.42,NA,1534200,NA,-10930.1435251604,483.881981363756,267873.115103725,1082860.74763085,NA,"mexico"
"170",1985-03-01,59.04,836.42,NA,1396300,NA,-10622.6814869366,384.700581746552,428826.073421915,1068290.65817686,NA,"mexico"
"171",1985-04-01,58.43,974.92,NA,1611300,NA,-10321.0375587462,174.54,601620,1053851.85292665,NA,"mexico"
"172",1985-05-01,56.53,794.23,NA,1627700,NA,-10025.1561850336,-125.768718746525,744457.877670525,1039543.73773722,NA,"mexico"
"173",1985-06-01,55.1,581.74,NA,1623300,NA,-9734.98181024339,-403.32714425259,830214.120414488,1025365.71846557,NA,"mexico"
"174",1985-07-01,53.43,154.13,NA,1586800,NA,-9450.45887881992,-522.22,835431,1011317.20096869,NA,"mexico"
"175",1985-08-01,53.73,636.59,NA,1613000,NA,-9171.53183520764,-387.946365636917,747775.81865862,997397.591103593,NA,"mexico"
"176",1985-09-01,56.02,699.1,NA,1620200,NA,-8898.14512385101,-71.6627454769332,599416.00047569,983606.294727271,NA,"mexico"
"177",1985-10-01,57.55,722.85,NA,1756400,NA,-8630.24318919447,314.06,433644,969942.717696727,NA,"mexico"
"178",1985-11-01,58.02,642.28,NA,1894800,NA,-8367.77047568246,659.279736849747,288127.292139441,956406.265868959,NA,"mexico"
"179",1985-12-01,59.82,916.04,NA,1969200,NA,-8110.67142775942,864.569237271433,178033.433238308,942996.345100969,NA,"mexico"
"180",1986-01-01,63.75,827.42,NA,2061290,NA,-7858.89048986982,833.13,112905,929712.361249756,NA,"mexico"
"181",1986-02-01,65.92,494.86,NA,2417830,NA,-7612.37210645807,514.453344163855,102242.086857692,916553.72017232,NA,"mexico"
"182",1986-03-01,66.38,336.05,NA,2648620,NA,-7371.06072196864,43.1898704652737,155374.85916367,903519.827725661,NA,"mexico"
"183",1986-04-01,67.62,335.55,NA,2719240,NA,-7134.90078084595,-399.72,281591,890610.08976678,NA,"mexico"
"184",1986-05-01,71.11,217.19,NA,3009250,NA,-6903.83672753447,-674.188298690351,472071.656726089,877823.912152676,NA,"mexico"
"185",1986-06-01,76.44,310.95,NA,2827310,NA,-6677.81300647864,-803.536867280676,645571.833810715,865160.700740349,NA,"mexico"
"186",1986-07-01,83.17,273.83,NA,2451480,NA,-6456.77406212289,-851.94,702740,852619.861386799,NA,"mexico"
"187",1986-08-01,85.84,150.08,NA,2371450,NA,-6240.66433891168,-864.337186439488,589312.767719434,840200.799949027,NA,"mexico"
"188",1986-09-01,92.25,374.4,NA,3012840,NA,-6029.42828128944,-808.728697638866,431379.324111988,827902.922284032,NA,"mexico"
"189",1986-10-01,95.96,548.8,NA,3238450,NA,-5823.01033370062,-633.88,400117,815725.634248813,NA,"mexico"
"190",1986-11-01,99.58,563.17,NA,3736870,NA,-5621.35494058967,-311.017029625771,601448.309433211,803668.341700372,NA,"mexico"
"191",1986-12-01,103.67,680.58,NA,4324650,NA,-5424.40654640104,98.7923985768801,880276.499370964,791730.450495709,NA,"mexico"
"192",1987-01-01,105.75,734.2,NA,6029230,NA,-5232.10959557915,512.02,1016250,779911.366491822,NA,"mexico"
"193",1987-02-01,104.34,776.95,NA,7167270,NA,-5044.40853256847,861.496416053685,862683.587140313,768210.495545713,NA,"mexico"
"194",1987-03-01,109.76,709.47,NA,8026020,NA,-4861.24780181342,1145.48799222023,567557.419144899,756627.243514381,NA,"mexico"
"195",1987-04-01,113.69,783.66,NA,9692020,NA,-4682.57184775847,1378.62,352518,745161.016254826,NA,"mexico"
"196",1987-05-01,120.86,763.1,NA,14780300,NA,-4508.32511484805,1560.83432837399,373586.638301831,733811.219624048,NA,"mexico"
"197",1987-06-01,125,877.11,NA,15981200,NA,-4338.45204752661,1633.33933624588,524283.861086479,722577.259479048,NA,"mexico"
"198",1987-07-01,126.73,888.63,NA,18075600,NA,-4172.89709023859,1522.66,632505,711458.541676824,NA,"mexico"
"199",1987-08-01,133.44,696.48,NA,19244500,NA,-4011.60468742843,1198.80367785774,582283.74854125,700454.472074378,NA,"mexico"
"200",1987-09-01,133.88,564.06,NA,21082300,NA,-3854.51928354059,805.707255388819,482207.247620295,689564.456528709,NA,"mexico"
"201",1987-10-01,135.18,700.16,NA,22272500,NA,-3701.5853230195,530.79,497001,678787.900896818,NA,"mexico"
"202",1987-11-01,141,699.22,NA,22778000,NA,-3552.74725030961,506.566886120954,727491.293459092,668124.211035703,NA,"mexico"
"203",1987-12-01,143.65,669.19,NA,23989900,NA,-3407.94950985537,645.935716272913,1018907.55583975,657572.792802366,NA,"mexico"
"204",1988-01-01,159.17,659.02,NA,28814000,NA,-3267.13654610121,806.89,1152580,647133.052053806,NA,"mexico"
"205",1988-02-01,176.83,604.06,NA,29154500,NA,-3130.25280349159,875.571370251031,985757.966511268,636804.394647023,NA,"mexico"
"206",1988-03-01,179.73,607.84,NA,30466600,NA,-2997.24272647094,850.713953593602,679367.306798494,626586.226439017,NA,"mexico"
"207",1988-04-01,175.83,467.03,NA,35296000,NA,-2868.05075948371,759.2,470253,616477.953286789,NA,"mexico"
"208",1988-05-01,161.44,474,NA,36209500,NA,-2742.62134697435,616.164299541587,523509.544199538,606478.981047337,NA,"mexico"
"209",1988-06-01,147.82,400,NA,34939900,NA,-2620.89893338731,389.751802686013,717229.513262574,596588.715577664,NA,"mexico"
"210",1988-07-01,135.81,273.47,NA,31734900,NA,-2502.82796316701,36.3599999999999,857755,586806.562734767,NA,"mexico"
"211",1988-08-01,121.79,5.01,NA,26594900,NA,-2388.35288075792,-459.159679528492,809610.634468357,577131.928375647,NA,"mexico"
"212",1988-09-01,106.92,66.2,NA,27498100,NA,-2277.41813060447,-998.140053226544,670051.195706767,567564.218357305,NA,"mexico"
"213",1988-10-01,95.24,-143.59,NA,22130700,NA,-2169.96815715111,-1453.46,594514,558102.838536739,NA,"mexico"
"214",1988-11-01,81.59,-100.28,NA,20214900,NA,-2065.94740484228,-1722.86817402021,688475.806815924,548747.194770951,NA,"mexico"
"215",1988-12-01,70.5,-65.43,NA,14888100,NA,-1965.30031812243,-1803.59233052058,857571.148354803,539496.692916941,NA,"mexico"
"216",1989-01-01,51.66,21.2,NA,14551400,NA,-1867.971341436,-1717.73,957474,530350.738831707,NA,"mexico"
"217",1989-02-01,34.56,121.67,NA,15101400,NA,-1773.90491922743,-1500.29762439065,889024.841971651,521308.738372251,NA,"mexico"
"218",1989-03-01,25.89,86.5,NA,15455100,NA,-1683.04549594118,-1237.98729135781,733730.173836984,512370.097395571,NA,"mexico"
"219",1989-04-01,21.05,197.37,NA,13995600,NA,-1595.33751602168,-1030.41,618263,503534.221758669,NA,"mexico"
"220",1989-05-01,19.2,36.23,NA,13857800,NA,-1510.72542391338,-960.094661750505,634659.417890065,494800.517318545,NA,"mexico"
"221",1989-06-01,18.54,90.78,NA,11790600,NA,-1429.15366406073,-1041.24183738153,736407.897038003,486168.389932197,NA,"mexico"
"222",1989-07-01,17.58,73.39,NA,13017600,NA,-1350.56668090816,-1270.97,842360,477637.245456627,NA,"mexico"
"223",1989-08-01,16.81,136.46,NA,14691700,NA,-1274.90891890013,-1618.20261749621,890230.930912533,469206.489748833,NA,"mexico"
"224",1989-09-01,16.85,70.73,NA,14800900,NA,-1202.12482248107,-1939.08313689387,893190.460233228,460875.528665817,NA,"mexico"
"225",1989-10-01,17.3,-142.8,NA,18498600,NA,-1132.15883609544,-2061.56,883272,452643.768064579,NA,"mexico"
"226",1989-11-01,18.13,-142.92,NA,18713300,NA,-1064.95540418767,-1885.4415349313,882694.969570915,444510.613802117,NA,"mexico"
"227",1989-12-01,18.21,-132.56,NA,18071200,NA,-1000.45897120221,-1597.97561504301,874422.817584641,436475.471735433,NA,"mexico"
"228",1990-01-01,19.7,10.17,NA,17484500,NA,-938.613981583506,-1458.27,831605,428537.747721526,NA,"mexico"
"229",1990-02-01,22.48,223.55,NA,16008300,NA,-879.364879776003,-1639.28790944524,739748.116729734,420696.847617396,NA,"mexico"
"230",1990-03-01,23.57,282.97,NA,22481400,NA,-822.656110224143,-1969.41440293408,633787.343502281,412952.177280043,NA,"mexico"
"231",1990-04-01,24.4,35.3,NA,12099800,NA,-768.432117372372,-2190.89,561015,405303.142566467,NA,"mexico"
"232",1990-05-01,24.43,-105.47,NA,14745700,NA,-716.637345665134,-2121.25090136182,553939.785732371,397749.149333669,NA,"mexico"
"233",1990-06-01,24.89,-368.31,NA,16104400,NA,-667.216239546873,-1879.21603247991,585935.919517348,390289.603438648,NA,"mexico"
"234",1990-07-01,26.11,-415.17,NA,18989700,NA,-620.113243462033,-1658.8,615594,382923.910738404,NA,"mexico"
"235",1990-08-01,27.13,-471.14,NA,20258100,NA,-575.27280185506,-1606.27292955191,612705.592192632,375651.477089937,NA,"mexico"
"236",1990-09-01,28.08,-133.19,NA,21247100,NA,-532.639359170397,-1676.92702270182,591866.126576477,368471.708350248,NA,"mexico"
"237",1990-10-01,28.68,274.71,NA,22449000,NA,-492.15735985249,-1778.31,578872,361384.010376335,NA,"mexico"
"238",1990-11-01,28.62,-29.94,NA,24547100,NA,-453.771248345781,-1835.77515820831,600735.586237842,354387.7890252,NA,"mexico"
"239",1990-12-01,30.21,104.91,NA,28384300,NA,-417.425469094717,-1845.89809893502,689333.166769339,347482.450153842,NA,"mexico"
"240",1991-01-01,29.93,-280.55,NA,29949700,NA,-383.064466543741,-1823.06,877757,340667.399619262,NA,"mexico"
"241",1991-02-01,27.11,-407.02,NA,31023000,NA,-350.632685137298,-1798.02791909632,1172301.61841156,333942.043278458,NA,"mexico"
"242",1991-03-01,26.46,-424.09,NA,34028400,NA,-320.074569319833,-1867.11243340993,1472070.65079061,327305.786988432,NA,"mexico"
"243",1991-04-01,26.04,-130.84,NA,32613000,NA,-291.334563535788,-2143.01,1649370,320758.036606183,NA,"mexico"
"244",1991-05-01,25.45,-493.91,NA,38867800,NA,-264.35711222961,-2683.3568691101,1612694.86604186,314298.197988711,NA,"mexico"
"245",1991-06-01,24.51,-505.94,NA,41341400,NA,-239.086659845743,-3325.54846372153,1415297.63747561,307925.676993016,NA,"mexico"
"246",1991-07-01,23.1,-518.45,NA,42151900,NA,-215.467650828631,-3851.92,1146620,301639.879476099,NA,"mexico"
"247",1991-08-01,21.97,-790.34,NA,43495100,NA,-193.444529622718,-4103.99682668548,892207.176680265,295440.211294959,NA,"mexico"
"248",1991-09-01,20.76,-721.54,NA,42492000,NA,-172.961740672449,-4160.06482281504,722018.540047674,289326.078306596,NA,"mexico"
"249",1991-10-01,20.25,-619.8,NA,50517600,NA,-153.963728422268,-4157.6,702117,283296.88636801,NA,"mexico"
"250",1991-11-01,19.92,-708.11,NA,51270800,NA,-136.394937316621,-4208.90915748129,863700.130940786,277352.041336201,NA,"mexico"
"251",1991-12-01,19.72,-963.1,NA,59832200,NA,-120.19981179995,-4325.62224501829,1098504.16529665,271490.94906817,NA,"mexico"
"252",1992-01-01,18.79,-995.83,NA,53885600,NA,-105.322796316701,-4494.2,1263400,265713.015420915,NA,"mexico"
"253",1992-02-01,17.95,-1091.57,NA,55326900,NA,-91.7083353113186,-4700.19987672269,1257309.74400104,260017.646251438,NA,"mexico"
"254",1992-03-01,17.3,-1110.42,NA,58607200,NA,-79.3008732282465,-4925.56619711178,1147360.35432126,254404.247416738,NA,"mexico"
"255",1992-04-01,16.82,-1174.22,NA,56709000,NA,-68.0448545119295,-5151.34,1042730,248872.224773816,NA,"mexico"
"256",1992-05-01,16.64,-1244.06,NA,59556400,NA,-57.8847236068119,-5368.05466896129,1027697.04120322,243420.98417967,NA,"mexico"
"257",1992-06-01,16.28,-1313.46,NA,5.8e+07,NA,-48.7649249573383,-5604.21296653457,1086940.60260348,238049.931491302,NA,"mexico"
"258",1992-07-01,15.85,-1427.57,NA,55827800,NA,-40.629903007953,-5897.81,1180240,232758.472565711,NA,"mexico"
"259",1992-08-01,15.56,-1620.86,NA,56629200,NA,-33.4241022031005,-6262.83366965437,1267844.31340832,227546.013259897,NA,"mexico"
"260",1992-09-01,15.46,-1134.54,NA,55028500,NA,-27.0919669872253,-6617.24304786104,1311881.67970926,222411.959430861,NA,"mexico"
"261",1992-10-01,15.32,-1328.01,NA,55783700,NA,-21.5779418047718,-6854.99,1274950,217355.716935601,NA,"mexico"
"262",1992-11-01,14.82,-1451.35,NA,57187100,NA,-16.8264711001844,-6896.93620797679,1141519.85331167,212376.691631119,NA,"mexico"
"263",1992-12-01,12.96,-1451.11,NA,52327200,NA,-12.7819993179076,-6771.58261979906,983552.530411324,207474.289374414,NA,"mexico"
"264",1993-01-01,11.94,-1586.51,NA,57803400,NA,-9.38897090238589,-6534.34,894882,202647.916022486,NA,"mexico"
"265",1993-02-01,11.32,-1124.85,NA,64373500,NA,-6.59183029806362,-6238.97890584589,938997.38445612,197896.977432336,NA,"mexico"
"266",1993-03-01,10.91,-1227.99,NA,66293600,NA,-4.33502194938528,-5932.70906553532,1058008.42086766,193220.879460962,NA,"mexico"
"267",1993-04-01,10.44,-1262.5,NA,64791900,NA,-2.5629903007953,-5661.1,1163680,188619.027965366,NA,"mexico"
"268",1993-05-01,10.09,-1058.84,NA,74222900,NA,-1.22017979673813,-5474.72557604707,1183929.757012,184090.828802547,NA,"mexico"
"269",1993-06-01,10,-1074.92,NA,72639900,NA,-0.251034881658214,-5444.17704398557,1111286.30463654,179635.687829506,NA,"mexico"
"270",1993-07-01,9.87,-1139.17,NA,69518200,NA,0.4,-5645.05,954431,175253.010903241,NA,"mexico"
"271",1993-08-01,9.7,-1385.49,NA,70236400,NA,0.78848040379207,-6089.01360478065,739996.365273654,170942.203880754,NA,"mexico"
"272",1993-09-01,9.62,-1066.72,NA,70379000,NA,0.969961885273551,-6532.03127704092,566419.582808391,166702.672619044,NA,"mexico"
"273",1993-10-01,9.48,-1055.83,NA,71284100,NA,1,-6666.14,550089,162533.822975111,NA,"mexico"
"274",1993-11-01,9.14,-781.61,NA,71759000,NA,0.936483277630501,-6305.28519001553,774509.337448939,158435.060805955,NA,"mexico"
"275",1993-12-01,8.72,-1082.97,NA,58172300,NA,0.846632144238257,-5751.04599599891,1191650.80857434,154405.791968576,3.1498,"mexico"
"276",1994-01-01,8.01,-1219.64,NA,76211000,NA,0.8,-5426.91,1720600,150445.422319975,3.1083,"mexico"
"277",1994-02-01,7.5,-1462.93,NA,81612800,NA,0.854475374574816,-5634.56748700909,2279807.95159726,146553.357717151,3.1078,"mexico"
"278",1994-03-01,7.18,-1504.29,NA,93515600,NA,1.0212873155512,-6188.51955377825,2785183.51622759,142729.004017104,3.1218,"mexico"
"279",1994-04-01,7.1,-1329.95,NA,82815700,NA,1.3,-6781.47,3152000,138971.767076834,3.3026,"mexico"
"280",1994-05-01,7.01,-1419.24,NA,56513800,NA,1.65672633518135,-7171.10412120737,3321810.04134722,135281.052753342,3.3495,"mexico"
"281",1994-06-01,6.92,-1510.41,NA,56818200,NA,1.9237741491125,-7375.03319629549,3341283.60799679,131656.266903626,3.3167,"mexico"
"282",1994-07-01,6.85,-1620.63,NA,54263700,NA,1.9,-7475.85,3283370,128096.815384688,3.3671,"mexico"
"283",1994-08-01,6.81,-1544.97,NA,54982900,NA,1.48898965507017,-7553.2901022355,3200245.21634721,124602.104053527,3.4031,"mexico"
"284",1994-09-01,6.74,-1717.25,NA,55490100,NA,1.01324571762844,-7675.66025363238,3060992.05178523,121171.538767144,3.3814,"mexico"
"285",1994-10-01,6.71,-1532.12,NA,54939500,NA,0.9,-7908.41,2813920,117804.525382537,3.4022,"mexico"
"286",1994-11-01,6.83,-1634.42,NA,59140700,NA,1.36138911861203,-8227.09324762842,2437498.72289358,114500.469756708,3.4212,"mexico"
"287",1994-12-01,6.93,-1499.06,NA,43022100,NA,1.74916890629966,-8247.68134473055,2030838.55523264,111258.777746656,3.4425,"mexico"
"288",1995-01-01,7.05,-1688.37,NA,32739200,NA,1.2,-7496.25,1723210,108078.855209381,3.9748,"mexico"
"289",1995-02-01,10.23,-307.71,NA,19837300,NA,-0.81602761099979,-5701.98764799155,1617794.7068933,104960.108001883,5.6405,"mexico"
"290",1995-03-01,14.31,470.3,NA,52406300,NA,-3.49510652801229,-3406.53362670467,1713418.9124694,101901.941981163,5.6779,"mexico"
"291",1995-04-01,20.43,434.15,NA,46696500,NA,-5.7,-1354.64,1982820,98903.7630042196,6.777,"mexico"
"292",1995-05-01,29.39,895.55,NA,50356200,NA,-6.53061200794621,-125.71764188685,2374755.78286656,95964.9769280536,6.2285,"mexico"
"293",1995-06-01,34.15,990.99,NA,64478900,NA,-6.0354094609172,362.187333030728,2742065.79488974,93084.9896096647,5.9741,"mexico"
"294",1995-07-01,37.72,712.29,NA,63607800,NA,-4.5,356.370000000001,2913610,90263.2069060531,6.233,"mexico"
"295",1995-08-01,39.91,659.71,NA,84423900,NA,-2.2837465794376,93.0152525759882,2781673.27275157,87499.0346742186,6.122,"mexico"
"296",1995-09-01,41.57,691.91,NA,95129400,NA,-0.0410334060967141,-236.132742455274,2492240.13019384,84791.8787711614,6.2047,"mexico"
"297",1995-10-01,43.48,862.93,NA,94358400,NA,1.5,-450.44,2254720,82141.1450538814,6.3167,"mexico"
"298",1995-11-01,45.66,718.27,NA,96790500,NA,1.8618946219929,-425.939664713399,2220278.90390495,79546.2393793785,6.7452,"mexico"
"299",1995-12-01,48.46,470.94,NA,104014000,NA,1.56991345567442,-265.333400246668,2307109.23989045,77006.5676046529,7.6936,"mexico"
"300",1996-01-01,51.97,489.12,NA,120301000,NA,1.4,-127.99,2375160,74521.5355867045,7.687,"mexico"
"301",1996-02-01,51.72,667.49,NA,114908000,NA,1.88801994331784,-125.654741870539,2319992.96348049,72090.5491825333,7.4806,"mexico"
"302",1996-03-01,48.95,490.42,NA,120398000,NA,2.60952773154718,-179.578841743238,2179621.0583925,69713.0142491393,7.5183,"mexico"
"303",1996-04-01,43.75,776.4,NA,116763000,NA,2.9,-163.39,2027670,67388.3366435225,7.5682,"mexico"
"304",1996-05-01,36.93,838.4,NA,116474000,NA,2.31565523436536,0.60233589925906,1920778.13106197,65115.9222226829,7.4694,"mexico"
"305",1996-06-01,33.83,592.65,NA,118391000,NA,1.29567932184056,195.361730182582,1847634.30431734,62895.1768436205,7.4368,"mexico"
"306",1996-07-01,31.82,766.28,NA,116771000,NA,0.5,255.17,1779940,60725.5063633353,7.5648,"mexico"
"307",1996-08-01,31.03,385.69,NA,123427000,NA,0.423433193294802,57.5568797549841,1714500.80856791,58606.3166388273,7.6179,"mexico"
"308",1996-09-01,30.6,331.26,NA,117110000,NA,0.900347573683154,-346.956227135238,1748538.7613752,56537.0135270965,7.5143,"mexico"
"309",1996-10-01,30,694.97,NA,117655000,NA,1.6,-864.6,2004380,54517.0028851429,7.5441,"mexico"
"310",1996-11-01,28.97,267.84,NA,129521000,NA,2.22394532578877,-1385.90874380808,2532034.93096266,52545.6905699666,7.7345,"mexico"
"311",1996-12-01,27.77,209.06,NA,128790000,NA,2.60293038342682,-1738.63126608607,3092251.02055225,50622.4824385674,7.9119,"mexico"
"312",1997-01-01,27.7,510.48,NA,137804000,NA,2.6,-1734.82,3373460,48746.7843479455,7.8769,"mexico"
"313",1997-02-01,26.44,517.15,NA,148301000,NA,2.16226698503161,-1279.68523785598,3163422.43054439,46918.0021551007,7.8289,"mexico"
"314",1997-03-01,25.64,382.54,NA,161088000,NA,1.57311607779475,-651.068708520467,2647214.19345284,45135.5417170331,7.8023,"mexico"
"315",1997-04-01,24.46,669.63,NA,158637000,NA,1.2,-219.97,2109240,43398.8088907428,7.9562,"mexico"
"316",1997-05-01,22.33,124.25,NA,170936000,NA,1.29735710445517,-259.6940084717,1811154.60611903,41707.2095332297,7.9059,"mexico"
"317",1997-06-01,21.23,244.57,NA,176242000,NA,1.66756826835713,-652.766862795021,1923612.94637713,40060.1495014937,7.9037,"mexico"
"318",1997-07-01,20.35,271.88,NA,172764000,NA,2,-1184.02,2594520,38457.034652535,7.9498,"mexico"
"319",1997-08-01,19.7,-61.42,NA,175971000,NA,2.06682311566623,-1680.32317270166,3829484.33016466,36897.2708433535,7.8679,"mexico"
"320",1997-09-01,19.18,-124.13,NA,181284000,NA,1.97142566359154,-2136.699395855,5064928.83585345,35380.2639309491,7.7818,"mexico"
"321",1997-10-01,18.76,-123.22,NA,189931000,NA,1.9,-2590.21,5594980,33905.419772322,7.7809,"mexico"
"322",1997-11-01,18.24,-158.56,NA,216157000,NA,1.97609117362067,-3054.46959701794,4959571.03618528,32472.1442244721,7.8708,"mexico"
"323",1997-12-01,17.77,-386.13,NA,209233000,NA,2.07265500320263,-3449.30592415534,3681862.08057946,31079.8431443994,8.2716,"mexico"
"324",1998-01-01,15.72,-733.28,NA,225930000,NA,2,-3671.1,2530820,29727.9223891039,8.1271,"mexico"
"325",1998-02-01,15.27,-670.11,NA,242356000,NA,1.63992330096222,-3653.92140218952,2094532.26583496,28415.7878155856,8.2272,"mexico"
"326",1998-03-01,15.35,-586.46,NA,243801000,NA,1.16017654582015,-3482.59394456067,2237568.76775466,27142.8452808445,8.5021,"mexico"
"327",1998-04-01,15.27,-511.41,NA,250491000,NA,0.8,-3279.63,2643620,25908.5006418806,8.5681,"mexico"
"328",1998-05-01,15.1,-256.88,NA,258933000,NA,0.730882289197118,-3155.93331274248,3041849.15973415,24712.1597556939,8.5017,"mexico"
"329",1998-06-01,14.97,-317.4,NA,266271000,NA,0.853305480183429,-3175.97311241678,3343310.25580932,23553.2284792844,8.5848,"mexico"
"330",1998-07-01,15.31,-576.89,NA,267565000,NA,1,-3392.61,3504530,22431.1126696522,8.92,"mexico"
"331",1998-08-01,15.41,-922.9,NA,274103000,NA,1.0328438385456,-3820.31201350723,3503629.98411733,21345.2181837971,8.899,"mexico"
"332",1998-09-01,15.5,-805.31,NA,293914000,NA,0.930305237149837,-4319.97693910554,3405111.32011916,20294.9508787192,9.3712,"mexico"
"333",1998-10-01,15.92,-710.53,NA,290570000,NA,0.7,-4714.11,3295070,19279.7166114186,10.2192,"mexico"
"334",1998-11-01,16.65,-761.48,NA,296155000,NA,0.378483097361207,-4866.62159619157,3243186.08898171,18298.9212388951,10.1594,"mexico"
"335",1998-12-01,17.41,-904.2,NA,288070000,NA,0.118066163809817,-4807.04283486476,3253475.94519553,17351.9706181488,9.9685,"mexico"
"336",1999-01-01,18.61,-810.13,NA,298273000,NA,0.0999999999999999,-4606.31,3313540,16438.2706061798,9.9067,"mexico"
"337",1999-02-01,19.01,-547.87,NA,308343000,NA,0.427297846083642,-4327.74937950428,3407559.73402989,15557.227059988,10.1279,"mexico"
"338",1999-03-01,18.54,-323.15,NA,303076000,NA,0.890022700203488,-4004.24727699096,3506040.82502467,14708.2458365733,10.0057,"mexico"
"339",1999-04-01,18.26,-335.53,NA,286625000,NA,1.2,-3661.08,3576070,13890.7327929359,9.7324,"mexico"
"340",1999-05-01,18.23,-412.77,NA,279744000,NA,1.16047366645237,-3327.49236727279,3588834.97489874,13104.0937860756,9.4304,"mexico"
"341",1999-06-01,18.01,-251.35,NA,292398000,NA,0.94036155389475,-3048.60324235657,3531927.42137248,12347.7346729926,9.3955,"mexico"
"342",1999-07-01,17.39,-312.41,NA,284727000,NA,0.8,-2873.5,3397040,11621.0613106868,9.5146,"mexico"
"343",1999-08-01,17.04,-230.6,NA,295386000,NA,0.923400080699453,-2840.20189214529,3197490.73674553,10923.4795561582,9.3699,"mexico"
"344",1999-09-01,16.58,-433.14,NA,289535000,NA,1.18927182495825,-2942.45567950869,3033099.11911505,10254.3952664068,9.3979,"mexico"
"345",1999-10-01,15.83,-298.24,NA,291727000,NA,1.4,-3162.94,3025310,9613.21429843256,9.3413,"mexico"
"346",1999-11-01,14.91,-596.85,NA,296217000,NA,1.42740749223129,-3482.17228636828,3250373.18923027,8999.34250923556,9.5752,"mexico"
"347",1999-12-01,13.92,-855.28,NA,285692000,NA,1.42106966479075,-3872.02515071977,3603758.32438955,8412.18575581576,9.4161,"mexico"
"348",2000-01-01,12.32,-1015.71,NA,291925000,NA,1.6,-4302.21,3935740,7851.14989517317,9.4271,"mexico"
"349",2000-02-01,11.02,-605.9,NA,303481000,NA,2.08548846889389,-4721.95340682603,4141806.87670378,7315.64078430777,9.4935,"mexico"
"350",2000-03-01,10.52,-249.51,NA,298875000,NA,2.60793099736021,-4998.5426065011,4298303.87962306,6805.06428021959,9.4265,"mexico"
"351",2000-04-01,10.11,-345.81,NA,315766000,NA,2.8,-4978.78,4526790,6318.82623990861,9.2886,"mexico"
"352",2000-05-01,9.73,-390.45,NA,317641000,NA,2.41952752108205,-4579.36038262391,4876765.97062127,5856.33252037484,9.3937,"mexico"
"353",2000-06-01,9.48,-538.13,NA,311353000,NA,1.72498412354618,-3996.54812697954,5109499.49045154,5416.98897861827,9.5059,"mexico"
"354",2000-07-01,9.41,-522.27,NA,313439000,NA,1.1,-3496.5,4914200,5000.2014716389,9.8343,"mexico"
"355",2000-08-01,9.12,-581.64,NA,303214000,NA,0.825290335666816,-3303.45172934501,4142804.05562596,4605.37585643674,9.4192,"mexico"
"356",2000-09-01,9.1,-840.98,NA,280298000,NA,0.769910286232838,-3473.95488558075,3298156.67708929,4231.91799001178,9.2724,"mexico"
"357",2000-10-01,8.85,-671.55,NA,301040000,NA,0.7,-4022.64,3045830,3879.23372936403,9.3615,"mexico"
"358",2000-11-01,8.91,-709.74,NA,312174000,NA,0.43857039550995,-4896.37529258864,3803520.02909711,3546.72893149348,9.537,"mexico"
"359",2000-12-01,8.87,-1440.87,NA,302841000,NA,0.0361154722632051,-5770.97973810487,4997418.24563574,3233.80945340014,9.5081,"mexico"
"360",2001-01-01,8.96,-1440.18,NA,322456000,NA,-0.4,-6254.51,5805840,2939.881152084,9.4673,"mexico"
"361",2001-02-01,8.11,-946.47,NA,346805000,NA,-0.768460806595504,-6078.9463595597,5624008.79094855,2664.34988454507,9.7688,"mexico"
"362",2001-03-01,7.09,-563.96,NA,361917000,NA,-0.992149953063437,-5471.96356940717,4714780.71073814,2406.62150778334,9.7108,"mexico"
"363",2001-04-01,7.17,-621.87,NA,361083000,NA,-1,-4785.16,3557920,2166.10187879882,9.599,"mexico"
"364",2001-05-01,7.11,-839.74,NA,357002000,NA,-0.761023465424229,-4289.85334324663,2699080.36266422,1942.1968545915,9.3276,"mexico"
"365",2001-06-01,6.95,-608.49,NA,357062000,NA,-0.404552697046494,-3936.23857685903,2947473.35585616,1734.31229216138,9.1475,"mexico"
"366",2001-07-01,6.57,-325.99,NA,351316000,NA,-0.1,-3594.23,5178200,1541.85404850847,9.0881,"mexico"
"367",2001-08-01,5.88,-555.42,NA,355486000,NA,0.0236657794035303,-3207.43508226858,9666194.94357974,1364.22798063276,9.1682,"mexico"
"368",2001-09-01,5.93,-660.94,11.24,358994000,NA,-0.000750369861698491,-3014.23397500858,14285727.3473187,1200.83994553426,9.1332,"mexico"
"369",2001-10-01,6.14,-453.1,11.99,374825000,NA,-0.1,-3326.7,16310900,1051.09580021297,9.4253,"mexico"
"370",2001-11-01,5.89,-1076.24,10.94,374960000,NA,-0.215121133671374,-4294.96521656794,13954830.9741279,914.401401668874,9.3391,"mexico"
"371",2001-12-01,5.39,-1677.47,10.64,371369000,NA,-0.344297675358564,-5421.39663421778,9186699.47709131,790.162606901986,9.225,"mexico"
"372",2002-01-01,4.4,-1286.97,10.14,374848000,NA,-0.5,-6046.42,4914700,677.785272912304,9.1574,"mexico"
"373",2002-02-01,4.79,-579.65,9.98,381489000,NA,-0.670588652125442,-5715.19442183005,3337985.60435292,576.675256699826,9.1636,"mexico"
"374",2002-03-01,4.79,-568.18,9.84,384646000,NA,-0.747984854629971,-4791.81245108327,3819543.63320496,486.238415264552,9.105,"mexico"
"375",2002-04-01,4.66,-296.49,9.88,380734000,NA,-0.6,-3845.1,5013320,405.880605606483,9.064,"mexico"
"376",2002-05-01,4.7,-569.02,9.3,387802000,NA,-0.154376109678711,-3315.10894796373,5824742.90475667,335.007684725619,9.1649,"mexico"
"377",2002-06-01,4.68,-533.43,9.19,401641000,NA,0.421422279063633,-3126.79504293063,6165169.69379255,273.025509621959,9.5099,"mexico"
"378",2002-07-01,4.94,-394.64,10.09,425383000,NA,0.9,-3076.34,6197440,219.339937295504,9.7671,"mexico"
"379",2002-08-01,5.51,-494.35,10.28,428043000,NA,1.10661160935881,-3019.31534187057,6085536.10995375,173.356824746253,9.7792,"mexico"
"380",2002-09-01,5.29,-573.54,9.96,438786000,NA,1.07711055319025,-3048.85182163866,5998010.92495816,134.482028974207,9.8389,"mexico"
"381",2002-10-01,4.95,-489.97,10.86,461446000,NA,0.9,-3317.47,6104560,102.121406979366,10.0708,"mexico"
"382",2002-11-01,4.94,-820.42,10.78,459360000,NA,0.657559301873118,-3885.82746233176,6474957.84061353,75.6808157617287,10.0941,"mexico"
"383",2002-12-01,5.39,-1167.54,10.12,459013000,NA,0.407172545212385,-4447.12989273694,6779294.75452296,54.5661123212966,10.1952,"mexico"
"384",2003-01-01,5.7,-1145.62,9.53,500920000,NA,0.2,-4602.72,6587740,38.183153658069,10.2251,"mexico"
"385",2003-02-01,5.16,-8.62,10.19,539239000,NA,0.0779659979635367,-4093.20666065423,5662354.74981436,25.937796772046,10.6223,"mexico"
"386",2003-03-01,5.52,285.27,10.29,555099000,NA,0.046051117812058,-3216.26342222837,4532767.83472777,17.2358986632276,10.9447,"mexico"
"387",2003-04-01,5.64,-414.57,9.87,560898000,NA,0.1,-2408.83,3920500,11.4833163316138,10.9053,"mexico"
"388",2003-05-01,5.25,-806.13,8.97,553434000,NA,0.219465595161624,-1999.2621913476,4289326.86383275,8.0859067772046,10.5887,"mexico"
"389",2003-06-01,4.7,-521.31,8.36,553805000,NA,0.319734094650494,-1881.58012205327,5072043.53619557,6.449527,10.2528,"mexico"
"390",2003-07-01,4.27,-319.12,8.23,557305000,NA,0.3,-1841.22,5443700,5.980034,10.5028,"mexico"
"391",2003-08-01,4.13,-684,8.91,544691000,NA,0.110838288056633,-1722.16124062204,4850028.53559539,6.060893,10.4581,"mexico"
"392",2003-09-01,4.04,-389.13,8.56,568802000,NA,-0.0916541630807021,-1602.55608955857,3819490.61308252,6.097961,10.783,"mexico"
"393",2003-10-01,4.04,-355.93,8.18,573985000,NA,-0.1,-1619.1,3151230,5.921921,10.9229,"mexico"
"394",2003-11-01,3.96,-607.45,8.13,592918000,NA,0.226070141500731,-1857.23951283091,3453560.10489679,5.789311,11.1796,"mexico"
"395",2003-12-01,3.98,-932.18,8.57,631430000,NA,0.757993668783425,-2197.42551971247,4571472.90036323,6.523328,11.1494,"mexico"
"396",2004-01-01,3.98,-1026.2,8.66,645407000,NA,1.3,-2468.86,6159130,6.630096,11.2515,"mexico"
"397",2004-02-01,4.2,-161.16,8.27,647424000,NA,1.68488114594044,-2524.0395969432,7831545.48926189,5.767991,10.9203,"mexico"
"398",2004-03-01,4.53,-211.38,8.6,654249000,NA,1.859679487947,-2308.63960936933,9047143.34102012,6.480259,11.0319,"mexico"
"399",2004-04-01,4.23,-151.33,8.53,659864000,NA,1.8,-1791.63,9225200,6.085017,11.019,"mexico"
"400",2004-05-01,4.21,-698.61,9.55,666231000,NA,1.51218305251528,-1000.22358087776,8023507.56768528,6.72114,11.2701,"mexico"
"401",2004-06-01,4.29,92.76,10.14,671045000,NA,1.12551060165079,-194.604561328741,6053920.77259334,7.643425,11.5199,"mexico"
"402",2004-07-01,4.37,-513.66,10.62,681498000,NA,0.8,306.8,4166810,8.241674,11.3926,"mexico"
"403",2004-08-01,4.49,-831,10.19,659686000,NA,0.658979236591036,259.770957491269,3067978.31407107,8.380918,11.4678,"mexico"
"404",2004-09-01,4.82,-672.82,10.2,662901000,NA,0.679018846190589,-283.079182352744,2884959.49453244,8.486262,11.3953,"mexico"
"405",2004-10-01,5.06,-443.78,10.27,656141000,NA,0.8,-1194.93,3600720,8.644902,11.487,"mexico"
"406",2004-11-01,5.4,-610.72,NA,670846000,NA,0.96301111223169,-2328.63136019843,5083151.76862303,8.690174,11.4037,"mexico"
"407",2004-12-01,5.43,-2351.54,NA,678726000,NA,1.11396956914241,-3455.71426481584,6739848.65668431,8.977707,11.371,"mexico"
"408",2005-01-01,5.19,-2257.81,NA,685653000,NA,1.2,-4327.38,7863330,8.524341,11.2012,"mexico"
"409",2005-02-01,4.54,-1146.46,NA,692600000,NA,1.17045779596369,-4737.31699817904,7954468.68551088,9.142107,11.2627,"mexico"
"410",2005-03-01,4.27,-573,NA,689515000,NA,0.983621395758283,-4649.16227690243,7347551.80465625,9.571244,11.1373,"mexico"
"411",2005-04-01,4.39,-157.79,NA,690132000,NA,0.6,-4069.04,6585220,9.995271,11.1552,"mexico"
"412",2005-05-01,4.6,-634.63,NA,672912000,NA,0.0440465928024547,-3060.35361004839,6093110.89674084,10.22423,11.1121,"mexico"
"413",2005-06-01,4.6,10.8,NA,660812000,NA,-0.404010707731099,-1915.62366461148,5828850.05061662,9.491341,10.9764,"mexico"
"414",2005-07-01,4.33,-53.83,NA,665625000,NA,-0.4,-984.65,5633060,9.405144,10.8197,"mexico"
"415",2005-08-01,4.47,-721.34,NA,629242000,NA,0.257059536530199,-543.539672738525,5400510.32011835,9.471957,10.6724,"mexico"
"416",2005-09-01,3.95,-636.56,NA,657478000,NA,1.19538439812908,-573.628620207187,5242558.733618,9.122425,10.6862,"mexico"
"417",2005-10-01,3.51,-330.11,8.6,678046000,NA,1.9,-982.559999999999,5324710,8.678487,10.7858,"mexico"
"418",2005-11-01,3.05,-679.49,8.93,702635000,9.25,2.00178933515082,-1654.30510640492,5747315.97093389,8.837614,10.8354,"mexico"
"419",2005-12-01,2.91,-1456.51,8.6,708790000,9,1.71506570780738,-2378.14778048569,6350116.86676321,8.447066,10.6715,"mexico"
"420",2006-01-01,3.33,-1207.6,8.24,730253000,8.25,1.4,-2919.7,6907700,7.867982,10.6266,"mexico"
"421",2006-02-01,3.94,694.28,8.21,702890000,7.75,1.3357831228665,-3099.46767941957,7243090.6109609,7.58466,10.5422,"mexico"
"422",2006-03-01,3.75,230.54,7.84,703995000,7.5,1.47768610397472,-2957.53248007227,7373065.651181,7.445218,10.4842,"mexico"
"423",2006-04-01,3.41,-191.75,8.49,735171000,7.25,1.7,-2588.87,7362840,7.545682,10.7493,"mexico"
"424",2006-05-01,3.2,257.35,8.54,783102000,7,1.88100409930909,-2093.89158332421,7236046.40003734,7.41762,11.0489,"mexico"
"425",2006-06-01,3,-83.55,9.12,854232000,7,1.91493061703447,-1594.7515584845,6849989.04703132,7.526419,11.0908,"mexico"
"426",2006-07-01,3.18,-325.7,9.09,887612000,7,1.7,-1219.04,6020390,7.567556,11.3934,"mexico"
"427",2006-08-01,3.06,-362.93,8.53,847504000,7,1.19575603545268,-1061.71339469098,4681024.15926013,7.495886,10.983,"mexico"
"428",2006-09-01,3.47,-779.22,8.21,718181000,7,0.607035872331858,-1087.19387858231,3237877.79032334,7.397803,10.8735,"mexico"
"429",2006-10-01,4.09,-1480.66,8.24,739891000,7,0.2,-1227.27,2214990,7.508462,10.9888,"mexico"
"430",2006-11-01,4.29,-1317.53,7.9,740186000,7,0.15819398110242,-1454.73817124519,2051903.25921845,7.413015,10.8854,"mexico"
"431",2006-12-01,4.09,-1612.2,7.7,764790000,7,0.334703671415879,-1906.42626051958,2850173.49537902,7.303204,10.9133,"mexico"
"432",2007-01-01,4.05,-1161.82,7.4,731725000,7,0.5,-2760.17,4626860,7.226395,10.8546,"mexico"
"433",2007-02-01,3.98,-1677.52,7.9,748471000,7,0.49739396606357,-4068.55243884678,7199158.72979199,7.547312,10.9559,"mexico"
"434",2007-03-01,4.11,-398.54,7.99,770339000,7,0.461556849412033,-5383.1458941542,9584812.30223466,7.537453,10.9951,"mexico"
"435",2007-04-01,4.21,-377.64,7.56,763379000,7,0.6,-6130.27,10601700,7.302834,11.1144,"mexico"
"436",2007-05-01,3.99,-759.32,7.71,759531000,7.25,1.03000793242108,-5902.20318447879,9515639.22902101,7.552322,10.9802,"mexico"
"437",2007-06-01,3.95,-721.9,7.55,746844000,7.25,1.50795781982488,-4955.05905175252,7384199.88827491,7.500218,10.8221,"mexico"
"438",2007-07-01,3.98,-826.72,7.7,754968000,7.25,1.7,-3710.91,5712890,7.500562,10.833,"mexico"
"439",2007-08-01,4.14,-694.84,7.7,777314000,7.25,1.38998171165952,-2555.09556397881,5601146.57634621,7.584139,10.8146,"mexico"
"440",2007-09-01,4.03,-1061.54,7.8,784351000,7.25,0.832537797214387,-1726.02382476165,6524122.58911012,7.601107,11.0438,"mexico"
"441",2007-10-01,3.79,-638.03,7.89,800449000,7.25,0.4,-1425.37,7550900,7.659629,11.0319,"mexico"
"442",2007-11-01,3.74,-1560.86,7.9,808435000,7.5,0.365620776496384,-1768.91567071708,7962557.42855713,7.732078,10.8214,"mexico"
"443",2007-12-01,3.93,-820.99,NA,843439000,7.5,0.606335435762019,-2528.86787142309,7888160.12565497,7.843077,10.8811,"mexico"
"444",2008-01-01,3.76,-535.79,NA,851324000,7.5,0.9,-3391.54,7668770,7.839622,10.8463,"mexico"
"445",2008-02-01,3.7,-1763.54,NA,865840000,7.5,1.05864629346605,-4082.68990130103,7581177.0427586,7.592868,10.9057,"mexico"
"446",2008-03-01,3.72,-1122.92,7.48,872868000,7.5,1.03100934862643,-4485.8532080645,7645083.57493667,7.521126,10.7679,"mexico"
"447",2008-04-01,4.25,1238.64,7.43,894892000,7.5,0.8,-4524.01,7815920,7.495451,10.7328,"mexico"
"448",2008-05-01,4.55,-1088.22,7.93,891425000,7.5,0.381275531120884,-4183.77398333805,8020045.14114921,7.82259,10.5146,"mexico"
"449",2008-06-01,4.95,-12.41,8.14,874340000,7.5,-0.0785209784158749,-3706.29337039297,8067531.50052427,7.81753,10.4381,"mexico"
"450",2008-07-01,5.26,235.61,9.24,883002000,7.5,-0.4,-3396.35,7739380,8.441623,10.3269,"mexico"
"451",2008-08-01,5.39,-1214.62,8.95,784824000,7.75,-0.454118788319962,-3501.44120238379,6933961.28153347,8.763277,10.2094,"mexico"
"452",2008-09-01,5.57,-2277.48,8.45,829847000,8,-0.313221731259224,-4039.92627332657,6019124.86741071,8.631787,10.1154,"mexico"
"453",2008-10-01,5.47,-2935.27,8.42,914887000,8.25,-0.1,-4972.88,5480090,8.422624,10.6633,"mexico"
"454",2008-11-01,5.78,-3292.3,8.91,980587000,8.25,0.0166811036404442,-6164.0537997194,5640606.39938359,8.165404,12.6593,"mexico"
"455",2008-12-01,6.23,-2959.25,9.14,1111050000,8.25,-0.316740244695376,-7087.90561037482,6178545.69649957,8.44018,13.1186,"mexico"
"456",2009-01-01,6.53,-2068.86,7.96,1181860000,8.25,-1.5,-7121.57,6610310,7.891854,13.4167,"mexico"
"457",2009-02-01,6.28,-1707.14,7.78,1196730000,8.25,-3.65334636698256,-5877.71285799789,6582560.89870995,6.83472,13.8839,"mexico"
"458",2009-03-01,6.2,-548.51,8.56,1206500000,7.75,-5.77907654921853,-3911.12535924824,6262997.90214656,7.579865,14.6066,"mexico"
"459",2009-04-01,6.04,-36.35,7.82,1115950000,7.5,-6.6,-2012.13,5949580,6.242351,14.6466,"mexico"
"460",2009-05-01,6.17,168.54,7.76,1063930000,6.75,-5.26625859867318,-838.415509029792,5840300.74651736,5.535752,13.4035,"mexico"
"461",2009-06-01,5.98,449.69,7.99,996101000,6,-2.63732392880087,-517.135545224833,5733291.95417345,5.128232,13.1895,"mexico"
"462",2009-07-01,5.74,-168.25,8.18,977126000,5.25,-1.77635683940025e-15,-1042.81,5326720,5.061384,13.3414,"mexico"
"463",2009-08-01,5.44,-1238.59,8.12,968066000,4.75,1.63689928019381,-2282.30288366072,4436054.63373912,5.00252,13.3623,"mexico"
"464",2009-09-01,5.08,-668.55,8.16,1016710000,4.5,2.37652041257017,-3591.85468207465,3345979.09597444,5.141415,13.0063,"mexico"
"465",2009-10-01,4.89,-879.04,7.91,1027100000,4.5,2.6,-4200.05,2458480,5.328116,13.406,"mexico"
"466",2009-11-01,4.5,236.76,8.02,1048920000,4.5,2.61495777419425,-3587.11554891991,2092018.86667432,5.370867,13.2275,"mexico"
"467",2009-12-01,3.86,-129.43,7.87,1058230000,4.5,2.43494598222391,-2239.84646721729,2230956.84711396,5.050214,13.1115,"mexico"
"468",2010-01-01,3.57,-160.53,8.01,1186880000,4.5,2,-896.68,2776130,5.056974,12.8622,"mexico"
"469",2010-02-01,4.46,-444.17,7.8,1204120000,4.5,1.32178814154773,-130.01232806704,3632314.71437843,4.894696,12.8096,"mexico"
"470",2010-03-01,4.83,422.8,7.6,1207030000,4.5,0.698510473349024,151.924625017908,4720048.7007549,5.089293,12.9396,"mexico"
"471",2010-04-01,4.97,393.23,7.62,1179820000,4.5,0.5,206.94,5963810,5.011132,12.5673,"mexico"
"472",2010-05-01,4.27,80.51,7.44,1194400000,4.5,0.942334104059285,250.928564891775,7214331.16470087,4.897754,12.2396,"mexico"
"473",2010-06-01,3.92,172.48,7.3,1265910000,4.5,1.62656767993556,332.127596775294,8027362.79431088,4.844608,12.7262,"mexico"
"474",2010-07-01,3.69,-336.41,6.89,1301940000,4.5,2,456.86,7884910,4.774246,12.7102,"mexico"
"475",2010-08-01,3.64,-1030.3,6.53,1326070000,4.5,1.68665321999291,578.79658701846,6515476.9231144,4.790759,12.8038,"mexico"
"476",2010-09-01,3.68,-697.82,6.34,1407120000,4.5,1.01744102913098,440.999802695733,4633563.82570526,4.748656,12.766,"mexico"
"477",2010-10-01,3.76,-523.01,6.11,1364710000,4.5,0.5,-266.12,3200170,4.677335,12.7977,"mexico"
"478",2010-11-01,4.02,-787.72,6.04,1365370000,4.5,0.50364560856167,-1681.19120926191,2939786.32802671,4.572909,12.4393,"mexico"
"479",2010-12-01,4.32,-84.69,6.8,1385930000,4.5,0.844408944281275,-3258.9971779286,3630870.0510162,4.652431,12.3376,"mexico"
"480",2011-01-01,4.4,-173.56,6.96,1402870000,4.5,1.2,-4283.36,4815370,4.759958,12.3902,"mexico"
"481",2011-02-01,3.78,142.45,7.21,1445970000,4.5,1.31950508650115,-4243.60026848933,6057881.46848248,4.692501,12.128,"mexico"
"482",2011-03-01,3.57,310.08,7.47,1475930000,4.5,1.23751578633652,-3451.03257246283,7013585.59985955,4.697122,12.0649,"mexico"
"483",2011-04-01,3.04,1455.97,7.51,1461260000,4.5,1.06,-2422.47,7360310,4.854619,11.9963,"mexico"
"484",2011-05-01,3.36,607.18,7.28,1450130000,4.5,0.8861118232115,-1623.26586492891,6900904.83508042,4.792274,11.7059,"mexico"
"485",2011-06-01,3.25,537.91,6.95,1483790000,4.5,0.787750132594882,-1312.93438407193,5938310.51250857,4.67671,11.6542,"mexico"
"486",2011-07-01,3.28,94,6.86,1516360000,4.5,0.83,-1699.53,4900490,4.747445,11.8055,"mexico"
"487",2011-08-01,3.55,-1182.12,6.62,1573630000,4.5,1.04012169472692,-2839.01516068391,4151576.22823288,4.587842,11.6741,"mexico"
"488",2011-09-01,3.42,-828.58,5.93,1690260000,4.5,1.29407627587655,-4178.98433569388,3800381.97973581,4.393957,12.2366,"mexico"
"489",2011-10-01,3.14,-1870.32,6.15,1903790000,4.5,1.43,-5014.94,3891890,4.523701,13.0637,"mexico"
"490",2011-11-01,3.2,-531.04,6.18,1851550000,4.5,1.33414213862156,-4863.32127011322,4403612.47421027,4.380396,13.4379,"mexico"
"491",2011-12-01,3.48,-196.96,6.78,1924790000,4.5,1.08520402315818,-4124.31382870808,5043179.34632595,4.41848,13.6955,"mexico"
"492",2012-01-01,3.82,51.93,6.51,1987190000,4.5,0.81,-3419.04,5450750,4.639705,13.7746,"mexico"
"493",2012-02-01,4.5,-267.41,5.93,1929230000,4.5,0.62182826930537,-3206.05198108542,5373374.98603715,4.577341,13.3829,"mexico"
"494",2012-03-01,3.87,498.18,6.36,1907610000,4.5,0.579922446305543,-3293.62146058489,4985669.52384927,4.571321,12.7833,"mexico"
"495",2012-04-01,3.73,1472.51,6.35,1924780000,4.5,0.73,-3327.45,4569140,4.564794,12.7523,"mexico"
"496",2012-05-01,3.41,418.68,6.13,2005110000,4.5,1.06928552489771,-3043.84858332288,4354274.98904853,4.601071,13.0559,"mexico"
"497",2012-06-01,3.85,333.61,6.14,2215190000,4.5,1.40103211754557,-2541.56588450791,4367491.81753622,4.561068,13.6199,"mexico"
"498",2012-07-01,4.34,615.08,5.42,2109640000,4.5,1.48,-2009.96,4584190,4.585136,13.9193,"mexico"
"499",2012-08-01,4.42,-409.64,5.11,2127430000,4.5,1.15510370517788,-1652.88405599342,4912924.68739836,4.569114,13.3638,"mexico"
"500",2012-09-01,4.57,-981.81,5.44,2138620000,4.5,0.651875009438093,-1732.17129767978,4994873.5763762,4.540358,13.1793,"mexico"
"501",2012-10-01,4.77,210.04,5.34,2083340000,4.5,0.29,-2524.15,4404370,4.61109,12.9235,"mexico"
"502",2012-11-01,4.6,-1624.99,5.5,2126640000,4.5,0.302151506242615,-4138.90519270343,2920614.11320988,4.711049,12.8976,"mexico"
"503",2012-12-01,4.18,-1247.43,5.46,2108580000,4.5,0.572949326183535,-6021.54892477299,1142273.35844046,4.66155,13.0639,"mexico"
"504",2013-01-01,3.57,1001.51,5.29,2120110000,4.5,0.9,-7450.95,-127118,4.556283,12.8651,"mexico"
"505",2013-02-01,3.25,-2854.41,5.03,2103530000,4.5,1.09740138096277,-7912.27035837805,-143251.510608239,4.364227,12.6964,"mexico"
"506",2013-03-01,3.55,25.43,4.97,2120100000,4,1.04521657471665,-7715.84448470976,1601278.02689901,4.198795,12.7249,"mexico"
"507",2013-04-01,4.25,1710.25,4.88,2063850000,4,0.64,-7378.3,5554650,4.083339,12.5,"mexico"
"508",2013-05-01,4.65,-1358.4,4.54,2044920000,4,-0.123979252315903,-7288.32115156214,11563472.892186,3.811697,12.2061,"mexico"
"509",2013-06-01,4.63,-460.29,5.36,2139840000,4,-0.86159340282793,-7322.81869194353,17068071.5710006,4.014127,12.2993,"mexico"
"510",2013-07-01,4.09,920.1,5.81,2169540000,3,-1.09,-7230.76,18907200,4.027149,12.9636,"mexico"
"511",2013-08-01,3.47,-1399.03,5.88,2173100000,4,-0.509632519847302,-6838.48170204005,15118197.9418641,4.012338,12.7615,"mexico"
"512",2013-09-01,3.46,-224.9,6.3,2277510000,4,0.445971851409882,-6281.79741418279,8532748.35576543,4.002377,12.912,"mexico"
"513",2013-10-01,3.39,651.33,6.07,2267280000,3.75,1.16,-5773.89,3181120,3.656863,13.0553,"mexico"
"514",2013-11-01,3.36,-134.76,6.03,2265060000,3.5,1.18917599837178,-5506.7216699073,2044566.82183917,3.601859,12.9916,"mexico"
"515",2013-12-01,3.62,315.47,6.11,2309370000,NA,0.784372663855068,-5587.37202169568,3908283.52445625,3.623403,13.0597,"mexico"
"516",2014-01-01,3.97,1625.62,6.45,2309660000,3.5,0.37,-6101.7,6508450,3.664312,13.0099,"mexico"
"517",2014-02-01,4.48,-3181.56,6.65,2402090000,3.5,0.269965563397226,-7057.1760627752,8001214.40040887,3.650632,13.222,"mexico"
"518",2014-03-01,4.23,918.21,6.28,2394140000,3.5,0.406167122799476,-8147.71672125669,8222597.91677995,3.663193,13.2928,"mexico"
"519",2014-04-01,3.76,948.97,6.18,2385910000,3.5,0.6,-8988.85,7428590,3.630398,13.1929,"mexico"
"520",2014-05-01,3.5,509.58,6.16,2435400000,3.5,0.708369155446724,-9251.01963454745,5923115.57652536,3.618198,13.0669,"mexico"
"521",2014-06-01,3.51,131.81,5.84,2421260000,3.5,0.730218104206286,-8824.33220438865,4201841.47509063,3.606554,12.933,"mexico"
"522",2014-07-01,3.75,423.73,5.69,2468860000,3,0.7,-7653.81,2808370,3.064209,12.9932,"mexico"
"523",2014-08-01,4.07,-979.88,5.8,2517330000,3,0.650631888889951,-5816.8039175535,2165753.66386007,3.007078,12.9914,"mexico"
"524",2014-09-01,4.15,-1123,5.72,2504290000,3,0.608886386301306,-3919.97927600352,2214845.81248715,3.010368,13.1436,"mexico"
"525",2014-10-01,4.22,590,6.11,2560100000,3,0.6,-2702.33,2775950,3.154379,13.237,"mexico"
"526",2014-11-01,4.3,143,5.89,2583830000,3,0.637251437141619,-2710.10025079409,3673864.58284919,3.117908,13.4795,"mexico"
"527",2014-12-01,4.17,-1076,5.77,2678110000,3,0.686088202440343,-3718.53513604171,4751367.12681261,3.174797,13.6148,"mexico"
"528",2015-01-01,4.08,254,5.83,2848610000,3,0.7,-5310.13,5855730,3.215872,14.5205,"mexico"
"529",2015-02-01,3.07,-3248,5.24,2937900000,3,0.64851051069172,-7068.75693112199,6825725.04178022,3.139995,14.6972,"mexico"
"530",2015-03-01,3,558,5.64,2927340000,3,0.565279322455841,-8583.79499464444,7466121.9765587,3.358786,14.917,"mexico"
"531",2015-04-01,3.14,479.8,5.9,2978910000,3,0.5,-9446,7573190,3.620002,15.2375,"mexico"
"532",2015-05-01,3.06,-85.3,5.93,3002660000,3,0.490928742313722,-9392.68017286609,7045490.06484475,3.389999,15.1943,"mexico"
"533",2015-06-01,2.88,-1017,5.99,2982490000,3,0.530572285514072,-8747.35340389906,6190750.15213778,3.49159,15.2796,"mexico"
"534",2015-07-01,2.87,-749,6.06,3019590000,3,0.6,-7980.09,5418990,3.519996,15.4792,"mexico"
"535",2015-08-01,2.74,-2267,6.05,3066870000,3,0.680367112645985,-7531.64978482106,5119770.99513708,3.609141,15.9515,"mexico"
"536",2015-09-01,2.59,-2800,6.069,3113230000,3,0.753172276228614,-7725.55064901859,5600821.11859387,3.695481,16.534,"mexico"
"537",2015-10-01,2.52,-1419.94,6.059,3049790000,3,0.8,-8856,7149410,3.604994,16.8387,"mexico"
"538",2015-11-01,2.48,-1443.87,6.004,177125,3,0.802417621917153,-11217.2052451727,10052807.2689851,3.529996,16.5697,"mexico"
"539",2015-12-01,2.21,-1568.79,6.22,172678,3,0.741923794756659,-15103.3737919441,14598282.5551788,3.599997,16.6306,"mexico"
"540",2016-01-01,2.13,-927,6.277,177597,3.25,0.6,-20808.7130477216,21073105.4882107,3.628771,17.0696,"mexico"
"541",2016-02-01,2.61,NA,6.036,NA,NA,0.358127719128657,-28627.4304199126,29764545.6977105,3.510004,18.0648,"mexico"
"542",2016-03-01,NA,NA,6.052,NA,3.25,-0.0022115663758876,-38853.7333159245,40959872.8133077,4.10219,18.6328,"mexico"
