"","Date","Infl_f","BOT_f","Yield_f","FER_f","Int_f","PrimeRate_f","1Y_Yield_f","GDPG_f","CA_f","FDI_f","Exchange","Country"
"1",1971-02-01,NA,-9.3,NA,NA,NA,NA,-79362.3833313509,-1066549.01444918,165174770.863639,-971321.692670011,0.893335715561908,"new_zealand"
"2",1971-03-01,NA,43.41,NA,NA,NA,NA,-78204.4034642842,-1051311.10104904,163517978.047771,-956683.528097587,0.888888888888889,"new_zealand"
"3",1971-04-01,10.3,-23.78,NA,NA,NA,NA,-77057.7401729335,-1036219.20493193,161872300.467945,-942193.169690505,0.888572951839346,"new_zealand"
"4",1971-05-01,NA,25.42,NA,NA,NA,NA,-75922.3379017433,-1021272.62239414,160237700.716753,-927849.867448765,0.888888888888889,"new_zealand"
"5",1971-06-01,NA,19.93,NA,NA,NA,NA,-74798.141095158,-1006470.64973197,158614141.386787,-913652.871372367,0.888572951839346,"new_zealand"
"6",1971-07-01,11,-5.14,NA,NA,NA,NA,-73685.0941976221,-991812.583241716,157001585.07064,-899601.431461312,0.888494002665482,"new_zealand"
"7",1971-08-01,NA,-0.89,NA,NA,NA,NA,-72583.1416535799,-977297.719219675,155399994.360905,-885694.797715599,0.888651915044877,"new_zealand"
"8",1971-09-01,NA,19.34,NA,NA,NA,NA,-71492.227907476,-962925.353962141,153809331.850174,-871932.220135228,0.882768361581921,"new_zealand"
"9",1971-10-01,11.1,-32.15,NA,NA,NA,NA,-70412.2974037547,-948694.783765413,152229560.131039,-858312.948720199,0.870322019147084,"new_zealand"
"10",1971-11-01,NA,-3.67,NA,NA,NA,NA,-69343.2945868606,-934605.304925785,150660641.796094,-844836.233470513,0.862961684501208,"new_zealand"
"11",1971-12-01,NA,-30.62,NA,NA,NA,NA,-68285.1639012381,-920656.213739555,149102539.437931,-831501.324386169,0.861994655633135,"new_zealand"
"12",1972-01-01,9.1,11.1,NA,NA,NA,NA,-67237.8497913315,-906846.806503019,147555215.649143,-818307.471467167,0.852442247037763,"new_zealand"
"13",1972-02-01,NA,29.06,NA,NA,NA,NA,-66201.2967015854,-893176.379512472,146018633.022321,-805253.924713508,0.837801608579088,"new_zealand"
"14",1972-03-01,NA,47.99,NA,NA,NA,NA,-65175.4490764442,-879644.229064212,144492754.15006,-792339.934125191,0.837591088030823,"new_zealand"
"15",1972-04-01,8.5,1.83,NA,NA,NA,NA,-64160.2513603524,-866249.651454534,142977541.62495,-779564.749702216,0.838363514419852,"new_zealand"
"16",1972-05-01,NA,45.47,NA,NA,NA,NA,-63155.6479977543,-852991.942979735,141472958.039586,-766927.621444583,0.837731423305688,"new_zealand"
"17",1972-06-01,NA,17.16,NA,NA,NA,NA,-62161.5834330945,-839870.399936112,139978965.986559,-754427.799352292,0.837450799765514,"new_zealand"
"18",1972-07-01,7.4,36.06,NA,NA,NA,NA,-61178.0021108174,-826884.318619959,138495528.058462,-742064.533425344,0.839419121967598,"new_zealand"
"19",1972-08-01,NA,10.74,NA,NA,NA,NA,-60204.8484753674,-814032.995327575,137022606.847888,-729837.073663738,0.838152711424021,"new_zealand"
"20",1972-09-01,NA,-5.21,NA,NA,NA,NA,-59242.066971189,-801315.726355254,135560164.947429,-717744.670067474,0.837170364169109,"new_zealand"
"21",1972-10-01,6.5,34.06,NA,NA,NA,NA,-58289.6020427265,-788731.807999294,134108164.949678,-705786.572636553,0.838012234978631,"new_zealand"
"22",1972-11-01,NA,-11.5,NA,NA,NA,NA,-57347.3981344245,-776280.536555991,132666569.447227,-693962.031370974,0.838855800687862,"new_zealand"
"23",1972-12-01,NA,-17.77,NA,NA,NA,NA,-56415.3996907275,-763961.20832164,131235341.03267,-682270.296270737,0.837170364169109,"new_zealand"
"24",1973-01-01,5.5,37.64,NA,NA,NA,NA,-55493.5511560797,-751773.119592538,129814442.298598,-670710.617335842,0.836610056052874,"new_zealand"
"25",1973-02-01,NA,18.38,NA,NA,NA,NA,-54581.7969749258,-739715.566664982,128403835.837604,-659282.244566289,0.836680053547523,"new_zealand"
"26",1973-03-01,NA,81.58,NA,NA,NA,NA,-53680.0815917101,-727787.845835268,127003484.242282,-647984.427962079,0.788208402301569,"new_zealand"
"27",1973-04-01,6,98,NA,NA,NA,NA,-52788.3494508771,-715989.253399692,125613350.105222,-636816.417523211,0.756372437788367,"new_zealand"
"28",1973-05-01,NA,59.95,NA,NA,NA,NA,-51906.5449968712,-704319.085654551,124233396.019019,-625777.463249685,0.751936235807203,"new_zealand"
"29",1973-06-01,NA,55.66,NA,NA,NA,NA,-51034.6126741369,-692776.63889614,122863584.576264,-614866.815141502,0.755629439322956,"new_zealand"
"30",1973-07-01,7.6,59.12,NA,NA,NA,NA,-50172.4969271185,-681361.209420756,121503878.369551,-604083.723198661,0.755287009063444,"new_zealand"
"31",1973-08-01,NA,-38.58,NA,NA,NA,NA,-49320.1422002607,-670072.093524695,120154239.991471,-593427.437421162,0.740631017627018,"new_zealand"
"32",1973-09-01,NA,14.06,NA,NA,NA,NA,-48477.4929380077,-658908.587504254,118814632.034617,-582897.207809005,0.738934456513707,"new_zealand"
"33",1973-10-01,8.9,-0.09,NA,NA,NA,NA,-47644.4935848041,-647869.987655729,117485017.091583,-572492.284362191,0.689322396084649,"new_zealand"
"34",1973-11-01,NA,-5.94,NA,NA,NA,NA,-46821.0885850943,-636955.590275416,116165357.75496,-562211.917080719,0.672766415500538,"new_zealand"
"35",1973-12-01,NA,-38.59,NA,NA,NA,NA,-46007.2223833227,-626164.691659611,114855616.617342,-552055.355964589,0.676864762420468,"new_zealand"
"36",1974-01-01,10.2,18.14,NA,NA,NA,NA,-45202.8394239338,-615496.588104611,113555756.27132,-542021.851013801,0.692808646251905,"new_zealand"
"37",1974-02-01,NA,-28.24,NA,NA,NA,NA,-44407.884151372,-604950.575906713,112265739.309487,-532110.652228356,0.719010641357492,"new_zealand"
"38",1974-03-01,NA,5.35,NA,NA,NA,NA,-43622.3010100818,-594525.951362211,110985528.324437,-522321.009608253,0.712707576081534,"new_zealand"
"39",1974-04-01,10.3,12.62,NA,NA,NA,NA,-42846.0344445076,-584222.010767404,109715085.908761,-512652.173153492,0.697350069735007,"new_zealand"
"40",1974-05-01,NA,5.66,NA,NA,NA,NA,-42079.0288990938,-574038.050418586,108454374.655052,-503103.392864073,0.68903741473162,"new_zealand"
"41",1974-06-01,NA,-91.26,NA,NA,NA,NA,-41321.228818285,-563973.366612054,107203357.155903,-493673.918739997,0.684603272403642,"new_zealand"
"42",1974-07-01,10,-79.74,NA,NA,NA,NA,-40572.5786465255,-554027.255644105,105961996.003906,-484363.000781263,0.688278615183426,"new_zealand"
"43",1974-08-01,NA,-103.21,NA,NA,NA,NA,-39833.0228282598,-544199.013811035,104730253.791654,-475169.888987871,0.688942473303479,"new_zealand"
"44",1974-09-01,NA,-82.35,NA,NA,NA,NA,-39102.5058079323,-534487.93740914,103508093.11174,-466093.833359821,0.695748973770264,"new_zealand"
"45",1974-10-01,11.5,-128.88,NA,NA,NA,NA,-38380.9720299875,-524893.322734717,102295476.556755,-457134.083897114,0.716127184187912,"new_zealand"
"46",1974-11-01,NA,-125.03,NA,NA,NA,NA,-37668.3659388698,-515414.466084061,101092366.719294,-448289.890599749,0.769526741054252,"new_zealand"
"47",1974-12-01,NA,-148.15,NA,NA,NA,NA,-36964.6319790237,-506050.663753469,99898726.1919471,-439560.503467726,0.766753565404079,"new_zealand"
"48",1975-01-01,12.6,-118.07,NA,NA,NA,NA,-36269.7145948936,-496801.212039238,98714517.5673086,-430945.172501045,0.76593137254902,"new_zealand"
"49",1975-02-01,NA,-100.25,NA,NA,NA,NA,-35583.558230924,-487665.407237663,97539703.4379706,-422443.147699707,0.759186152444579,"new_zealand"
"50",1975-03-01,NA,-107.37,NA,NA,NA,NA,-34906.1073315593,-478642.545645041,96374246.3965256,-414053.679063711,0.750187546886722,"new_zealand"
"51",1975-04-01,13.2,-75.66,NA,NA,NA,NA,-34237.3063412439,-469731.923557668,95218109.0355663,-405776.016593057,0.744546199091654,"new_zealand"
"52",1975-05-01,NA,-41.57,NA,NA,NA,NA,-33577.0997044223,-460932.837271841,94071253.9476852,-397609.410287745,0.753806723955978,"new_zealand"
"53",1975-06-01,NA,-33.22,NA,NA,NA,NA,-32925.4318655389,-452244.583083855,92933643.7254749,-389553.110147776,0.759532128209023,"new_zealand"
"54",1975-07-01,14.9,-61.09,NA,NA,NA,NA,-32282.2472690382,-443666.457290008,91805240.961528,-381606.366173149,0.764175454684396,"new_zealand"
"55",1975-08-01,NA,-57.98,NA,NA,NA,NA,-31647.4903593647,-435197.756186595,90686008.2484372,-373768.428363864,0.782901432709622,"new_zealand"
"56",1975-09-01,NA,-47.79,NA,NA,NA,NA,-31021.1055809627,-426837.776069913,89575908.178795,-366038.546719922,0.894534394847482,"new_zealand"
"57",1975-10-01,14.8,-65.89,NA,NA,NA,NA,-30403.0373782767,-418585.813236258,88474903.345194,-358415.971241321,0.947867298578199,"new_zealand"
"58",1975-11-01,NA,-76.88,NA,NA,NA,NA,-29793.2301957512,-410441.163981926,87382956.3402268,-350899.951928063,0.954745083062822,"new_zealand"
"59",1975-12-01,NA,-79.64,NA,NA,NA,NA,-29191.6284778306,-402403.124603214,86300029.756486,-343489.738780148,0.954653937947494,"new_zealand"
"60",1976-01-01,15.7,-69.65,NA,NA,NA,NA,-28598.1766689593,-394470.991396417,85226086.1865642,-336184.581797574,0.963669654042594,"new_zealand"
"61",1976-02-01,NA,-72.08,NA,NA,NA,NA,-28012.8192135818,-386644.060657833,84161088.2230539,-328983.730980343,0.960984047664809,"new_zealand"
"62",1976-03-01,NA,1.29,NA,NA,NA,NA,-27435.5005561426,-378921.628683757,83104998.4585478,-321886.436328454,0.959232613908873,"new_zealand"
"63",1976-04-01,17.2,-151.28,NA,NA,NA,NA,-26866.165141086,-371302.991770486,82057779.4856385,-314891.947841907,0.976371802382347,"new_zealand"
"64",1976-05-01,NA,-38.15,NA,NA,NA,NA,-26304.7574128565,-363787.446214316,81019393.8969185,-307999.515520703,0.998103603154007,"new_zealand"
"65",1976-06-01,NA,-19.35,NA,NA,NA,NA,-25751.2218158987,-356374.288311543,79989804.2849805,-301208.38936484,1.00664384940608,"new_zealand"
"66",1976-07-01,17.7,121.3,NA,NA,NA,NA,-25205.5027946568,-349062.814358464,78968973.242417,-294517.81937432,1.01947191354878,"new_zealand"
"67",1976-08-01,NA,-101.56,NA,NA,NA,NA,-24667.5447935754,-341852.320651375,77956863.3618206,-287927.055549143,1.00959111559818,"new_zealand"
"68",1976-09-01,NA,17.97,NA,NA,NA,NA,-24137.2922570989,-334742.103486573,76953437.235784,-281435.347889307,1.00341159943809,"new_zealand"
"69",1976-10-01,17.2,-77.23,NA,NA,NA,NA,-23614.6896296717,-327731.459160352,75958657.4568997,-275041.946394814,1.01142914938809,"new_zealand"
"70",1976-11-01,NA,-35.46,NA,NA,NA,NA,-23099.6813557384,-320819.683969011,74972486.6177603,-268746.101065663,1.03648424543947,"new_zealand"
"71",1976-12-01,NA,-103.57,NA,NA,NA,NA,-22592.2118797432,-314006.074208845,73994887.3109584,-262547.061901854,1.04832791697243,"new_zealand"
"72",1977-01-01,15.6,3.01,NA,NA,NA,NA,-22092.2256461308,-307289.92617615,73025822.1290865,-256444.078903388,1.08483402039488,"new_zealand"
"73",1977-02-01,NA,37.03,NA,NA,NA,NA,-21599.6670993454,-300670.536167223,72065253.6647374,-250436.402070264,1.05440742302826,"new_zealand"
"74",1977-03-01,NA,-6.95,NA,NA,NA,NA,-21114.4806838317,-294147.20047836,71113144.5105035,-244523.281402482,1.05053051791155,"new_zealand"
"75",1977-04-01,13.7,-53.51,NA,NA,NA,NA,-20636.6108440339,-287719.215405857,70169457.2589775,-238703.966900042,1.04504127913053,"new_zealand"
"76",1977-05-01,NA,50.4,NA,NA,NA,NA,-20166.0020243966,-281385.877246011,69234154.502752,-232977.708562944,1.04025798398003,"new_zealand"
"77",1977-06-01,NA,4.29,NA,NA,NA,NA,-19702.5986693642,-275146.482295118,68307198.8344196,-227343.756391189,1.04166666666667,"new_zealand"
"78",1977-07-01,14,22.13,NA,NA,NA,NA,-19246.3452233812,-269000.326849474,67388552.8465728,-221801.360384776,1.03885310617079,"new_zealand"
"79",1977-08-01,NA,-4.8,NA,NA,NA,NA,-18797.1861308919,-262946.707205375,66478179.1318042,-216349.770543706,1.02923013585838,"new_zealand"
"80",1977-09-01,NA,-82.05,NA,NA,NA,NA,-18355.0658363409,-256984.919659119,65576040.2827064,-210988.236867977,1.03273778787566,"new_zealand"
"81",1977-10-01,14.4,-75.52,NA,NA,NA,NA,-17919.9287841725,-251114.260507,64682098.8918721,-205716.009357591,1.03295114141101,"new_zealand"
"82",1977-11-01,NA,-40.35,NA,NA,NA,NA,-17491.7194188313,-245334.026045316,63796317.5518938,-200532.338012547,1.01884870096791,"new_zealand"
"83",1977-12-01,NA,-49.87,NA,NA,NA,NA,-17070.3821847617,-239643.512570362,62918658.8553642,-195436.472832845,1.00613743837408,"new_zealand"
"84",1978-01-01,15.3,29.99,NA,NA,NA,NA,-16655.861526408,-234042.016378436,62049085.3948757,-190427.663818486,0.994134605825629,"new_zealand"
"85",1978-02-01,NA,24.37,NA,NA,NA,NA,-16248.1018882148,-228528.833765833,61187559.763021,-185505.160969469,0.980872976949485,"new_zealand"
"86",1978-03-01,NA,50.64,NA,NA,NA,NA,-15847.0477146266,-223103.261028849,60334044.5523927,-180668.214285794,0.979719800137161,"new_zealand"
"87",1978-04-01,14.6,40.51,NA,NA,NA,NA,-15452.6434500876,-217764.594463781,59488502.3555834,-175916.073767461,0.978473581213307,"new_zealand"
"88",1978-05-01,NA,101.67,NA,NA,NA,NA,-15064.8335390425,-212512.130366926,58650895.7651857,-171247.989414471,0.98116169544741,"new_zealand"
"89",1978-06-01,NA,-14.72,NA,NA,NA,NA,-14683.5624259356,-207345.165034579,57821187.3737921,-166663.211226823,0.993147283742179,"new_zealand"
"90",1978-07-01,12.3,59.75,NA,NA,NA,NA,-14308.7745552113,-202262.994763037,56999339.7739953,-162160.989204517,0.98135426889107,"new_zealand"
"91",1978-08-01,NA,31.55,NA,NA,NA,NA,-13940.4143713142,-197264.915848595,56185315.5583879,-157740.573347553,0.962927298988926,"new_zealand"
"92",1978-09-01,NA,-53.15,NA,NA,NA,NA,-13578.4263186887,-192350.224587551,55379077.3195624,-153401.213655932,0.948586605957124,"new_zealand"
"93",1978-10-01,11.1,-3.7,NA,NA,NA,NA,-13222.7548417792,-187518.217276201,54580587.6501114,-149142.160129653,0.947059380623165,"new_zealand"
"94",1978-11-01,NA,-71.63,NA,NA,NA,NA,-12873.3443850301,-182768.190210841,53789809.1426276,-144962.662768716,0.931358852565894,"new_zealand"
"95",1978-12-01,NA,37.35,NA,NA,NA,NA,-12530.1393928859,-178099.439687767,53006704.3897034,-140861.971573122,0.948676596148373,"new_zealand"
"96",1979-01-01,10.1,41.49,NA,NA,NA,NA,-12193.0843097911,-173511.262003275,52231235.9839317,-136839.336542869,0.948226815854352,"new_zealand"
"97",1979-02-01,NA,5.79,NA,NA,NA,NA,-11862.1235801901,-169002.953453663,51463366.5179048,-132894.007677959,0.946611132146914,"new_zealand"
"98",1979-03-01,NA,68.56,NA,NA,NA,NA,-11537.2016485273,-164573.810335225,50703058.5842154,-129025.234978391,0.94948727687049,"new_zealand"
"99",1979-04-01,10.4,114,NA,NA,NA,NA,-11218.2629592471,-160223.128944259,49950274.7754561,-125232.268444166,0.94876660341556,"new_zealand"
"100",1979-05-01,NA,46.39,NA,NA,NA,NA,-10905.2519567942,-155950.205577061,49204977.6842195,-121514.358075282,0.952743902439024,"new_zealand"
"101",1979-06-01,NA,32.26,NA,NA,NA,NA,-10598.1130856127,-151754.336529927,48467129.9030981,-117870.753871741,0.958129730765546,"new_zealand"
"102",1979-07-01,12.4,-7.2,NA,NA,NA,NA,-10296.7907901473,-147634.818099153,47736694.0246847,-114300.705833543,0.968147933004163,"new_zealand"
"103",1979-08-01,NA,0.17,NA,NA,NA,NA,-10001.2295148424,-143590.946581035,47013632.6415717,-110803.463960686,0.980007840062721,"new_zealand"
"104",1979-09-01,NA,-78.72,NA,NA,NA,NA,-9711.3737041423,-139622.018271871,46297908.3463517,-107378.278253172,0.986193293885602,"new_zealand"
"105",1979-10-01,15.2,-27.35,NA,NA,NA,NA,-9427.16780249159,-135727.329467956,45589483.7316175,-104024.398711,0.997207818109294,"new_zealand"
"106",1979-11-01,NA,-76.64,NA,NA,NA,NA,-9148.55625433467,-131906.176465586,44888321.3899614,-100741.07533417,1.01461038961039,"new_zealand"
"107",1979-12-01,NA,11.69,NA,NA,NA,NA,-8875.48350411598,-128157.855561058,44194383.9139762,-97527.5581226825,1.03295114141101,"new_zealand"
"108",1980-01-01,16.5,58.14,NA,NA,NA,NA,-8607.89399627998,-124481.663050668,43507633.8962544,-94383.0970765372,1.01936799184506,"new_zealand"
"109",1980-02-01,NA,-23.72,NA,NA,NA,NA,-8345.73217527109,-120876.895230713,42828033.9293886,-91306.9421957342,1.01327388793191,"new_zealand"
"110",1980-03-01,NA,-22.92,NA,NA,NA,NA,-8088.94248553378,-117342.848397488,42155546.6059715,-88298.3434802734,1.02082482645978,"new_zealand"
"111",1980-04-01,18.4,67.27,NA,NA,NA,NA,-7837.46937151248,-113878.81884729,41490134.5185955,-85356.5509301549,1.04766893661603,"new_zealand"
"112",1980-05-01,NA,58.23,NA,NA,NA,NA,-7591.25727765163,-110484.102876416,40831760.2598534,-82480.8145453787,1.05596620908131,"new_zealand"
"113",1980-06-01,NA,82.21,NA,NA,NA,NA,-7350.25064839569,-107157.996781161,40180386.4223376,-79670.3843259447,1.02417042195821,"new_zealand"
"114",1980-07-01,17.9,-29.6,NA,NA,NA,NA,-7114.39392818909,-103899.796857822,39535975.5986408,-76924.510271853,1.0128633647321,"new_zealand"
"115",1980-08-01,NA,-28.73,NA,NA,NA,NA,-6883.63156147628,-100708.799402695,38898490.3813556,-74242.4423831035,1.01378751013788,"new_zealand"
"116",1980-09-01,NA,-45.47,NA,NA,NA,NA,-6657.90799270171,-97584.3007120768,38267893.3630746,-71623.4306596963,1.0231225700839,"new_zealand"
"117",1980-10-01,16.3,-83.35,NA,NA,NA,NA,-6437.16766630982,-94525.5970822633,37644147.1363903,-69066.7251016313,1.01719051978436,"new_zealand"
"118",1980-11-01,NA,-58.43,NA,NA,NA,NA,-6221.35502674505,-91531.9848095507,37027214.2938954,-66571.5757089086,1.01967982053635,"new_zealand"
"119",1980-12-01,NA,23.94,NA,NA,NA,NA,-6010.41451845185,-88602.7601902356,36417057.4281824,-64137.2324815281,1.03337811305157,"new_zealand"
"120",1981-01-01,16.1,6.88,NA,NA,NA,NA,-5804.29058587466,-85737.2195206141,35813639.131844,-61762.9454194899,1.0482180293501,"new_zealand"
"121",1981-02-01,NA,-35.28,NA,NA,NA,NA,-5602.92767345793,-82934.6590969826,35216921.9974727,-59447.964522794,1.04014978156855,"new_zealand"
"122",1981-03-01,NA,125.29,NA,NA,NA,NA,-5406.2702256461,-80194.3752156373,34626868.6176611,-57191.5397914403,1.07054919173536,"new_zealand"
"123",1981-04-01,15.2,134.77,NA,NA,NA,NA,-5214.26268688361,-77515.6641728746,34043441.5850018,-54992.9212254289,1.08695652173913,"new_zealand"
"124",1981-05-01,NA,101.65,NA,NA,NA,NA,-5026.84950161492,-74897.8222649907,33466603.4920874,-52851.3588247597,1.10778774786751,"new_zealand"
"125",1981-06-01,NA,-96.62,NA,NA,NA,NA,-4843.97511428446,-72340.1457882819,32896316.9315106,-50766.1025894328,1.13442994895065,"new_zealand"
"126",1981-07-01,15.1,14.18,NA,NA,NA,NA,-4665.58396933668,-69841.9310390446,32332544.4958638,-48736.4025194481,1.16522955022139,"new_zealand"
"127",1981-08-01,NA,-17.22,NA,NA,NA,NA,-4491.62051121602,-67402.474313575,31775248.7777397,-46761.5086148057,1.1937447773666,"new_zealand"
"128",1981-09-01,NA,-91.1,NA,NA,NA,NA,-4322.02918436693,-65021.0719081695,31224392.3697309,-44840.6708755055,1.21462407384914,"new_zealand"
"129",1981-10-01,15.4,-116.8,NA,NA,NA,NA,-4156.75443323386,-62697.0201191242,30679937.86443,-42973.1393015476,1.21006776379477,"new_zealand"
"130",1981-11-01,NA,-90.02,NA,NA,NA,NA,-3995.74070226124,-60429.6152427356,30141847.8544295,-41158.163892932,1.21432908318154,"new_zealand"
"131",1981-12-01,NA,-20.7,NA,NA,NA,NA,-3838.93243589352,-58218.1535752999,29610084.9323221,-39394.9946496586,1.20336943441637,"new_zealand"
"132",1982-01-01,15.7,-72.65,NA,NA,NA,NA,-3686.27407857515,-56061.9314131134,29084611.6907004,-37682.8815717275,1.2080212611742,"new_zealand"
"133",1982-02-01,NA,21.44,NA,NA,NA,NA,-3537.71007475057,-53960.2450524725,28565390.7221568,-36021.0746591386,1.22850122850123,"new_zealand"
"134",1982-03-01,NA,21.97,NA,NA,NA,NA,-3393.18486886422,-51912.3907896733,28052384.6192841,-34408.823911892,1.26055716626749,"new_zealand"
"135",1982-04-01,15.8,-44.02,NA,NA,NA,NA,-3252.64290536055,-49917.6649210122,27545555.9746749,-32845.3793299876,1.28700128700129,"new_zealand"
"136",1982-05-01,NA,-120.91,NA,NA,NA,NA,-3116.02862868401,-47975.3637427855,27044867.3809216,-31329.9909134255,1.30616509926855,"new_zealand"
"137",1982-06-01,NA,72.28,NA,NA,NA,NA,-2983.28648327903,-46084.7835512896,26550281.430617,-29861.9086622056,1.29819550824354,"new_zealand"
"138",1982-07-01,17,-65.25,NA,NA,NA,NA,-2854.36091359007,-44245.2206428206,26061760.7163536,-28440.382576328,1.33422281521014,"new_zealand"
"139",1982-08-01,NA,-3.25,NA,NA,NA,NA,-2729.19636406156,-42455.9713136749,25579267.830724,-27064.6626557927,1.35153399107988,"new_zealand"
"140",1982-09-01,NA,-245.22,NA,NA,NA,NA,-2607.73727913796,-40716.3318601488,25102765.3663207,-25733.9989005996,1.36574706364381,"new_zealand"
"141",1982-10-01,16.6,-62.92,NA,NA,NA,NA,-2489.9281032637,-39025.5985785385,24632215.9157365,-24447.6413107488,1.38083402375035,"new_zealand"
"142",1982-11-01,NA,-0.39,NA,NA,NA,NA,-2375.71328088323,-37383.0677651405,24167582.0715638,-23204.8398862402,1.39997200055999,"new_zealand"
"143",1982-12-01,NA,51.7,NA,NA,NA,NA,-2265.037256441,-35788.0357162509,23708826.4263953,-22004.8446270739,1.40666760444507,"new_zealand"
"144",1983-01-01,15.3,125.22,NA,NA,NA,NA,-2157.84447438144,-34239.798728166,23255911.5728235,-20846.9055332498,1.37797988149373,"new_zealand"
"145",1983-02-01,NA,-58.48,NA,1174.8,NA,NA,-2054.07937914901,-32737.6530971823,22808800.1034411,-19730.272604768,1.3713658804169,"new_zealand"
"146",1983-03-01,NA,90.69,NA,1403.5,NA,NA,-1953.68641518815,-31280.8951195959,22367454.6108407,-18654.1958416285,1.3910140492419,"new_zealand"
"147",1983-04-01,12.6,168.11,NA,1666.2,NA,NA,-1856.6100269433,-29868.8210917032,21931837.6876148,-17617.9252438312,1.50060024009604,"new_zealand"
"148",1983-05-01,NA,71.21,NA,1822.1,NA,NA,-1762.7946588589,-28500.7273098004,21501911.926356,-16620.7108113761,1.52137532329226,"new_zealand"
"149",1983-06-01,NA,69.14,NA,1350.4,NA,NA,-1672.18475537941,-27175.9100701838,21077639.9196569,-15661.8025442633,1.50943396226415,"new_zealand"
"150",1983-07-01,8.3,133.78,NA,1256.4,NA,NA,-1584.72476094927,-25893.6656691498,20658984.2601102,-14740.4504424928,1.52299725860493,"new_zealand"
"151",1983-08-01,NA,-35.58,NA,1029.5,NA,NA,-1500.35912001291,-24653.2904029947,20245907.5403083,-13855.9045060645,1.52951973080453,"new_zealand"
"152",1983-09-01,NA,-34,NA,1186.4,NA,NA,-1419.03227701479,-23454.0805680147,19838372.352844,-13007.4147349785,1.53609831029186,"new_zealand"
"153",1983-10-01,5.4,-114,NA,1177.3,NA,NA,-1340.68867639935,-22295.3324605061,19436341.2903098,-12194.2311292347,1.53092467850582,"new_zealand"
"154",1983-11-01,NA,-43.36,NA,1097.8,NA,NA,-1265.27276261103,-21176.3423767653,19039776.9452982,-11415.6036888332,1.51148730350665,"new_zealand"
"155",1983-12-01,NA,-159.02,NA,1126.7,NA,NA,-1192.72898009428,-20096.4066130885,18648641.9104019,-10670.782413774,1.51860288534548,"new_zealand"
"156",1984-01-01,3.6,29.6,NA,1194.7,NA,NA,-1123.00177329354,-19054.821465772,18262898.7782135,-9959.01730405697,1.53562653562654,"new_zealand"
"157",1984-02-01,NA,-148.57,NA,1210,NA,NA,-1056.03558665326,-18050.8832311121,17882510.1413256,-9279.55835968223,1.54178230033919,"new_zealand"
"158",1984-03-01,NA,-47,NA,1221.8,NA,NA,-991.774864617883,-17083.8882054051,17507438.5923307,-8631.65558064974,1.51975683890577,"new_zealand"
"159",1984-04-01,3.5,124.61,NA,1128.1,NA,NA,-930.16405163185,-16153.1326849474,17137646.7238215,-8014.55896695951,1.49902563333833,"new_zealand"
"160",1984-05-01,NA,7.74,NA,1194.7,NA,NA,-871.147592139607,-15257.9129660352,16773097.1283905,-7427.51851861154,1.51906425641805,"new_zealand"
"161",1984-06-01,NA,-7.11,NA,1320,NA,NA,-814.669930585599,-14397.5253449647,16413752.3986303,-6869.78423560582,1.54106950223455,"new_zealand"
"162",1984-07-01,4.7,30.46,NA,1463.4,NA,NA,-760.67551141427,-13571.2661180324,16059575.1271336,-6340.60611794236,1.55738981467061,"new_zealand"
"163",1984-08-01,NA,-221.62,NA,2976.5,NA,NA,-709.108779070064,-12778.4315815345,15710527.9064929,-5839.23416562115,1.79759122775481,"new_zealand"
"164",1984-09-01,NA,-260.47,NA,2656.1,NA,NA,-659.914177997427,-12018.3180317673,15366573.3293008,-5364.9183786422,2.00360649168503,"new_zealand"
"165",1984-10-01,7,-335.34,NA,1956.2,NA,NA,-613.036152640803,-11290.221765027,15027673.9881499,-4916.9087570055,2.04290091930541,"new_zealand"
"166",1984-11-01,NA,-235.29,NA,2211.1,NA,NA,-568.419147444635,-10593.4390776101,14693792.4756328,-4494.45530071106,2.0571898786258,"new_zealand"
"167",1984-12-01,NA,-232.48,NA,3206.8,NA,NA,-526.007606853369,-9927.26626581269,14364891.3843421,-4096.80800975888,2.02922077922078,"new_zealand"
"168",1985-01-01,9.4,-29.82,NA,3698.4,NA,NA,-485.745975311448,-9290.9996259312,14040933.3068703,-3723.21688414895,2.07210940737671,"new_zealand"
"169",1985-02-01,NA,-118.85,NA,2832.2,14.89,NA,-447.578697263318,-8683.93545426188,13721880.8358102,-3372.93192388127,2.12585034013605,"new_zealand"
"170",1985-03-01,NA,182.42,NA,2772.3,20.3,NA,-411.450217153423,-8105.37004710103,13407696.5637542,-3045.20312895585,2.21141088014153,"new_zealand"
"171",1985-04-01,13.4,99.22,17.4,1939.6,67.32,NA,-377.304979426207,-7554.59970074496,13098343.083295,-2739.28049937269,2.20848056537102,"new_zealand"
"172",1985-05-01,NA,-29.57,18.05,2463.1,17.43,NA,-345.087428526114,-7030.92071148994,12793782.9870251,-2454.41403513179,2.19683655536028,"new_zealand"
"173",1985-06-01,NA,62.94,18.6,2537.9,21.2,NA,-314.74200889759,-6533.62937563229,12493978.8675372,-2189.85373623314,2.21238938053097,"new_zealand"
"174",1985-07-01,16.6,-37.92,16.7,2724.8,21.75,NA,-286.213164985078,-6062.0219894683,12198893.3174238,-1944.84960267674,2.17627856365615,"new_zealand"
"175",1985-08-01,NA,-223.27,17.55,3192,22.41,NA,-259.445341233024,-5615.39484929426,11908488.9292775,-1718.6516344626,2.00682319887618,"new_zealand"
"176",1985-09-01,NA,-131.16,18,2978,23.31,NA,-234.38298208587,-5193.04425140647,11622728.295691,-1510.50983159072,1.86706497386109,"new_zealand"
"177",1985-10-01,16.3,-133.81,18.45,2520.7,24.64,NA,-210.970531988063,-4794.26649210122,11341574.0092568,-1319.67419406109,1.87652467629949,"new_zealand"
"178",1985-11-01,NA,-162.77,18.15,2345.8,23.58,NA,-189.152435384046,-4418.35786767482,11064988.6625674,-1145.39472187372,1.75654312313367,"new_zealand"
"179",1985-12-01,NA,-148.63,17,2894.6,20.6,NA,-168.873136718263,-4064.61467442356,10792934.8482156,-986.921415028604,1.74733531364669,"new_zealand"
"180",1986-01-01,15.3,169.15,17,3254.9,19.49,NA,-150.07708043516,-3732.33320864373,10525375.1587939,-843.504273525744,1.90005700171005,"new_zealand"
"181",1986-02-01,NA,-390.37,18.5,3028.6,17.21,NA,-132.70871097918,-3420.80976663164,10262272.1868949,-714.39329736514,1.93573364305072,"new_zealand"
"182",1986-03-01,NA,-36.11,18.3,2850.2,19.06,NA,-116.712472794769,-3129.34064468357,10003588.5251111,-598.838486546791,1.88040616773223,"new_zealand"
"183",1986-04-01,13,-137.55,18.9,2667.4,19.45,NA,-102.03281032637,-2857.22213909582,9749286.76603526,-496.089841070698,1.89322226429383,"new_zealand"
"184",1986-05-01,NA,-33.24,16.8,2501.6,21.23,NA,-88.614168018428,-2603.7505461647,9499329.50225984,-405.397360936861,1.78157847853198,"new_zealand"
"185",1986-06-01,NA,190.06,15.15,2559.3,17.86,NA,-76.4009903153874,-2368.22216218649,9253679.32637748,-326.01104614528,1.76460208223046,"new_zealand"
"186",1986-07-01,10.4,142.47,15.4,2881.6,14.66,NA,-65.3377216616928,-2149.93328345749,9012298.83098077,-257.180896695954,1.83183733284484,"new_zealand"
"187",1986-08-01,NA,136.11,16.2,2897.3,15.35,NA,-55.3688065017885,-1948.18020627401,8775150.6086623,-198.156912588884,1.88040616773223,"new_zealand"
"188",1986-09-01,NA,-4.62,15.9,3351.7,15.72,NA,-46.4386892801189,-1762.25922693233,8542197.25201466,-148.18909382407,1.99720391451967,"new_zealand"
"189",1986-10-01,11,-246.11,15.35,4722.7,14.5,NA,-38.4918144411285,-1591.46664172875,8313401.35363046,-106.527440401512,2.08550573514077,"new_zealand"
"190",1986-11-01,NA,-26.9,15.18,5159.8,16.3,NA,-31.4726264292618,-1435.09874695957,8088725.50610227,-72.4219523212097,1.98452073824171,"new_zealand"
"191",1986-12-01,NA,-61.05,16,6110.6,18.27,NA,-25.3255696889632,-1292.45183892108,7868132.30202269,-45.1226295831631,1.94628260023355,"new_zealand"
"192",1987-01-01,18.2,70.24,15.95,7204.9,22.74,NA,-19.9950886646771,-1162.82221390958,7651584.33398432,-23.8794721873724,1.94779898714453,"new_zealand"
"193",1987-02-01,NA,-1.36,16.2,7150.8,23.29,NA,-15.425627800848,-1045.50616822137,7439044.19457975,-7.94248013383744,1.86532363365044,"new_zealand"
"194",1987-03-01,NA,119.77,16.8,7135,25.42,NA,-11.5616315419204,-939.799998152747,7230474.47640156,3.4383465774417,1.82448458310527,"new_zealand"
"195",1987-04-01,18.3,-57.64,16.3,7543.6,27.2,NA,-8.34754433233856,-845,7025837.77204236,11.013007946465,1.77525297354873,"new_zealand"
"196",1987-05-01,NA,73.47,15.95,7610.2,31.13,NA,-5.72781061654708,-760.402470059429,6825096.67409473,15.5315039732325,1.73160173160173,"new_zealand"
"197",1987-06-01,NA,163.53,15.65,7334.7,22.57,NA,-3.64687483899037,-685.30370462733,6628213.77515127,17.7438346577442,1.73490631505899,"new_zealand"
"198",1987-07-01,18.9,141.57,15.45,6350.5,18.98,NA,-2.04918144411285,-619,6435151.66780457,18.4,1.70386777986028,"new_zealand"
"199",1987-08-01,NA,-24.67,15.8,6022.2,17.91,NA,-0.879174876358993,-562.942385291898,6245872.94464722,18.25,1.6767270288397,"new_zealand"
"200",1987-09-01,NA,-61.8,15.65,5822,16.63,NA,-0.0812995801732268,-527.200820890139,6060340.19827183,17.85,1.69721656483367,"new_zealand"
"201",1987-10-01,16.9,-149.49,15.55,5201.1,18.31,NA,0.4,-524,5878516.02127096,17.95,1.5785319652723,"new_zealand"
"202",1987-11-01,NA,-311.1,15.7,5203.2,20.13,NA,0.620279419716243,-554.790951735942,5700363.00623723,19.7,1.5617679212869,"new_zealand"
"203",1987-12-01,NA,-90.46,14.9,4689,17.94,NA,0.635094234531058,-577.930048849152,5525843.74576322,17,1.61524794055888,"new_zealand"
"204",1988-01-01,9.6,105.27,14.3,4982.1,16.34,NA,0.5,-541,5354920.83244153,16.45,1.54655119084442,"new_zealand"
"205",1988-02-01,NA,3.35,14,4702.9,15.34,NA,0.268670102942064,-413.967881838408,5187556.85886474,16.15,1.51929504709815,"new_zealand"
"206",1988-03-01,NA,311.95,13.3,4698,16.7,NA,-0.0127507447699992,-256.338242972512,5023714.41762546,15.15,1.50625094140684,"new_zealand"
"207",1988-04-01,9,224.78,12.9,5569,15.5,NA,-0.3,-150,4863356.10131627,13.7,1.50966183574879,"new_zealand"
"208",1988-05-01,NA,207.16,13,5137.7,17.76,NA,-0.539404275928944,-149.744928317833,4706444.50252976,15.03,1.51194436044754,"new_zealand"
"209",1988-06-01,NA,394.95,12.75,5586,17.18,NA,-0.639646811006617,-201.97623852006,4552942.21385854,15.2,1.45158949049209,"new_zealand"
"210",1988-07-01,6.3,235.08,12.95,4514,15.94,NA,-0.5,-226,4402811.82789518,15.3,1.42857142857143,"new_zealand"
"211",1988-08-01,NA,61.95,12.8,3517.4,15.08,16.02,-0.0925344807077704,-164.200553038407,4256015.93723229,15,1.49633398174473,"new_zealand"
"212",1988-09-01,NA,100.3,12.75,3692.7,14.42,15.43,0.319486136944614,-51.2753214657679,4112517.13446246,14.2,1.54297176361673,"new_zealand"
"213",1988-10-01,5.6,157.65,12.76,3604,14.27,15.41,0.4,55,3972278.01217827,14.18,1.62654521795706,"new_zealand"
"214",1988-11-01,NA,-71.24,12.95,4107.6,14.68,15.38,-0.0423096530918264,110.621214545537,3835261.16297233,14.16,1.61004669135405,"new_zealand"
"215",1988-12-01,NA,165.5,13.65,4415.9,13.28,15.4,-0.619779218253321,126.670116975724,3701429.17943722,14.65,1.56079288278445,"new_zealand"
"216",1989-01-01,4.7,479.78,13.6,4528.7,13.1,15.67,-0.8,128,3570744.65416554,14.35,1.57183275699466,"new_zealand"
"217",1989-02-01,NA,150.87,12.97,4686.8,13.36,15.35,-0.230819499517517,128.82680596737,3443170.17974988,13.13,1.60230732254446,"new_zealand"
"218",1989-03-01,NA,227.65,13.27,4138.4,13.74,15.04,0.718889995327929,100.817075785095,3318668.34878283,13.39,1.62258640272595,"new_zealand"
"219",1989-04-01,4,288.51,13.21,4033.3,12.8,15.02,1.5,5.00000000000003,3197201.75385698,13.32,1.6246953696182,"new_zealand"
"220",1989-05-01,NA,171.66,13.38,4385.2,14.02,15.03,1.68780987338411,-178.965475452055,3078732.98756493,13.3,1.63478829491581,"new_zealand"
"221",1989-06-01,NA,385.05,13.16,4432,13.74,15.06,1.35533034805272,-396.901383079067,2963224.64249927,13.31,1.64690382081686,"new_zealand"
"222",1989-07-01,4.4,296.27,13.03,5015.6,13.4,15.06,0.7,-576,2850639.3112526,13.47,1.74276751481352,"new_zealand"
"223",1989-08-01,NA,-180.26,12.63,4686.9,13.13,15.04,-0.0759755495744994,-665.520459714706,2740939.5864175,13.3,1.73792144595064,"new_zealand"
"224",1989-09-01,NA,-242.67,12.07,5487.5,13.13,15.01,-0.751322498649904,-702.989321246604,2634088.06058656,12.98,1.68861870989531,"new_zealand"
"225",1989-10-01,7.2,-109.75,12.45,4667.4,13.73,15.04,-1.1,-748,2530047.32635239,13.43,1.69090294217112,"new_zealand"
"226",1989-11-01,NA,-317.44,12.35,4982.1,13.23,15.05,-0.980203971382414,-835.730463466897,2428779.97630757,13.8,1.70328734457503,"new_zealand"
"227",1989-12-01,NA,-206.03,12.26,5170.2,13.29,15.06,-0.587077390490137,-903.696887490073,2330248.60304469,14,1.70154840905224,"new_zealand"
"228",1990-01-01,7.2,-354.47,12.52,5048.5,13.18,15.1,-0.2,-865,2234415.79915636,13.93,1.68180289270098,"new_zealand"
"229",1990-02-01,NA,-51.15,12.2,5150.9,13.51,15.06,-0.0328381945254741,-671.928056788075,2141244.15723515,13.5,1.66057788110262,"new_zealand"
"230",1990-03-01,NA,115.1,12.18,5045.7,13.73,15.05,-0.0374049764265855,-433.5194250894,2050696.26987367,13.64,1.69033130493577,"new_zealand"
"231",1990-04-01,7,224.1,12.3,5612,13.12,15.03,-0.0999999999999999,-298,1962734.7296645,13.47,1.7102787754404,"new_zealand"
"232",1990-05-01,NA,55.23,12.46,5542.6,13.23,15.01,-0.125480287552727,-366.816568640062,1877322.12920024,13.4,1.72771250863856,"new_zealand"
"233",1990-06-01,NA,131.3,12.26,5098.6,12.82,14.99,-0.0929323334331504,-554.299486226402,1794421.06107348,13.45,1.74550532379124,"new_zealand"
"234",1990-07-01,7.6,329.08,12.12,5447.4,13.68,15.01,0,-728,1713994.11787682,13.49,1.71673819742489,"new_zealand"
"235",1990-08-01,NA,-121.97,12.27,5438.6,13.45,15,0.160685270662306,-786.064927910938,1636003.89220284,13.5,1.69061707523246,"new_zealand"
"236",1990-09-01,NA,-177.48,13.07,5373.5,14.55,15.48,0.416541717566594,-749.023370745731,1560412.97664414,14.12,1.63158753467124,"new_zealand"
"237",1990-10-01,5,-177.25,12.8,7299.1,13.87,15.51,0.8,-668,1487183.96379331,13.98,1.61082474226804,"new_zealand"
"238",1990-11-01,NA,-199.03,12.85,7134.6,13.98,15.49,1.27162809379239,-585.923719716185,1416279.44624295,13.91,1.63585800752495,"new_zealand"
"239",1990-12-01,NA,-326.66,12.67,6826.7,13.41,15.54,1.50454324094455,-512.940364124006,1347662.01658564,13.47,1.63612565445026,"new_zealand"
"240",1991-01-01,4.9,66.42,12.26,7013.2,11.63,15.5,1.1,-451,1281294.26741398,12.63,1.67869733087124,"new_zealand"
"241",1991-02-01,NA,4.52,11.71,6849.6,11.75,14.97,-0.143493942128161,-404.351304335431,1217138.79132056,12.19,1.68123739071957,"new_zealand"
"242",1991-03-01,NA,160.53,11.44,6710.1,11.75,14.1,-1.6384183850485,-386.437394980466,1155158.18089798,12.03,1.66333998669328,"new_zealand"
"243",1991-04-01,4.5,258.63,11.05,6608,11.77,14.1,-2.6,-413,1095315.02873883,11.63,1.68378514901499,"new_zealand"
"244",1991-05-01,NA,194.47,10.37,6284.1,11.11,14.07,-2.47543010305752,-488.300692571721,1037571.92743569,10.57,1.69750466813784,"new_zealand"
"245",1991-06-01,NA,393.23,9.72,6128.5,10.29,13.52,-1.63975858963944,-570.680426324499,981891.469581164,9.3,1.70502983802217,"new_zealand"
"246",1991-07-01,2.8,371.03,9.74,5990.2,10.12,13.03,-0.7,-607,928236.247767845,9.42,1.73460537727667,"new_zealand"
"247",1991-08-01,NA,71.76,9.88,6075.7,9.98,13.03,-0.128859719715821,-561.001480933241,876568.854588322,9.38,1.76429075511644,"new_zealand"
"248",1991-09-01,NA,54.16,9.84,6161.7,9.54,12.59,0.138193484347001,-463.952010832649,826851.88263519,9.21,1.743679163034,"new_zealand"
"249",1991-10-01,2.2,90.83,8.94,6007,8.92,12.57,0.3,-364,779047.924501039,7.96,1.72443524745646,"new_zealand"
"250",1991-11-01,NA,-43.77,8.84,5967.8,7.96,11.76,0.505683796735621,-304.248939250869,733119.572778464,7.97,1.77588350204227,"new_zealand"
"251",1991-12-01,NA,326.26,8.83,5692.3,8.28,11.79,0.705503170769954,-307.622641456017,689029.420060057,7.9,1.77462289263531,"new_zealand"
"252",1992-01-01,1,263.66,8.96,5451,7.75,11.72,0.8,-392,646740.058938409,7.55,1.80962721679334,"new_zealand"
"253",1992-02-01,NA,6.7,9.19,5560.4,7.31,11.63,0.724643051291854,-555.15091021143,606214.082006115,7.47,1.84535892231039,"new_zealand"
"254",1992-03-01,NA,-156.58,9.18,5644.6,7.28,11.64,0.554608647387996,-714.409275195135,567414.081855766,7.5,1.84569952011812,"new_zealand"
"255",1992-04-01,0.8,477.29,9.04,5789.2,7.04,10.9,0.4,-767,530302.651079955,7.21,1.82515057492243,"new_zealand"
"256",1992-05-01,NA,438.73,8.9,6389.5,6.81,10.84,0.329077331430294,-649.888160644152,494842.382271274,7.18,1.8470631695604,"new_zealand"
"257",1992-06-01,NA,425.49,8.74,5611.7,6.75,10.55,0.242728906344727,-458.999517022701,460995.868022317,7.07,1.86880956830499,"new_zealand"
"258",1992-07-01,1,402.34,8.42,5465.6,6.69,10.54,0,-330,428725.700925676,6.72,1.8450184501845,"new_zealand"
"259",1992-08-01,NA,-39.08,7.87,5405.1,6.18,10.26,-0.45947089553155,-363.629780545295,397994.473573942,6.05,1.83116645303058,"new_zealand"
"260",1992-09-01,NA,-109.02,7.92,5724.1,6.08,10.06,-0.873672420915052,-520.925990047395,368764.77855971,6.33,1.84979652238254,"new_zealand"
"261",1992-10-01,1,-370.35,7.99,5857.1,6.26,10.09,-0.9,-728,340999.208475572,6.75,1.84808722971724,"new_zealand"
"262",1992-11-01,NA,-93.97,7.76,6392.4,6.15,10.08,-0.324527082637426,-914.074198656149,314660.355914119,6.28,1.85391175380052,"new_zealand"
"263",1992-12-01,NA,-64.54,7.61,6275.6,6.04,9.49,0.551960777315483,-1020.81504130624,289710.813467945,6.27,1.92307692307692,"new_zealand"
"264",1993-01-01,1.3,160.33,7.7,5846,7.01,9.63,1.3,-993,266113.173729643,7.23,1.93911188675587,"new_zealand"
"265",1993-02-01,NA,94.73,7.83,6168.9,10.07,10.2,1.6057273742294,-806.369721126405,243830.029291805,7.35,1.95045835771406,"new_zealand"
"266",1993-03-01,NA,300.47,7.52,6002.1,7.57,10.13,1.61768116350497,-560.517548431359,222823.972747023,7.4,1.93798449612403,"new_zealand"
"267",1993-04-01,1,520.97,7.43,6170.8,7.06,10.07,1.6,-386,203057.59668789,7.07,1.88572506128606,"new_zealand"
"268",1993-05-01,NA,362.05,7.22,5843.3,6.91,10.05,1.74976573386796,-375.8172872086,184493.493706999,7,1.85528756957328,"new_zealand"
"269",1993-06-01,NA,475.15,7.33,6044.3,6.26,9.79,1.99583308718314,-472.744394597956,167094.256396942,6.55,1.84195984527537,"new_zealand"
"270",1993-07-01,1.3,401.71,7.21,6193,5.91,9.76,2.2,-582,150822.477350312,6.37,1.85356811862836,"new_zealand"
"271",1993-08-01,NA,-122.28,6.66,6199.1,5.26,9.77,2.2507652458543,-635.324093002159,135640.749159701,6.06,1.82149362477231,"new_zealand"
"272",1993-09-01,NA,-252.06,6.24,6560.5,5.28,9.22,2.14343093220691,-670.541910213852,121511.664417703,5.7,1.80962721679334,"new_zealand"
"273",1993-10-01,1.5,-48.39,6.27,6566.4,4.9,9.16,1.9,-752,108397.815716909,5.62,1.81290790427846,"new_zealand"
"274",1993-11-01,NA,-48.01,6.01,6344.2,5.12,8.79,1.56198809752965,-911.627081523507,96261.7956499127,5.38,1.80962721679334,"new_zealand"
"275",1993-12-01,NA,-69.3,6.3,6118.5,5.91,8.77,1.24896170250773,-1051.68055713923,85066.1968093061,5.79,1.82515057492243,"new_zealand"
"276",1994-01-01,1.4,95.3,5.84,5973.4,4.8,8.77,1.1,-1042,74773.6117876819,5.22,1.79759122775481,"new_zealand"
"277",1994-02-01,NA,74.34,5.56,6778.6,4.54,8.7,1.19757866032338,-808.463877200111,65346.6331776327,4.65,1.77746178457163,"new_zealand"
"278",1994-03-01,NA,303.35,6.1,7076,4.32,8.49,1.39775929479922,-501.106231599612,56747.8535717512,5.15,1.74094707520891,"new_zealand"
"279",1994-04-01,1.3,408.16,6.67,6908.6,5.7,8.32,1.5,-326,48939.8655626299,6.06,1.75162024873008,"new_zealand"
"280",1994-05-01,NA,344.65,7.27,7752.8,6.84,8.32,1.36991948339905,-421.332224490866,41885.2617428614,6.47,1.75716042874714,"new_zealand"
"281",1994-06-01,NA,450.56,7.11,7552.8,5.29,8.33,1.13777889607317,-653.746368314178,35546.6347050384,5.88,1.71379605826907,"new_zealand"
"282",1994-07-01,1.1,221.88,7.69,6744.3,5.14,8.34,1,-822,29886.5770417533,7.17,1.6914749661705,"new_zealand"
"283",1994-08-01,NA,-139.32,8.07,6828.9,6.39,8.73,1.09311377645077,-785.577595206797,24867.6813455988,7.15,1.66500166500167,"new_zealand"
"284",1994-09-01,NA,-202.21,8.27,5857.9,5.9,9.23,1.31408808387106,-646.87125810664,20452.5402091675,7.7,1.66333998669328,"new_zealand"
"285",1994-10-01,1.8,-152.86,9.26,5803.4,6.41,9.29,1.5,-569,16603.746225052,8.42,1.65837479270315,"new_zealand"
"286",1994-11-01,NA,-368.43,9.03,5682.3,7.14,9.61,1.52799578116822,-667.024061348611,13283.8919858448,8.58,1.64203612479475,"new_zealand"
"287",1994-12-01,NA,-540.38,8.94,5908.3,7.44,10.18,1.43549839807223,-863.768599259261,10455.5700841386,9.48,1.61056530842326,"new_zealand"
"288",1995-01-01,2.8,138.17,8.49,5772.1,8.4,10.45,1.3,-1034,8081.37311252598,9.56,1.56911972383493,"new_zealand"
"289",1995-02-01,NA,40.38,8.58,5982.6,8.4,11.31,1.18379198776522,-1083.0669001395,6123.89366359949,9.42,1.56201187129022,"new_zealand"
"290",1995-03-01,NA,308.49,8.47,6000.3,8.78,11.35,1.08836276828446,-1038.64693744891,4545.72432995174,9.28,1.57604412923562,"new_zealand"
"291",1995-04-01,4,176.27,7.95,6095.4,9.15,11.35,1,-959,3309.45770417533,9.17,1.54798761609907,"new_zealand"
"292",1995-05-01,NA,124.54,7.77,5563.1,8.98,11.3,0.91461404554866,-891.89352327858,2377.68637886284,8.97,1.49880095923261,"new_zealand"
"293",1995-06-01,NA,-28.08,7.34,5971.2,8.98,11.29,0.866606084345468,-843.125132426588,1713.00294660686,9.01,1.49835181300569,"new_zealand"
"294",1995-07-01,4.6,172.88,7.63,5646.7,9.01,11.22,0.9,-808,1278,8.94,1.49365197908887,"new_zealand"
"295",1995-08-01,NA,-214.85,7.83,5806.2,8.87,11.33,1.02812220041051,-784.8775252647,1035.27013163484,8.16,1.48323939483833,"new_zealand"
"296",1995-09-01,NA,-257,7.97,5957,9.08,11.36,1.14150919062996,-784.33401432622,947.405934103976,8.53,1.52230172020094,"new_zealand"
"297",1995-10-01,3.5,-258,7.74,6174.2,9.52,11.39,1.1,-820,977,8.61,1.52415790275873,"new_zealand"
"298",1995-11-01,NA,-240.13,7.23,6241.2,8.86,11.34,0.832156412068569,-899.188968255211,1082.77611805716,7.69,1.51745068285281,"new_zealand"
"299",1995-12-01,NA,-285.66,7.01,6608.8,8.48,11.36,0.54143122720877,-1003.94621767594,1207.98286157632,7.87,1.53327200245324,"new_zealand"
"300",1996-01-01,2.9,-2.63,7.23,6752.1,8.75,11.1,0.5,-1110,1292,8.32,1.53846153846154,"new_zealand"
"301",1996-02-01,NA,-245.21,6.95,6283.4,8.81,10.94,0.872881780944846,-1196.88512023298,1293.55132206245,8.23,1.51080223598731,"new_zealand"
"302",1996-03-01,NA,50.46,7.62,6658.3,8.55,10.92,1.39646960423866,-1259.36259645151,1248.73669366482,8.51,1.48170099273966,"new_zealand"
"303",1996-04-01,2.2,187.84,7.98,6748.1,9.07,10.98,1.7,-1296,1213,8.78,1.46886016451234,"new_zealand"
"304",1996-05-01,NA,122.62,8.53,7415.8,9.28,11.03,1.52446461230019,-1304.64092118326,1222.24081591527,9.37,1.46541617819461,"new_zealand"
"305",1996-06-01,NA,327.05,8.91,8806.9,9.68,11.37,1.05787554102176,-1280.23302614767,1234.18147487551,9.14,1.45836371591075,"new_zealand"
"306",1996-07-01,2,8.75,8.7,8001.6,9.53,11.89,0.6,-1217,1187,9.5,1.47819660014782,"new_zealand"
"307",1996-08-01,NA,-117.57,8.36,8148.6,9.86,12.05,0.392222732817341,-1118.73638021918,1048.41134020239,8.84,1.44927536231884,"new_zealand"
"308",1996-09-01,NA,-372.55,8.22,8144.1,9.91,12.01,0.442398602044673,-1027.52011377265,904.278147573872,8.75,1.45222189950624,"new_zealand"
"309",1996-10-01,2.4,-278.55,8.04,9250,9.98,12.02,0.7,-995,870,8.73,1.43595634692705,"new_zealand"
"310",1996-11-01,NA,-165.6,7.29,8843.7,10,11.97,1.07701482680081,-1054.82096534744,1018.96567512701,8.1,1.42714428428714,"new_zealand"
"311",1996-12-01,NA,-83.3,7.02,8651.1,9.44,11.95,1.33549301376251,-1168.61244468767,1256.52074964382,7.7,1.40884756269372,"new_zealand"
"312",1997-01-01,2.6,43.14,7.2,8432.2,8.4,11.4,1.2,-1280,1446,7.47,1.41843971631206,"new_zealand"
"313",1997-02-01,NA,-119.29,7.34,6611.7,7.63,11.14,0.540458700720157,-1352.20198061328,1485.83707040068,7.08,1.42673705236125,"new_zealand"
"314",1997-03-01,NA,141.56,7.62,6710.1,7.31,10.83,-0.191778064502135,-1426.80788525445,1414.86107607309,7.54,1.44759698899826,"new_zealand"
"315",1997-04-01,1.8,29.99,7.91,6495.3,7.44,10.85,-0.4,-1565,1307,7.7,1.43287003868749,"new_zealand"
"316",1997-05-01,NA,80.49,7.85,6247.1,7.15,10.83,0.283372592540783,-1791.66740849575,1222.61196919621,7.3,1.4446691707599,"new_zealand"
"317",1997-06-01,NA,401.23,7.46,6661.8,6.57,10.84,1.3093970220238,-1986.5263846649,1167.77568680458,6.97,1.44717800289436,"new_zealand"
"318",1997-07-01,1.1,150.02,6.95,6222.9,6.67,10.46,1.9,-1993,1135,6.64,1.4553922282055,"new_zealand"
"319",1997-08-01,NA,-472.76,6.66,6749.2,7.77,10.22,1.5149398180056,-1715.83208910743,1118.78912688857,7.32,1.51285930408472,"new_zealand"
"320",1997-09-01,NA,-85.31,7.08,6958.2,8.1,10.93,0.565301087518029,-1305.04953904891,1121.6287693012,7.5,1.55738981467061,"new_zealand"
"321",1997-10-01,1,-251.84,6.62,6972.3,7.87,10.84,-0.3,-972,1148,7.39,1.57232704402516,"new_zealand"
"322",1997-11-01,NA,-261.8,6.54,6979.9,7.34,10.8,-0.598687420118745,-865.44867951898,1196.04633806433,7.54,1.57331655129012,"new_zealand"
"323",1997-12-01,NA,-78.56,6.64,7385.6,7.11,10.69,-0.515045816540366,-883.831014695017,1238.56108784248,7.25,1.60205062479974,"new_zealand"
"324",1998-01-01,0.8,-39.74,7.04,7653.2,7.63,10.75,-0.4,-863,1242,8.47,1.69090294217112,"new_zealand"
"325",1998-02-01,NA,70.65,6.76,7704,8.66,11.03,-0.505375322715808,-696.521340964798,1182.3958912245,8.56,1.72622130157086,"new_zealand"
"326",1998-03-01,NA,96.83,6.91,7677.6,8.77,11.16,-0.686599302838048,-508.811587356206,1074.08984229185,8.6,1.71556013038257,"new_zealand"
"327",1998-04-01,1.3,-17.83,6.97,7568.1,8.6,11.26,-0.7,-482,941,9.38,1.74641983932937,"new_zealand"
"328",1998-05-01,NA,61.74,6.76,7587.5,9.16,11.64,-0.38721869642543,-728.910401066272,808.666393333979,8.67,1.80701120346946,"new_zealand"
"329",1998-06-01,NA,302.52,6.42,7858.6,8.6,11.63,0.0688504352999635,-1085.14485810238,709.11658002716,8.17,1.85597624350408,"new_zealand"
"330",1998-07-01,1.7,28.27,6.32,8094.2,8.91,11.53,0.4,-1317,676,7.37,1.95198126097989,"new_zealand"
"331",1998-08-01,NA,-84.31,6.14,8170.9,7.1,11.16,0.420916775084196,-1255.46668439974,726.420016921067,6.75,1.92864030858245,"new_zealand"
"332",1998-09-01,NA,-242.11,6.23,8153.7,5.98,10.79,0.277864228304861,-990.312683937974,811.295689451363,6.46,1.99560965875075,"new_zealand"
"333",1998-10-01,1.7,-196.05,5.58,8274,5.43,9.37,0.2,-676,865,5.63,1.98255352894528,"new_zealand"
"334",1998-11-01,NA,-423.59,5.38,8515.7,4.07,8.76,0.355403447940498,-443.296935408833,844.801687129903,5.18,1.91828122002686,"new_zealand"
"335",1998-12-01,NA,-442.03,5.51,8218.3,3.55,8.39,0.667840799628742,-328.196998738317,799.552514019242,4.64,1.87265917602996,"new_zealand"
"336",1999-01-01,0.4,-86.22,5.47,7974.5,3.49,7.7,1,-343,801,5.05,1.9146084625694,"new_zealand"
"337",1999-02-01,NA,-253.18,5.46,7943.8,3.35,7.66,1.23154350722789,-485.160388779739,895.151012337101,4.7,1.85597624350408,"new_zealand"
"338",1999-03-01,NA,28.7,5.84,7677.2,3.3,7.65,1.31003183243943,-692.751172960611,1025.04981002723,4.83,1.83992640294388,"new_zealand"
"339",1999-04-01,-0.1,93.7,5.83,7255.9,4.5,7.54,1.2,-889,1108,4.03,1.87863986473793,"new_zealand"
"340",1999-05-01,NA,39.29,5.77,6501.8,4.5,7.54,0.922126226851656,-1013.87632428702,1089.66833759577,4.04,1.84263865855906,"new_zealand"
"341",1999-06-01,NA,86.85,6.26,7698.4,4.5,7.54,0.721661500243171,-1074.31682793776,1029.17417179778,4.17,1.80831826401447,"new_zealand"
"342",1999-07-01,-0.4,-187.66,6.51,7085.9,4.5,7.51,0.9,-1094,1014,4.57,1.87793427230047,"new_zealand"
"343",1999-08-01,NA,-147.19,6.63,6919.8,4.5,7.51,1.61698862240253,-1103.77875851661,1103.84230394649,4.56,1.900779319521,"new_zealand"
"344",1999-09-01,NA,-426.65,7.05,7453.4,4.5,7.51,2.46628512955085,-1163.20373751059,1247.25350278166,5.94,1.90150218672751,"new_zealand"
"345",1999-10-01,-0.5,-528.45,6.95,7989.3,4.5,7.5,2.9,-1339,1365,5.65,1.91204588910134,"new_zealand"
"346",1999-11-01,NA,-431.85,7.08,8414.2,4.5,7.6,2.55436372798269,-1657.08271572063,1399.55503921085,5.9,1.94476857253987,"new_zealand"
"347",1999-12-01,NA,-741.83,7.1,8687.6,4.5,7.79,1.80208687044232,-1980.12748127916,1380.21922448298,5.96,1.95236235845373,"new_zealand"
"348",2000-01-01,0.5,-1062.43,7.32,8514.2,5,8.05,1.2,-2130,1358,6.05,1.9657951641439,"new_zealand"
"349",2000-02-01,NA,6,7.49,8465.4,5,8.43,1.1396305397408,-1986.14963786014,1367.45605772863,6.59,1.95045835771406,"new_zealand"
"350",2000-03-01,NA,43.15,7.16,8196,5.25,8.44,1.35129331460579,-1658.36041144686,1377.35108076792,6.74,2.03956761166633,"new_zealand"
"351",2000-04-01,1.5,42.13,6.98,7879,5.25,8.71,1.4,-1314,1340,6.69,2.03998368013056,"new_zealand"
"352",2000-05-01,NA,-17.44,7.05,7871,5.75,8.9,0.987114113054102,-1086.72614024621,1225.13924839315,6.77,2.01612903225806,"new_zealand"
"353",2000-06-01,NA,183.14,6.94,7830,6,9.23,0.359406537801198,-975.356798859338,1072.19126726017,7.08,2.12404418011895,"new_zealand"
"354",2000-07-01,2,-0.49,6.79,7773,6.5,9.62,-0.0999999999999996,-945,938,6.86,2.12539851222104,"new_zealand"
"355",2000-08-01,NA,-114.77,6.78,7722,6.5,9.61,-0.117716621586842,-959.834690043888,868.875837587663,6.8,2.17533173809006,"new_zealand"
"356",2000-09-01,NA,-360.33,6.76,8412,6.5,9.64,0.140710163819052,-980.323504226903,868.994961302516,6.83,2.24618149146451,"new_zealand"
"357",2000-10-01,3,-603.6,6.76,8713,6.5,9.63,0.4,-966,932,6.75,2.39750659314313,"new_zealand"
"358",2000-11-01,NA,-212.89,6.7,9390,6.5,9.62,0.450419039959934,-888.786951430086,1040.76480866361,6.59,2.49937515621095,"new_zealand"
"359",2000-12-01,NA,-388.87,6.37,9175,6.5,9.61,0.34441947358926,-770.163999047867,1135.08814678902,6.54,2.5062656641604,"new_zealand"
"360",2001-01-01,4,-54.54,6.03,8983,6.5,9.63,0.2,-644,1144,6.29,2.32720502676286,"new_zealand"
"361",2001-02-01,NA,115.95,6.09,8590,6.5,9.63,0.123447869154514,-535.202689420953,1025.21307590606,5.73,2.25123818099955,"new_zealand"
"362",2001-03-01,NA,392.7,6.01,7827,6.5,9.63,0.174204534416503,-432.835314396444,851.170970059903,5.92,2.30149597238205,"new_zealand"
"363",2001-04-01,3.1,134.12,6.02,8567,6.5,9.58,0.4,-317,723,5.76,2.39120038259206,"new_zealand"
"364",2001-05-01,NA,348.93,6.61,8633,6.25,9.49,0.803937631570157,-177.624513108323,714.493998823254,5.56,2.45760629147211,"new_zealand"
"365",2001-06-01,NA,668.17,6.79,8654,6,8.96,1.21061424059658,-43.939187810803,790.116861860251,5.71,2.37079184447605,"new_zealand"
"366",2001-07-01,3.2,148.29,6.76,8501,5.75,8.92,1.4,45.0000000000001,887,5.7,2.41487563390485,"new_zealand"
"367",2001-08-01,NA,-28.46,6.7,8584,5.75,8.94,1.23857938234264,59.2933344468395,956.551669541662,5.66,2.45037980887037,"new_zealand"
"368",2001-09-01,NA,-100.97,6.48,7990,5.75,8.96,0.938894058752724,5.66613971372978,1007.28750842502,5.68,2.31803430690774,"new_zealand"
"369",2001-10-01,2.4,-60.46,6.46,8933,5.75,8.69,0.8,-100,1062,5.09,2.39635753654445,"new_zealand"
"370",2001-11-01,NA,-282.39,6.18,8823,5.25,8.61,1.01952261683708,-244.956232086442,1135.0030267138,4.8,2.41604252234839,"new_zealand"
"371",2001-12-01,NA,-361.24,6.46,8336,5.25,8.41,1.38936507994808,-428.984630303375,1206.69606740264,4.73,2.40500240500241,"new_zealand"
"372",2002-01-01,1.8,13.2,6.82,8582,4.75,8.13,1.6,-655,1249,4.74,2.40558094779889,"new_zealand"
"373",2002-02-01,NA,-261.48,6.66,7941,4.75,8.14,1.44258940956832,-906.542480175145,1244.25103841795,4.73,2.35571260306243,"new_zealand"
"374",2002-03-01,NA,281.18,6.6,8454,4.75,8.14,1.11105302886238,-1089.65354442615,1216.44674048294,4.54,2.38834487700024,"new_zealand"
"375",2002-04-01,2.6,501.35,6.88,7722,4.75,8.19,0.9,-1091,1200,5.46,2.30786983614124,"new_zealand"
"376",2002-05-01,NA,2.62,6.74,8157,5,8.62,1.01382344859335,-850.096069435199,1218.40022702181,5.61,2.2583559168925,"new_zealand"
"377",2002-06-01,NA,498.53,6.76,7348,5.25,8.82,1.29605243423203,-517.845636436451,1251.44289659154,5.77,2.16919739696312,"new_zealand"
"378",2002-07-01,2.8,318.8,6.66,7498,5.5,9.03,1.5,-298,1268,5.73,2.04666393778142,"new_zealand"
"379",2002-08-01,NA,-275.79,6.48,8073,5.5,9.23,1.45026494420642,-334.813982824798,1247.66657201333,5.7,2.07943439384487,"new_zealand"
"380",2002-09-01,NA,-557.02,6.31,7601,5.75,9.2,1.25658908606133,-534.556502420633,1212.92982129904,5.67,2.15749730312837,"new_zealand"
"381",2002-10-01,2.6,-359.1,6.05,8025,5.75,9.18,1.1,-744,1197,5.56,2.12675457252233,"new_zealand"
"382",2002-11-01,NA,-700.09,6.31,7388,5.75,9.19,1.1073389968032,-842.981332598942,1221.22978122118,5.66,2.0755500207555,"new_zealand"
"383",2002-12-01,NA,-484.88,6.46,8602,5.75,9.18,1.18870233263375,-843.595020547685,1259.54152191599,5.73,2.01085863663784,"new_zealand"
"384",2003-01-01,2.7,-267.76,6.09,9429,5.75,9.14,1.2,-791,1274,5.67,1.95771339075959,"new_zealand"
"385",2003-02-01,NA,-352.29,6.01,7924,5.75,9.14,1.03889758709931,-728.964390483138,1242.22911791679,5.48,1.85253797702853,"new_zealand"
"386",2003-03-01,NA,-9.03,5.76,8549,5.75,9.13,0.770083064885151,-695.693045018258,1204.08927622217,5.34,1.80538003249684,"new_zealand"
"387",2003-04-01,2.5,289.18,6.01,9114,5.75,9.13,0.5,-728,1215,5.42,1.80603214737222,"new_zealand"
"388",2003-05-01,NA,-22.88,5.91,8513,5.75,9.14,0.329663247392143,-843.087031394433,1307.85374711168,5.2,1.81225081551287,"new_zealand"
"389",2003-06-01,NA,104.06,5.38,9010,5.5,8.89,0.338372815233053,-979.706873453356,1425.43470652868,4.91,1.73731758165393,"new_zealand"
"390",2003-07-01,1.5,-233.89,5.35,9783,5.5,8.73,0.6,-1057,1488,4.88,1.71969045571797,"new_zealand"
"391",2003-08-01,NA,-483.43,5.75,9288,5.25,8.75,1.1276346085173,-1019.13192838358,1443.76330104391,4.87,1.70532060027285,"new_zealand"
"392",2003-09-01,NA,-299.07,5.97,8641,5,8.56,1.69124048899745,-910.368350057207,1352.76449025571,5.05,1.71556013038257,"new_zealand"
"393",2003-10-01,1.5,-753.4,5.82,8702,5,8.56,2,-800,1303,5.06,1.71144959780934,"new_zealand"
"394",2003-11-01,NA,-720.92,6.19,9290,5,8.54,1.86350202224236,-747.607477293489,1353.31527093491,5.54,1.66112956810631,"new_zealand"
"395",2003-12-01,NA,-389.77,6.28,10610,5,8.59,1.49296152507344,-773.930837428928,1445.95177689291,5.6,1.59108989657916,"new_zealand"
"396",2004-01-01,1.6,-513.02,5.93,9300,5,8.66,1.2,-890,1494,5.46,1.54535620460516,"new_zealand"
"397",2004-02-01,NA,-579.19,6.08,8445,5,8.67,1.20724619140215,-1087.25297725728,1441.04968929051,5.59,1.48411991688928,"new_zealand"
"398",2004-03-01,NA,87.4,5.93,9196,5.25,8.87,1.38135785515325,-1278.76015207893,1352.68766143192,5.47,1.44592249855408,"new_zealand"
"399",2004-04-01,1.5,48.74,5.83,10093,5.25,8.89,1.5,-1358,1325,5.34,1.5135462388376,"new_zealand"
"400",2004-05-01,NA,-194.73,6.22,9346,5.25,8.91,1.39640210103794,-1267.93616923293,1423.26374968083,5.64,1.55884645362432,"new_zealand"
"401",2004-06-01,NA,677.05,6.27,7899,5.5,9.06,1.12605149875801,-1149.47299869978,1589.51979960165,5.74,1.62575191025849,"new_zealand"
"402",2004-07-01,2.4,-393.34,6.35,7284,5.5,9.33,0.8,-1193,1735,6.1,1.59134309357097,"new_zealand"
"403",2004-08-01,NA,-384.12,6.34,7869,5.75,9.37,0.514552811853513,-1518.92827173692,1791.33975643062,6.19,1.54631204577084,"new_zealand"
"404",2004-09-01,NA,-708.22,6.21,7900,6,9.63,0.307028742407322,-1967.75526052936,1771.78869571704,6.25,1.52415790275873,"new_zealand"
"405",2004-10-01,2.5,-1009.54,6.13,8075,6,9.94,0.2,-2310,1710,6.38,1.51653017895056,"new_zealand"
"406",2004-11-01,NA,-535.99,6.03,8787,6.25,9.98,0.20464591080727,-2380.53592900457,1638.34018755965,6.17,1.46070698217937,"new_zealand"
"407",2004-12-01,NA,-685.4,5.94,9868,6.5,10.18,0.286574272353448,-2271.65410733093,1584.02912123389,6.21,1.42673705236125,"new_zealand"
"408",2005-01-01,2.7,-526.22,5.96,9667,6.5,10.16,0.4,-2140,1573,6.35,1.39879703455029,"new_zealand"
"409",2005-02-01,NA,-302.01,6.04,10568,6.5,10.16,0.518715396769259,-2110.63171594851,1620.78097481224,6.45,1.41542816702052,"new_zealand"
"410",2005-03-01,NA,-106.02,6.07,8374,6.5,10.15,0.694822316327033,-2182.25793977655,1701.2800045326,6.32,1.39762403913347,"new_zealand"
"411",2005-04-01,2.8,-189.53,6.18,8827,6.5,10.4,1,-2322,1778,6.47,1.36986301369863,"new_zealand"
"412",2005-05-01,NA,-140.01,5.82,10750,6.75,10.41,1.45382583544903,-2498.78905905323,1820.35072800619,6.46,1.38715494520738,"new_zealand"
"413",2005-06-01,NA,-74.49,5.68,10458,6.75,10.4,1.86746979567175,-2688.79561504437,1821.36937915422,6.28,1.39062717285496,"new_zealand"
"414",2005-07-01,2.8,-513.24,5.71,10400,6.75,10.41,2,-2870,1780,6.37,1.41183114499506,"new_zealand"
"415",2005-08-01,NA,-624.15,5.7,11164,6.75,10.5,1.68820348365685,-3020.21204783857,1703.11240945931,6.43,1.47297098247165,"new_zealand"
"416",2005-09-01,NA,-1100.85,5.63,11331,6.75,10.49,1.0797429454304,-3116.55960004598,1629.27951588755,6.47,1.43760782058654,"new_zealand"
"417",2005-10-01,3.4,-971.09,5.86,10715,6.75,10.49,0.4,-3136,1605,6.56,1.431229426077,"new_zealand"
"418",2005-11-01,NA,-895.49,5.95,11809,6.75,10.58,-0.143676807113472,-3077.14052737028,1659.19963415657,6.69,1.43204926249463,"new_zealand"
"419",2005-12-01,NA,-1233.43,5.84,13119,7,10.78,-0.416071207022991,-3025.18820699395,1750.51255729559,6.91,1.44990575612585,"new_zealand"
"420",2006-01-01,3.2,-311.16,5.7,13058,7,10.98,-0.3,-3087,1820,6.63,1.43947027493882,"new_zealand"
"421",2006-02-01,NA,-893.77,5.82,12986,7.25,11,0.242059300352592,-3319.04065749512,1824.82979465514,6.1,1.45518044237485,"new_zealand"
"422",2006-03-01,NA,-373.81,5.75,13784,7.25,11.01,0.928986327106007,-3576.20609049674,1786.59618085601,6.69,1.48478099480327,"new_zealand"
"423",2006-04-01,3.3,69.12,5.69,14597,7.25,11,1.4,-3663,1743,6.83,1.57678965625985,"new_zealand"
"424",2006-05-01,NA,33.33,5.72,15700,7.25,11,1.39766182792533,-3450.14128709369,1722.9256316673,6.86,1.60771704180064,"new_zealand"
"425",2006-06-01,NA,-115.52,5.77,16877,7.25,11,1.07790367637674,-3073.2096532413,1719.99160816925,6.84,1.5845349389954,"new_zealand"
"426",2006-07-01,4,-192.24,5.83,16266,7.25,11.07,0.7,-2734,1719,6.99,1.61550888529887,"new_zealand"
"427",2006-08-01,NA,-693.47,5.85,18307,7.25,11.07,0.474700795353513,-2587.39419413012,1711.43064163862,6.99,1.61864681126578,"new_zealand"
"428",2006-09-01,NA,-951.36,5.75,17881,7.25,11.07,0.418658226646291,-2600.62196320472,1715.47442350401,7,1.5752993068683,"new_zealand"
"429",2006-10-01,3.5,-625.47,5.71,18407,7.25,11.07,0.5,-2694,1756,7.15,1.52648450618226,"new_zealand"
"430",2006-11-01,NA,-1173.14,5.75,19380,7.25,11.08,0.681312768438402,-2800.57823268211,1844.90735733377,7.25,1.51034586920405,"new_zealand"
"431",2006-12-01,NA,-820,5.76,19278,7.25,11.06,0.903018972593651,-2904.33953097687,1942.22180892582,6.39,1.49409831166891,"new_zealand"
"432",2007-01-01,2.6,-345.81,5.92,19917,7.25,11.04,1.1,-3002,1995,6.66,1.44237703735757,"new_zealand"
"433",2007-02-01,NA,-824.9,6.01,19094,7.25,11.05,1.2185666494114,-3089.95954180809,1968.9399290263,6.67,1.43947027493882,"new_zealand"
"434",2007-03-01,NA,-127.44,5.82,19486,7.25,11.05,1.25074736446059,-3163.35324622114,1904.30500745936,6.85,1.4421690222094,"new_zealand"
"435",2007-04-01,2.5,57.3,5.93,20380,7.25,11.31,1.2,-3217,1860,7.11,1.42959256611866,"new_zealand"
"436",2007-05-01,NA,-216.21,6.09,21592,7.5,11.36,1.07775396724934,-3249.3613778633,1879.8884821166,7.33,1.36147038801906,"new_zealand"
"437",2007-06-01,NA,7.99,6.35,21309,7.75,11.63,0.927324902897338,-3273.46970636079,1947.66927234785,7.38,1.36351240796291,"new_zealand"
"438",2007-07-01,2,-518.36,6.71,20948,7.75,11.82,0.8,-3306,2032,7.46,1.32100396301189,"new_zealand"
"439",2007-08-01,NA,-807.54,6.64,22269,8,11.93,0.72967674085051,-3351.03939118316,2106.35799435916,8.05,1.27194098193844,"new_zealand"
"440",2007-09-01,NA,-947.14,6.16,23918,8.25,12.07,0.680693764690802,-3362.32348389126,2163.49938463074,7.3,1.37760022041604,"new_zealand"
"441",2007-10-01,1.8,-572.05,6.25,22325,8.25,12.11,0.6,-3281,2201,7.07,1.39120756816917,"new_zealand"
"442",2007-11-01,NA,-774,6.45,22290,8.25,12.11,0.451687217496771,-3077.07364999665,2216.93879970604,7.22,1.31527028804419,"new_zealand"
"443",2007-12-01,NA,-627.93,6.3,21989,8.25,12.11,0.268418556857971,-2835.9770988149,2211.40726320328,7.41,1.31044424059756,"new_zealand"
"444",2008-01-01,3.2,38.51,6.38,22269,8.25,12.15,0.1,-2672,2185,7.52,1.30039011703511,"new_zealand"
"445",2008-02-01,NA,-310.65,6.23,22666,8.25,12.23,-0.0253144997264831,-2676.88823105245,2141.73865866855,7.64,1.29198966408269,"new_zealand"
"446",2008-03-01,NA,242.69,6.37,22080,8.25,12.25,-0.165479103233796,-2852.21256529359,2099.35304403762,7.34,1.25486259254612,"new_zealand"
"447",2008-04-01,3.4,-43.14,6.4,24539,8.25,12.24,-0.4,-3177,2079,6.87,1.24937531234383,"new_zealand"
"448",2008-05-01,NA,-292.59,6.54,24744,8.25,12.25,-0.76154032970195,-3610.18824060838,2094.36582487904,7.03,1.26630365961758,"new_zealand"
"449",2008-06-01,NA,-169.48,6.46,26022,8.25,12.4,-1.09539103281167,-4030.35782519593,2129.25463472032,7.08,1.28584287000129,"new_zealand"
"450",2008-07-01,4,-215.05,6.34,25624,8.25,12.41,-1.2,-4296,2160,6.98,1.31302521008403,"new_zealand"
"451",2008-08-01,NA,-797.12,6.13,20580,8.25,12.39,-0.950746403687941,-4307.65510281033,2167.27952329678,6.91,1.32520540683806,"new_zealand"
"452",2008-09-01,NA,-847.77,5.99,20108,8,12.45,-0.530734543297282,-4134.05983762638,2149.14693559961,6.83,1.41023833027782,"new_zealand"
"453",2008-10-01,5.1,-1251.92,5.67,21417,8,12.28,-0.2,-3886,2108,5.92,1.48389968838107,"new_zealand"
"454",2008-11-01,NA,-994.16,6.03,21927,7.5,12.23,-0.153992574064806,-3649.3024592614,2050.29385971161,5.5,1.64554879052164,"new_zealand"
"455",2008-12-01,NA,-593.65,5.08,21598,6.5,11.9,-0.329818942147346,-3409.95837985411,1998.71317843678,4.85,1.76553672316384,"new_zealand"
"456",2009-01-01,3.4,-341,4.63,19105,6.5,11.19,-0.6,-3129,1980,3.95,1.78667143112382,"new_zealand"
"457",2009-02-01,NA,-101.91,4.32,24141,5,11.19,-0.848098114867651,-2777.3572823663,2004.13763044936,3.35,1.81488203266788,"new_zealand"
"458",2009-03-01,NA,482.52,4.49,24201,3.5,10.22,-1.00184153996519,-2365.55108740164,2014.07442472733,2.98,1.93798449612403,"new_zealand"
"459",2009-04-01,3,437.73,5.27,20464,3.5,9.9,-1,-1914,1936,3.19,1.87406296851574,"new_zealand"
"460",2009-05-01,NA,322.04,5.31,19220,2.5,9.88,-0.809170522020146,-1436.52767053265,1717.52598886133,2.68,1.74550532379124,"new_zealand"
"461",2009-06-01,NA,906.07,5.74,20561,2.5,9.87,-0.50725934243635,-920.578011280061,1391.95208561685,2.10051675503268,1.6627868307283,"new_zealand"
"462",2009-07-01,1.9,-331.09,5.93,20267,2.5,9.88,-0.2,-347,1014,1.70937880956449,1.56592546194801,"new_zealand"
"463",2009-08-01,NA,-177.58,5.75,17675,2.5,9.88,0.0403357585037913,246.060557089495,660.61026595719,1.48431883498754,1.55183116076971,"new_zealand"
"464",2009-09-01,NA,-716.62,5.67,19199,2.5,9.91,0.27532335415503,591.270539929295,497.598714286753,1.40306950269394,1.47797812592374,"new_zealand"
"465",2009-10-01,1.7,-561.49,5.61,19996,2.5,9.91,0.6,364,713,1.44336348407579,1.41924496168039,"new_zealand"
"466",2009-11-01,NA,-501.48,5.73,20413,2.5,9.89,1.05153119170868,-589.381224491996,1389.06998434695,1.58293345052522,1.35391280801516,"new_zealand"
"467",2009-12-01,NA,-280.4,5.61,21816,2.5,9.86,1.43559555544586,-1738.50414843712,2184.94935353244,1.79951207343432,1.3696753869333,"new_zealand"
"468",2010-01-01,2,-26.4,5.81,21592,2.5,9.88,1.5,-2382,2654,2.07083202419521,1.39489468545125,"new_zealand"
"469",2010-02-01,NA,268.11,5.62,24908,2.5,9.85,1.10168762280962,-2046.98010356595,2495.92461146982,2.37462597420001,1.37684152554041,"new_zealand"
"470",2010-03-01,NA,327.83,5.76,23964,2.5,9.84,0.534146275913384,-1174.47616840304,1995.78905676868,2.68862659484081,1.43410296859315,"new_zealand"
"471",2010-04-01,2,607.54,5.98,23423,2.5,9.84,0.2,-433.999999999999,1585,2.99056655750973,1.42126208072769,"new_zealand"
"472",2010-05-01,NA,660.37,5.91,23546,2.5,9.82,0.367644242978766,-318.365027910854,1577.52786607005,3.25817853359888,1.404099971918,"new_zealand"
"473",2010-06-01,NA,769.53,5.56,26543,2.5,9.83,0.768560081641347,-613.591177950722,1817.59812309653,3.46919519450037,1.43184421534937,"new_zealand"
"474",2010-07-01,1.7,220.73,5.34,24673,2.5,9.85,1,-929,2032,3.60134921160632,1.44383482529599,"new_zealand"
"475",2010-08-01,NA,-185.99,5.33,21503,2.75,10.02,0.772179849719761,-980.44867367952,2020.85281313886,3.63237325630882,1.39958012596221,"new_zealand"
"476",2010-09-01,NA,-430.43,5.22,23043,3,10.11,0.247168953076783,-909.936897571852,1877.59622862296,3.54,1.3986013986014,"new_zealand"
"477",2010-10-01,1.5,-454.64,5.02,23114,3,10.06,-0.3,-966,1769,3.42,1.37211855104281,"new_zealand"
"478",2010-11-01,NA,-219.94,5.23,20968,3,10.2,-0.637845123339291,-1313.54398107477,1814.94977026339,3.56,1.32978723404255,"new_zealand"
"479",2010-12-01,NA,-176.58,5.65,22225,3,10.2,-0.709087745800332,-1782.95752805817,1947.7947401894,3.48,1.29483361388062,"new_zealand"
"480",2011-01-01,4,-217.73,5.87,21704,3,10.19,-0.5,-2121,2053,3.36,1.33138064172547,"new_zealand"
"481",2011-02-01,NA,8.54,5.5,23953,3,10.19,-0.0356141711774103,-2141.15317979918,2045.82958728904,3.32,1.30616509926855,"new_zealand"
"482",2011-03-01,NA,183.84,5.52,23493,3,10.19,0.503996844939361,-1923.78854575103,1960.74332913794,2.81,1.31233595800525,"new_zealand"
"483",2011-04-01,4.5,582.98,5.59,24738,2.5,10.03,0.9,-1616,1862,2.59,1.34716421931834,"new_zealand"
"484",2011-05-01,NA,1157.64,5.44,25244,2.5,10.02,0.998820326567451,-1350.43589232111,1802.8059546545,2.59,1.26678489992399,"new_zealand"
"485",2011-06-01,NA,550.2,5.09,26458,2.5,10.01,0.907915180857702,-1201.96236301177,1792.15786918474,2.61,1.25643925116221,"new_zealand"
"486",2011-07-01,5.3,201.4,4.98,26430,2.5,10,0.8,-1231,1828,2.58,1.22594090964816,"new_zealand"
"487",2011-08-01,NA,102.92,4.93,24806,2.5,10,0.80329582787057,-1454.99213980528,1905.27992742627,2.74,1.17924528301887,"new_zealand"
"488",2011-09-01,NA,-690.45,4.51,24044,2.5,10,0.868046135333536,-1719.47311331299,2006.95852745642,2.62,1.19345984007638,"new_zealand"
"489",2011-10-01,4.6,-788.43,4.5,26714,2.5,10.01,0.9,-1827,2113,2.51,1.23167877817465,"new_zealand"
"490",2011-11-01,NA,-226.04,4.53,26844,2.5,9.98,0.836144510098418,-1655.37332623557,2201.51878008485,2.48,1.2639029322548,"new_zealand"
"491",2011-12-01,NA,-577.02,3.96,25818,2.5,9.99,0.738418796326672,-1383.3674059585,2243.23024321181,2.49960435030904,1.29634430904848,"new_zealand"
"492",2012-01-01,1.8,300.39,3.81,22056,2.5,10.05,0.7,-1265,2207,2.54799412666388,1.29886998311469,"new_zealand"
"493",2012-02-01,NA,-160.76,3.87,22719,2.5,10.04,0.778052057661683,-1470.77381451171,2083.12643371581,2.60488683968678,1.24766063630692,"new_zealand"
"494",2012-03-01,1.6,210.57,4.1,23106,2.5,10.06,0.885686086767182,-1837.13133692708,1947.63901821484,2.65,1.19774823332136,"new_zealand"
"495",2012-04-01,1.6,186.35,4.07,23462,2.5,10.05,0.9,-2117,1898,2.65,1.21936349225704,"new_zealand"
"496",2012-05-01,NA,336.48,3.81,23521,2.5,10.07,0.736832444440034,-2151.3462305324,1995.75326282969,2.51,1.22249388753056,"new_zealand"
"497",2012-06-01,1,254.69,3.28,28237,2.5,10.11,0.466985004752749,-2133.29243151836,2158.76923948436,2.28,1.29065565307176,"new_zealand"
"498",2012-07-01,1,288.8,3.3,25399,2.5,10.1,0.2,-2344,2269,2.43,1.28106584678452,"new_zealand"
"499",2012-08-01,NA,97.54,3.33,22652,2.5,10.08,0.0338774238374388,-2953.28570780313,2242.19384829878,2.48,1.25219133483596,"new_zealand"
"500",2012-09-01,0.8,-811.55,3.31,22181,2.5,10.08,0.0204479682958967,-3685.58782588836,2129.2840238477,2.53,1.23395853899309,"new_zealand"
"501",2012-10-01,0.8,-790.8,3.29,22030,2.5,10.06,0.2,-4154,2015,2.52,1.21966093426028,"new_zealand"
"502",2012-11-01,NA,-713.64,3.28,23801,2.5,9.57,0.572102304654655,-4062.88130862546,1964.98986249373,2.48,1.21995852141027,"new_zealand"
"503",2012-12-01,0.9,-587.28,3.51,23877,2.5,9.59,0.973445344285887,-3481.6525612245,1968.57614660631,2.48,1.2202562538133,"new_zealand"
"504",2013-01-01,0.9,534.52,3.54,21434,2.5,9.6,1.2,-2571,1996,2.49429006510676,1.20307988450433,"new_zealand"
"505",2013-02-01,NA,-293.73,3.71,25605,2.5,9.63,1.11104669087727,-1506.48535399133,2021.95781283742,2.51297286909932,1.194743130227,"new_zealand"
"506",2013-03-01,0.9,432.3,3.74,25175,2.5,9.62,0.81910398789389,-523.172299583997,2038.96694528262,2.53702543406924,1.19260584376863,"new_zealand"
"507",2013-04-01,0.9,732.02,3.5,23828.5,2.5,9.64,0.5,129,2044,2.56742478210807,1.2071463061323,"new_zealand"
"508",2013-05-01,NA,170.63,3.17,18719,2.5,9.61,0.302229450354765,244.600502368575,2036.25296023067,2.60514793530737,1.17938436136337,"new_zealand"
"509",2013-06-01,0.7,39.83,3.58,21627,2.5,9.61,0.264953518953368,-203.769351550619,2023.81533152248,2.65117191575869,1.2122681537156,"new_zealand"
"510",2013-07-01,0.7,370.83,4.14,22658,2.5,9.61,0.4,-1199,2017,2.70647374555358,1.26518218623482,"new_zealand"
"511",2013-08-01,NA,-788.11,4.24,18968,2.5,9.61,0.687442915111074,-2625.91665548297,2027.65997586955,2.7720304467836,1.26823081800888,"new_zealand"
"512",2013-09-01,1.4,-1235.61,4.57,19860,2.5,9.6,0.980341195551897,-3977.08362754686,2073.8087656645,2.84881904154031,1.26326427488631,"new_zealand"
"513",2013-10-01,1.4,-220.94,4.56,19191,2.5,9.58,1.1,-4647,2175,2.93781655191526,1.22503981379395,"new_zealand"
"514",2013-11-01,NA,-168.61,4.58,22274,2.5,9.57,0.93688777808983,-4212.97091747374,2328.92195110596,3.04,1.1983223487118,"new_zealand"
"515",2013-12-01,1.6,153.08,4.8,22662,NA,9.59,0.65812614328349,-2983.52576789157,2445.80145767137,3.14,1.21080033902409,"new_zealand"
"516",2014-01-01,1.6,492.25,4.76,19898,2.5,9.59,0.5,-1450,2414,3.2,1.215953307393,"new_zealand"
"517",2014-02-01,NA,285,4.6,22550,2.5,9.56,0.624265231788868,-53.384859807242,2163.35592341031,3.25,1.20845921450151,"new_zealand"
"518",2014-03-01,1.5,797,4.58,21805,2.5,9.57,0.894561638721552,966.70521763167,1789.61503327963,3.19,1.20525491141376,"new_zealand"
"519",2014-04-01,1.5,904,4.62,21002,2.75,9.7,1.1,1421,1430,3.34,1.17109731818714,"new_zealand"
"520",2014-05-01,NA,467,4.43,19631,3,9.81,1.08827351697692,1176.6955418879,1169.02472562316,3.44,1.16198001394376,"new_zealand"
"521",2014-06-01,1.6,265,4.27,21352,3,9.96,0.941405079608081,326.853045513042,880.36803883972,3.4,1.16211504938989,"new_zealand"
"522",2014-07-01,1.6,242,4.44,21076,3.25,10.16,0.8,-979,385,3.57,1.15995824150331,"new_zealand"
"523",2014-08-01,NA,-943,4.3,20579,3.5,10.24,0.770788848451591,-2545.69360404064,-364.528899977026,3.57,1.15114538966271,"new_zealand"
"524",2014-09-01,1,-465,4.1,22487,3.5,10.45,0.82500322803131,-3995.48777005421,-889.346447897773,3.56,1.18525542254356,"new_zealand"
"525",2014-10-01,1,-1371,4.17,23090,3.5,10.44,0.9,-4905,-579,3.52,1.22940742562085,"new_zealand"
"526",2014-11-01,NA,-911,4.02,23324,3.5,10.46,0.939682200327825,-4956.14334794755,894.609392803463,3.5,1.26968004062976,"new_zealand"
"527",2014-12-01,0.8,-213,3.93,23203,3.5,10.47,0.914137563822234,-4252.01307640732,2730.16590089952,3.52,1.27648710748021,"new_zealand"
"528",2015-01-01,0.8,-195,3.67,20259,3.5,10.37,0.8,-3001,3844,3.51,1.28766417718259,"new_zealand"
"529",2015-02-01,NA,33,3.21,25287,3.5,10.36,0.592704572459333,-1453.28855972471,3488.49873617058,3.39606156483253,1.31095962244363,"new_zealand"
"530",2015-03-01,0.1,83,3.32,24537,3.5,10.36,0.362890961124198,-26.2377020942813,2260.27543689229,3.10818469449758,1.34156157767642,"new_zealand"
"531",2015-04-01,0.3,754,3.26,24712,3.5,10.4,0.2,821,1092,2.57636938899515,1.34048257372654,"new_zealand"
"532",2015-05-01,NA,123,3.33,23393,3.5,10.39,0.170980991316325,758.593883142671,683.247514366064,1.73061564832525,1.31648235913639,"new_zealand"
"533",2015-06-01,NA,367,3.41,26193,NA,10.39,0.252817110199491,-25.9990781785157,801.213833012797,0.500923472487877,1.35446295543817,"new_zealand"
"534",2015-07-01,0.4,-182,3.29,26478,3.25,10.19,0.4,-1216,980,-1.18270713851698,1.43163922691482,"new_zealand"
"535",2015-08-01,NA,-730,3.03,25362,3,10.11,0.571519610423515,-2520.49438025338,800.326021179976,-3.3902761846893,1.50375939849624,"new_zealand"
"536",2015-09-01,NA,-1087,3.223,26520,3,9.96,0.744359116596355,-3752.02524445092,29.3877495750378,-6.19178366602911,1.52695067949305,"new_zealand"
"537",2015-10-01,0.4,-1140,3.277,23418,2.75,9.78,0.9,-4749,-1519,-9.65722958253639,1.57753588894147,"new_zealand"
"538",2015-11-01,NA,-905,3.303,23199,2.75,9.74,1.01992374211593,-5349.82605430805,-4031.02241273032,-13.8566139342111,1.49409831166891,"new_zealand"
"539",2015-12-01,NA,-798.57,3.55,24811,2.75,9.75,1.08561182442563,-5392.91081478246,-7692.86467380111,-18.8599367210534,1.52578577967653,"new_zealand"
"540",2016-01-01,0.1,-52.62,3.571,21469,2.5,9.54,1.07854572841059,-4716.66168883065,-12690.7119683976,-24.7371979430631,1.4819205690575,"new_zealand"
"541",2016-02-01,NA,NA,3.223,NA,2.5,NA,0.980206935552271,-3159.48608386003,-19210.7494817049,-31.5583976002403,1.53045607591062,"new_zealand"
"542",2016-03-01,NA,NA,3.061,NA,NA,NA,0.772076927332168,-559.791407277995,-27439.1623989082,-39.393535692585,1.50897842160857,"new_zealand"
