"","Date","Infl_f","BOT_f","Yield_f","FER_f","Int_f","1Y_Yield","GDPG_f","CA_f","Exchange","Country"
"1",1971-02-01,7.5,-802,NA,NA,NA,-11492.0601371706,-52561465.0767643,12898527.6998584,7.1411,"norway"
"2",1971-03-01,6.9,-717,NA,NA,NA,-11125.5988424123,-51348656.7239,12798431.6361449,7.1425,"norway"
"3",1971-04-01,6.8,-617,NA,NA,NA,-10767.0015071706,-50154631.0607458,12698854.763092,7.1377,"norway"
"4",1971-05-01,6.2,-984,NA,NA,NA,-10416.1829462601,-48979241.6428574,12599795.7306999,7.1287,"norway"
"5",1971-06-01,6.8,-1098,NA,NA,NA,-10073.0579744959,-47822342.0257901,12501253.1889685,7.1145,"norway"
"6",1971-07-01,6.7,-1081,NA,NA,NA,-9737.54140669254,-46683785.7650997,12403225.7878978,7.1111,"norway"
"7",1971-08-01,5.5,-937,NA,NA,NA,-9409.54805766499,-45563426.4163416,12305712.1774878,7.1059,"norway"
"8",1971-09-01,6.1,-551,NA,NA,NA,-9088.99274222804,-44461117.5350714,12208711.0077385,7.0219,"norway"
"9",1971-10-01,5.5,-1198,NA,NA,NA,-8775.7902751965,-43376712.6768447,12112220.9286499,6.8993,"norway"
"10",1971-11-01,6,-903,NA,NA,NA,-8469.85547138518,-42310065.397217,12016240.5902221,6.8498,"norway"
"11",1971-12-01,6,-1008,NA,NA,NA,-8171.10314560889,-41261029.2517439,11920768.642455,6.8595,"norway"
"12",1972-01-01,4.8,-816,NA,NA,NA,-7879.44811268246,-40229457.7959809,11825803.7353485,6.7496,"norway"
"13",1972-02-01,5.9,-620,NA,NA,NA,-7594.8051874207,-39215204.5854836,11731344.5189028,6.7056,"norway"
"14",1972-03-01,6.4,-575,NA,NA,NA,-7317.08918463841,-38218123.1758075,11637389.6431178,6.6538,"norway"
"15",1972-04-01,6.4,-510,NA,NA,NA,-7046.21491915043,-37238067.1225082,11543937.7579935,6.5959,"norway"
"16",1972-05-01,6.9,-748,NA,NA,NA,-6782.09720577155,-36274889.9811413,11450987.51353,6.6003,"norway"
"17",1972-06-01,6.9,-406,NA,NA,NA,-6524.65085931661,-35328445.3072622,11358537.5597271,6.573,"norway"
"18",1972-07-01,7.4,-930,NA,NA,NA,-6273.7906946004,-34398586.6564267,11266586.5465849,6.5349,"norway"
"19",1972-08-01,7.9,-118,NA,NA,NA,-6029.43152643774,-33485167.5841901,11175133.1241035,6.5076,"norway"
"20",1972-09-01,7.9,-815,NA,NA,NA,-5791.48816964346,-32588041.6461082,11084175.9422828,6.5211,"norway"
"21",1972-10-01,8.3,-338,NA,NA,NA,-5559.87543903236,-31707062.3977363,10993713.6511228,6.5751,"norway"
"22",1972-11-01,7.7,-722,NA,NA,NA,-5334.50814941927,-30842083.3946301,10903744.9006235,6.6046,"norway"
"23",1972-12-01,7.7,-1132,NA,NA,NA,-5115.30111561899,-29992958.1923452,10814268.3407849,6.6034,"norway"
"24",1973-01-01,7.7,-265,NA,NA,NA,-4902.16915244633,-29159540.3464371,10725282.621607,6.5847,"norway"
"25",1973-02-01,6.6,-690,NA,NA,NA,-4695.02707471613,-28341683.4124613,10636786.3930898,6.6101,"norway"
"26",1973-03-01,7,-839,NA,NA,NA,-4493.78969724318,-27539240.9459734,10548778.3052334,6.2437,"norway"
"27",1973-04-01,8,-509,NA,NA,NA,-4298.3718348423,-26752066.502529,10461257.0080376,5.899,"norway"
"28",1973-05-01,8,-512,NA,NA,NA,-4108.68830232832,-25980013.6376836,10374221.1515026,5.9155,"norway"
"29",1973-06-01,7.9,-913,NA,NA,NA,-3924.65391451604,-25222935.9069928,10287669.3856283,5.8093,"norway"
"30",1973-07-01,7.8,-291,NA,NA,NA,-3746.18348622028,-24480686.8660121,10201600.3604147,5.4986,"norway"
"31",1973-08-01,7.3,-1136,NA,NA,NA,-3573.19183225585,-23753120.0702971,10116012.7258618,5.2827,"norway"
"32",1973-09-01,6.8,-527,NA,NA,NA,-3405.59376743757,-23040089.0754033,10030905.1319696,5.5134,"norway"
"33",1973-10-01,6.7,-1232,NA,NA,NA,-3243.30410658025,-22341447.4368864,9946276.22873813,5.541,"norway"
"34",1973-11-01,7.2,-237,NA,NA,NA,-3086.23766449871,-21657048.7103017,9862124.66616738,5.4694,"norway"
"35",1973-12-01,7.6,-1972,NA,NA,NA,-2934.30925600776,-20986746.451205,9778449.09425734,5.5963,"norway"
"36",1974-01-01,8.1,-94,NA,NA,NA,-2787.43369592223,-20330394.2151517,9695248.16300801,5.6657,"norway"
"37",1974-02-01,9.5,-968,NA,NA,NA,-2645.52579905691,-19687845.5576975,9612520.52241939,5.9749,"norway"
"38",1974-03-01,9.4,-793,NA,NA,NA,-2508.50038022663,-19058954.0343978,9530264.82249149,5.7648,"norway"
"39",1974-04-01,8.8,-1115,NA,NA,NA,-2376.2722542462,-18443573.2008083,9448479.7132243,5.6401,"norway"
"40",1974-05-01,9.2,-913,NA,NA,NA,-2248.75623593044,-17841556.6124844,9367163.84461781,5.5045,"norway"
"41",1974-06-01,8.7,-1178,NA,NA,NA,-2125.86714009416,-17252757.8249818,9286315.86667205,5.3283,"norway"
"42",1974-07-01,8.2,-1050,NA,NA,NA,-2007.51978155218,-16677030.393856,9205934.42938699,5.432,"norway"
"43",1974-08-01,9,-557,NA,NA,NA,-1893.62897511931,-16114227.8746625,9126018.18276265,5.3999,"norway"
"44",1974-09-01,10,-892,NA,NA,NA,-1784.10953561036,-15564203.822957,9046565.77679902,5.4814,"norway"
"45",1974-10-01,9.9,-894,NA,NA,NA,-1678.87627784016,-15026811.7942949,8967575.8614961,5.5579,"norway"
"46",1974-11-01,10.3,-1240,NA,NA,NA,-1577.84401662351,-14501905.3442318,8889047.08685389,5.5052,"norway"
"47",1974-12-01,9.7,-1187,NA,NA,NA,-1480.92756677523,-13989338.0283233,8810978.1028724,5.4343,"norway"
"48",1975-01-01,10.1,-1035,NA,NA,NA,-1388.04174311014,-13488963.4021249,8733367.55955162,5.2991,"norway"
"49",1975-02-01,11.3,-977,NA,NA,NA,-1299.10136044305,-13000635.0211922,8656214.10689155,5.1085,"norway"
"50",1975-03-01,10.7,-712,NA,NA,NA,-1214.02123358877,-12524206.4410807,8579516.39489219,5.0067,"norway"
"51",1975-04-01,11.1,-1813,NA,NA,NA,-1132.71617736212,-12059531.217346,8503273.07355355,4.9124,"norway"
"52",1975-05-01,11,-2326,NA,NA,NA,-1055.10100657792,-11606462.9055437,8427482.79287562,4.9881,"norway"
"53",1975-06-01,11.4,-2155,NA,NA,NA,-981.090536050972,-11164855.0612293,8352144.2028584,4.9513,"norway"
"54",1975-07-01,12.2,-1511,NA,NA,NA,-910.599580596103,-10734561.2399584,8277255.95350189,4.9038,"norway"
"55",1975-08-01,12.9,142,NA,NA,NA,-843.542955028122,-10315434.9972864,8202816.6948061,5.2011,"norway"
"56",1975-09-01,12,96,NA,NA,NA,-779.835474161845,-9907329.88876905,8128825.07677102,5.4635,"norway"
"57",1975-10-01,12.7,-1338,NA,NA,NA,-719.391952812087,-9510099.46996182,8055279.74939665,5.6082,"norway"
"58",1975-11-01,11.7,-896,NA,NA,NA,-662.127205793662,-9123597.29642027,7982179.36268299,5.5291,"norway"
"59",1975-12-01,12.1,-627,NA,NA,NA,-607.956047921386,-8747676.92369996,7909522.56663004,5.5202,"norway"
"60",1976-01-01,11.2,-506,NA,NA,NA,-556.793294010072,-8382191.90735645,7837308.01123781,5.5594,"norway"
"61",1976-02-01,9.3,-2165,NA,NA,NA,-508.553758874537,-8026995.80294528,7765534.34650629,5.5581,"norway"
"62",1976-03-01,9.7,-1081,NA,NA,NA,-463.152257329594,-7681942.16602202,7694200.22243548,5.5256,"norway"
"63",1976-04-01,10,-1275,NA,NA,NA,-420.503604190059,-7346884.55214223,7623304.28902539,5.5488,"norway"
"64",1976-05-01,9.9,-1553,NA,NA,NA,-380.522614270746,-7021676.51686144,7552845.196276,5.4943,"norway"
"65",1976-06-01,10.2,-962,NA,NA,NA,-343.124102386471,-6706171.61573524,7482821.59418733,5.4996,"norway"
"66",1976-07-01,10.5,-1324,NA,NA,NA,-308.222883352047,-6400223.40431916,7413232.13275937,5.5494,"norway"
"67",1976-08-01,9.2,214,NA,NA,NA,-275.733771982291,-6103685.43816876,7344075.46199213,5.5869,"norway"
"68",1976-09-01,9.6,-1983,NA,NA,NA,-245.571583092016,-5816411.2728396,7275350.23188559,5.5097,"norway"
"69",1976-10-01,8.4,-1323,NA,NA,NA,-217.651131496037,-5538254.46388724,7207055.09243977,5.4275,"norway"
"70",1976-11-01,8,-1909,NA,NA,NA,-191.887232009169,-5269068.56686723,7139188.69365466,5.316,"norway"
"71",1976-12-01,7.6,-1627,NA,NA,NA,-168.194699446228,-5008707.13733512,7071749.68553027,5.2763,"norway"
"72",1977-01-01,7.9,-2214,NA,NA,NA,-146.488348622028,-4757023.73084648,7004736.71806658,5.2102,"norway"
"73",1977-02-01,8.9,-1372,NA,NA,NA,-126.682994351383,-4513871.90295685,6938148.44126361,5.2791,"norway"
"74",1977-03-01,8.8,-1616,NA,NA,NA,-108.693451449109,-4279105.2092218,6871983.50512135,5.2899,"norway"
"75",1977-04-01,9.1,-3141,NA,NA,NA,-92.4345347300197,-4052577.20519687,6806240.5596398,5.2534,"norway"
"76",1977-05-01,9,-1827,NA,NA,NA,-77.821059008931,-3834141.44643763,6740918.25481897,5.2887,"norway"
"77",1977-06-01,8.9,-2438,NA,NA,NA,-64.7678391006572,-3623651.48849962,6676015.24065885,5.2754,"norway"
"78",1977-07-01,8.5,-773,NA,NA,NA,-53.1896898200132,-3420960.88693842,6611530.16715944,5.287,"norway"
"79",1977-08-01,9.1,-2826,NA,NA,NA,-43.0014259818137,-3225923.19730956,6547461.68432074,5.2572,"norway"
"80",1977-09-01,9.1,-1024,NA,NA,NA,-34.1178624008737,-3038391.9751686,6483808.44214275,5.302,"norway"
"81",1977-10-01,9.4,-1811,NA,NA,NA,-26.4538138920079,-2858220.77607111,6420569.09062548,5.4867,"norway"
"82",1977-11-01,9.7,-2198,NA,NA,NA,-19.9240952700311,-2685263.15557264,6357742.27976892,5.4849,"norway"
"83",1977-12-01,9.4,-1902,NA,NA,NA,-14.4435213497582,-2519372.66922874,6295326.65957307,5.4564,"norway"
"84",1978-01-01,9.3,-390,NA,NA,NA,-9.92690694600395,-2360402.87259496,6233320.88003794,5.2488,"norway"
"85",1978-02-01,9.5,-1290,NA,NA,NA,-6.28906687358317,-2208207.32122687,6171723.59116351,5.1548,"norway"
"86",1978-03-01,9.1,-1093,NA,NA,NA,-3.44481594731069,-2062639.57068002,6110533.4429498,5.2589,"norway"
"87",1978-04-01,8.6,-634,NA,NA,NA,-1.30896898200132,-1923553.17650997,6049749.0853968,5.3263,"norway"
"88",1978-05-01,8.3,-1890,NA,NA,NA,0.203659207530133,-1790801.69427226,5989369.16850452,5.3708,"norway"
"89",1978-06-01,7.9,882,NA,NA,NA,1.17825380646884,-1664238.67952247,5929392.34227294,5.4468,"norway"
"90",1978-07-01,7.5,1924,NA,NA,NA,1.7,-1543717.68781613,5869817.25670208,5.4055,"norway"
"91",1978-08-01,7.4,265,NA,NA,NA,1.85408297330879,-1429092.27470881,5810642.56179193,5.3984,"norway"
"92",1978-09-01,7.4,58,NA,NA,NA,1.72568791158039,-1320215.99575606,5751866.90754249,5.2588,"norway"
"93",1978-10-01,8.3,21,NA,NA,NA,1.4,-1216942.40651344,5693488.94395377,5.2116,"norway"
"94",1978-11-01,8,-936,NA,NA,NA,0.955129200863954,-1119125.0625365,5635507.32102576,4.9228,"norway"
"95",1978-12-01,8.3,-713,NA,NA,NA,0.440884584913239,-1026617.51938081,5577920.68875846,5.0676,"norway"
"96",1979-01-01,7.9,320,NA,NA,NA,-0.1,-939273.332601905,5520727.69715187,5.1102,"norway"
"97",1979-02-01,5.4,180,NA,NA,NA,-0.589414591579418,-856946.057755354,5463926.996206,5.0686,"norway"
"98",1979-03-01,5.7,271,NA,NA,NA,-0.807744769751868,-779489.250396708,5407517.23592083,5.0996,"norway"
"99",1979-04-01,4.7,-280,NA,NA,NA,-0.5,-706756.466081524,5351497.06629638,5.0972,"norway"
"100",1979-05-01,5,668,NA,NA,NA,0.465492128416683,-638601.260365357,5295865.13733265,5.1431,"norway"
"101",1979-06-01,5.3,-103,NA,NA,NA,1.72713153113127,-574877.188803763,5240620.09902962,5.1895,"norway"
"102",1979-07-01,4.9,-941,NA,NA,NA,2.8,-515437.806952297,5185760.60138731,5.1555,"norway"
"103",1979-08-01,4.3,-312,NA,NA,NA,3.29411274457935,-460136.670366514,5131285.29440571,5.0445,"norway"
"104",1979-09-01,4.6,218,NA,NA,NA,3.19921864522679,-408827.334601971,5077192.82808482,5.031,"norway"
"105",1979-10-01,3.4,428,NA,NA,NA,2.6,-361363.355214223,5023481.85242464,4.9803,"norway"
"106",1979-11-01,4.2,-942,NA,NA,NA,1.66546430067331,-317598.287758824,4970151.01742518,4.9652,"norway"
"107",1979-12-01,4.5,-260,NA,NA,NA,0.90191981388751,-277385.687791332,4917198.97308643,5.0183,"norway"
"108",1980-01-01,4.8,258,NA,NA,NA,0.899999999999999,-240579.110867302,4864624.36940839,4.9774,"norway"
"109",1980-02-01,6.8,1187,NA,21053,NA,1.96254857124592,-207032.112542288,4812425.85639106,4.9086,"norway"
"110",1980-03-01,7.9,922,NA,21170,NA,3.24125024737132,-176598.248371847,4760602.08403445,4.8822,"norway"
"111",1980-04-01,9.3,671,NA,22658,NA,3.6,-149131.073911535,4709151.70233854,5.0476,"norway"
"112",1980-05-01,9.5,1214,NA,23579,NA,2.28063771063932,-124484.144716905,4658073.36130336,5.0677,"norway"
"113",1980-06-01,10,583,NA,24481,NA,0.0367829003309108,-102511.016343516,4607365.71092888,4.9077,"norway"
"114",1980-07-01,11.1,141,NA,24544,NA,-2,-83065.2443469207,4557027.40121511,4.8525,"norway"
"115",1980-08-01,11.6,-666,NA,23550,NA,-2.92954385824762,-66000.3842826761,4507057.08216206,4.8167,"norway"
"116",1980-09-01,12.1,453,NA,23697,NA,-2.77727073758385,-51169.9917063375,4457453.40376972,4.8651,"norway"
"117",1980-10-01,12.9,825,NA,25207,NA,-1.8,-38427.6221734604,4408215.01603809,4.8367,"norway"
"118",1980-11-01,13,635,NA,31255,NA,-0.299499314685863,-27626.8312396003,4359340.56896718,4.8973,"norway"
"119",1980-12-01,13,474,NA,30979,NA,1.24267042037486,-18621.1744603128,4310828.71255698,5.0156,"norway"
"120",1981-01-01,13.5,1631,NA,31315,NA,2.3,-11264.2073911535,4262678.09680749,5.1629,"norway"
"121",1981-02-01,15.1,1883,NA,28038,NA,2.50161519106515,-5409.48558767784,4214887.37171871,5.241,"norway"
"122",1981-03-01,14.1,659,NA,26028,NA,2.09918164867699,-910.564605441508,4167455.18729064,5.4101,"norway"
"123",1981-04-01,14.7,517,NA,27787,NA,1.5,2379,4120380.19352329,5.3943,"norway"
"124",1981-05-01,14.5,2444,NA,31373,NA,1.02266818005491,4605.65267309112,4073661.04041665,5.4735,"norway"
"125",1981-06-01,13.9,1200,NA,34401,NA,0.630973355287542,5915.83785827631,4027296.37797072,5.6656,"norway"
"126",1981-07-01,13.7,3420,NA,33381,NA,0.2,6456,3981284.8561855,5.9155,"norway"
"127",1981-08-01,14.3,1692,NA,29284,NA,-0.336732355729222,6344.55418682343,3935625.125061,6.1025,"norway"
"128",1981-09-01,13.5,-624,NA,31039,NA,-0.811963958716046,5587.79808377503,3890315.83459721,6.1822,"norway"
"129",1981-10-01,13.3,881,NA,29374,NA,-1,4164,3845355.63479413,5.961,"norway"
"130",1981-11-01,12.5,878,NA,34743,NA,-0.757220238619502,2191.57502405958,3800743.17565176,5.9195,"norway"
"131",1981-12-01,12.4,495,NA,34336,NA,-0.268302705608542,349.525362179122,3756477.10717011,5.8164,"norway"
"132",1982-01-01,12.1,1131,NA,36581,NA,0.2,-543,3712556.07934916,5.7801,"norway"
"133",1982-02-01,12,1550,NA,35299,NA,0.439687384281305,6.77534656787168,3668978.74218893,5.8623,"norway"
"134",1982-03-01,11.9,953,NA,34256,NA,0.477767373742807,1186.13750454552,3625743.74568942,5.9697,"norway"
"135",1982-04-01,11.4,1632,NA,35897,NA,0.4,1856,3582849.73985061,6.0255,"norway"
"136",1982-05-01,11.4,1650,NA,38325,NA,0.279952182975763,1263.21247855782,3540295.37467252,6.082,"norway"
"137",1982-06-01,10.9,1422,NA,42813,NA,0.1424183958225,198.369064083252,3498079.30015514,5.9676,"norway"
"138",1982-07-01,10.7,-289,NA,39516,NA,0,-162,3456200.16629847,6.1869,"norway"
"139",1982-08-01,11,1594,NA,39488,NA,-0.129866486554726,933.189554015655,3414656.62310252,6.3557,"norway"
"140",1982-09-01,11,500,NA,39798,NA,-0.21040391999577,2533.23809097333,3373447.32056727,6.6785,"norway"
"141",1982-10-01,10.9,545,NA,40928,NA,-0.2,3262,3332570.90869274,6.8999,"norway"
"142",1982-11-01,11.3,1060,NA,42592,NA,-0.0641899404605634,2187.36263871289,3292026.03747892,7.1735,"norway"
"143",1982-12-01,11.7,848,NA,43516,NA,0.202900987864282,153.34523869011,3251811.35692582,7.2397,"norway"
"144",1983-01-01,11.7,2024,NA,48751,NA,0.6,-1552,3211925.51703342,7.0347,"norway"
"145",1983-02-01,10.1,1488,NA,47097,NA,1.1051447669155,-1941.08455331166,3172367.16780174,7.0447,"norway"
"146",1983-03-01,10,2251,NA,45434,NA,1.61361478335346,-1228.17460128932,3133134.95923078,7.1171,"norway"
"147",1983-04-01,9.3,2123,NA,41893,NA,2,71.9999999999998,3094227.54132052,7.1852,"norway"
"148",1983-05-01,9,4404,NA,45773,NA,2.16212939131709,1515.75335231153,3055643.56407097,7.146,"norway"
"149",1983-06-01,9.4,1483,NA,51839,NA,2.09078802687004,2943.57538868941,3017381.67748214,7.1154,"norway"
"150",1983-07-01,8.9,1569,NA,46822,NA,1.8,4267,2979440.53155402,7.2678,"norway"
"151",1983-08-01,7.8,4349,NA,41641,NA,1.32041174189021,5398.6266996211,2941818.77628662,7.3281,"norway"
"152",1983-09-01,7.6,2624,NA,43603,NA,0.749159035092307,6255.31749097614,2904515.06167992,7.4641,"norway"
"153",1983-10-01,7.7,1887,NA,44283,NA,0.2,6755,2867528.03773394,7.4271,"norway"
"154",1983-11-01,7.5,3522,NA,47919,NA,-0.1993319144335,6869.48058994483,2830856.35444867,7.3244,"norway"
"155",1983-12-01,7,2745,NA,47963,NA,-0.265201945017045,6786.08057333196,2794498.66182411,7.4696,"norway"
"156",1984-01-01,7,4734,NA,51272,NA,0.2,6746,2758453.60986027,7.7237,"norway"
"157",1984-02-01,6.5,4000,NA,52636,NA,1.24728628621416,6908.93242208107,2722719.84855713,7.8763,"norway"
"158",1984-03-01,6.5,2822,NA,53541,NA,2.3412783746055,7108.54540088122,2687296.02791471,7.6955,"norway"
"159",1984-04-01,6.6,2814,NA,51289,NA,2.8,7097,2652180.79793301,7.5028,"norway"
"160",1984-05-01,6.8,3540,NA,62521,NA,2.20277936216947,6727.97490691609,2617372.80861201,7.5992,"norway"
"161",1984-06-01,6.4,2657,NA,59820,NA,1.17416252066911,6261.21930462466,2582870.70995173,7.81,"norway"
"162",1984-07-01,6.4,2707,NA,64571,NA,0.600000000000001,6058,2548673.15195216,7.8162,"norway"
"163",1984-08-01,6.1,5362,NA,62804,NA,1.08233700584872,6351.20498729161,2514778.7846133,8.2151,"norway"
"164",1984-09-01,6.1,1931,NA,65281,NA,2.08799746864398,6860.20701024979,2481186.25793515,8.2991,"norway"
"165",1984-10-01,6.1,2731,NA,66887,NA,2.8,7176,2447894.22191772,8.6246,"norway"
"166",1984-11-01,6.1,2819,NA,72742,NA,2.64565039221343,7021.13106984338,2414901.326561,8.8721,"norway"
"167",1984-12-01,6,3831,NA,76531,NA,2.02940316031053,6644.3600617836,2382206.22186499,8.7175,"norway"
"168",1985-01-01,6,5718,NA,85444,NA,1.6,6426,2349807.55782969,8.9805,"norway"
"169",1985-02-01,5.6,4342,NA,84766,NA,1.78691327714942,6630.01147407562,2317703.98445511,9.1765,"norway"
"170",1985-03-01,5.4,2840,NA,90431,NA,2.14253803826204,7054.9453352084,2285894.15174123,9.4695,"norway"
"171",1985-04-01,5.5,3726,NA,89363,NA,2,7383,2254376.70968807,9.4608,"norway"
"172",1985-05-01,5.3,4528,NA,100717,NA,0.95484464733704,7389.30451533563,2223150.30829563,8.9314,"norway"
"173",1985-06-01,5.7,3414,NA,102028,NA,-0.347703461506824,7220.71044923466,2192213.59756389,8.9442,"norway"
"174",1985-07-01,6,2340,NA,103332,NA,-1,7117,2161565.22749287,8.8255,"norway"
"175",1985-08-01,5.8,3669,NA,104181,NA,-0.398884459090172,7231.99268680409,2131203.84808256,8.4338,"norway"
"176",1985-09-01,5.6,2547,NA,106962,NA,0.840868400357855,7375.65731229742,2101128.10933296,8.2487,"norway"
"177",1985-10-01,5.7,2787,NA,107334,NA,1.8,7272,2071336.66124408,8.3337,"norway"
"178",1985-11-01,5.7,2027,NA,108505,NA,1.82958207791254,6704.68770041098,2041828.1538159,7.9099,"norway"
"179",1985-12-01,5.7,1672,NA,104445,NA,1.36200763785318,5696.03067194604,2012601.23704844,7.8076,"norway"
"180",1986-01-01,5.7,4279,NA,110004,NA,1.1,4328,1983654.56094169,7.6524,"norway"
"181",1986-02-01,6,1915,NA,107829,NA,1.50648207336594,2595.18243747791,1954986.77549566,7.5541,"norway"
"182",1986-03-01,6,143,NA,98565,NA,2.08517512230349,142.627407325815,1926596.53071034,7.2789,"norway"
"183",1986-04-01,5.6,856,NA,101080,NA,2.1,-3472,1898482.47658572,7.1711,"norway"
"184",1986-05-01,5.9,-5680,NA,96325,NA,1.10004518417924,-8334.56559847077,1870643.26312183,7.1603,"norway"
"185",1986-06-01,5.7,-2642,NA,97556,NA,-0.224930349289371,-13105.0588197678,1843077.54031864,7.4106,"norway"
"186",1986-07-01,6.6,-2083,NA,107683,NA,-0.899999999999999,-16087,1815783.95817616,7.6117,"norway"
"187",1986-08-01,7.4,-2240,NA,108507,NA,-0.269625773045866,-16082.0311547059,1788761.1666944,7.48,"norway"
"188",1986-09-01,8.1,-1122,NA,109683,NA,1.04417590448362,-13884.2810171434,1762007.81587335,7.3534,"norway"
"189",1986-10-01,8.6,-2800,NA,110464,NA,2.1,-10786,1735522.55571302,7.3429,"norway"
"190",1986-11-01,8.8,-2059,NA,102163,NA,2.18216161170793,-7906.30978270546,1709304.03621339,7.361,"norway"
"191",1986-12-01,8.7,-237,NA,97898,NA,1.47785636098452,-5671.81711165849,1683350.90737448,7.5401,"norway"
"192",1987-01-01,8.9,-256,NA,94991,NA,0.4,-4336,1657661.81919628,7.5294,"norway"
"193",1987-02-01,9.4,508,NA,93023,NA,-0.629391044156219,-4034.61860336111,1632235.42167879,7.1731,"norway"
"194",1987-03-01,10.2,1745,NA,92092,NA,-1.15189764471799,-4432.56164733374,1607070.36482202,7.0067,"norway"
"195",1987-04-01,10.4,-1148,NA,91714,NA,-0.700000000000001,-5077,1582165.29862596,6.9335,"norway"
"196",1987-05-01,10,635,NA,95097,NA,0.890958120472503,-5620.84543347973,1557518.87309061,6.7756,"norway"
"197",1987-06-01,10.2,-344,NA,91050,NA,2.5741786623319,-6139.9733360436,1533129.73821597,6.6632,"norway"
"198",1987-07-01,8.8,-1330,NA,92630,NA,3,-6816,1508996.54400204,6.7148,"norway"
"199",1987-08-01,8.1,639,NA,95557,NA,1.34333634004399,-7748.9255886459,1485117.94044883,6.7632,"norway"
"200",1987-09-01,7.9,-2819.3,NA,98163,NA,-1.12259478238739,-8712.2857492326,1461492.57755633,6.7911,"norway"
"201",1987-10-01,7.8,-1889,NA,101457,NA,-2.6,-9398,1438119.10532454,6.6505,"norway"
"202",1987-11-01,7.5,-709.4,NA,104353,NA,-1.84948866583363,-9547.15591564038,1414996.17375346,6.6311,"norway"
"203",1987-12-01,7.4,-1160.5,NA,99855,NA,0.134718985736191,-9097.51329665562,1392122.4328431,6.4233,"norway"
"204",1988-01-01,7.4,-1622.4,NA,91317,NA,1.8,-8036,1369496.53259345,6.382,"norway"
"205",1988-02-01,7.2,2163.78,NA,89545,NA,1.98054424921646,-6483.93223027407,1347117.12300451,6.3538,"norway"
"206",1988-03-01,6.7,-757.53,NA,89561,NA,1.0577929135167,-5100.17958266344,1324982.85407628,6.4167,"norway"
"207",1988-04-01,7.2,-2316.95,NA,92931,NA,-0.2,-4678,1303092.37580877,6.3337,"norway"
"208",1988-05-01,7.1,-167.78,NA,93513,NA,-1.14305870140257,-5683.04108918928,1281444.33820197,6.214,"norway"
"209",1988-06-01,7.1,-993.37,NA,98450,NA,-1.59552026943264,-7270.50911343138,1260037.39125588,6.1875,"norway"
"210",1988-07-01,7.2,-1204.48,NA,98455,NA,-1.5,-8268,1238870.1849705,6.3951,"norway"
"211",1988-08-01,6.8,545.2,NA,96613,NA,-0.874976110272833,-7881.49600556139,1217941.36934583,6.7207,"norway"
"212",1988-09-01,6.5,435.31,NA,94688,NA,-0.042378502452816,-6830.52470435181,1197249.59438188,6.9016,"norway"
"213",1988-10-01,6.4,206.56,NA,95593,NA,0.600000000000001,-6213,1176793.51007864,6.915,"norway"
"214",1988-11-01,6.4,677.99,12.64,95636,NA,0.754074253605018,-6723.41933300959,1156571.76643611,6.74,"norway"
"215",1988-12-01,6.1,-1207.81,12.59,86677,NA,0.520589834799459,-7442.61429138363,1136583.0134543,6.5796,"norway"
"216",1989-01-01,5.5,-2316.99,11.98,89279,NA,0.1,-7048,1116825.9011332,6.5235,"norway"
"217",1989-02-01,5.1,3397.67,11.32,93386,NA,-0.315394978221311,-4700.45629202987,1097299.07947281,6.6808,"norway"
"218",1989-03-01,4.9,705.77,10.92,94444,NA,-0.565906762670945,-1494.7218338174,1078001.19847313,6.7254,"norway"
"219",1989-04-01,4.3,2904.44,10.8,92759,NA,-0.5,991.000000000001,1058930.90813416,6.8059,"norway"
"220",1989-05-01,4.6,2722.42,10.78,94157,NA,-0.0443461925716243,1647.35561224017,1040086.85845591,6.7964,"norway"
"221",1989-06-01,4.7,3615.59,10.62,96497,NA,0.561555734402839,1240.39051554209,1021467.69943837,7.0337,"norway"
"222",1989-07-01,4.7,1642.54,10.78,94619,NA,1,1005,1003072.08108154,7.1852,"norway"
"223",1989-08-01,4.8,3355.12,10.76,94237,NA,1.05203900776707,1748.99680603213,984898.653385422,6.9479,"norway"
"224",1989-09-01,4.7,3018.48,10.73,94213,NA,0.893757899133661,2571.86347535272,966946.066350018,7.048,"norway"
"225",1989-10-01,4.1,1518.17,10.61,96577,NA,0.8,2146,949212.969975327,7.1265,"norway"
"226",1989-11-01,4.2,1213.18,10.71,94972,NA,0.947301272614464,-296.565058590928,931698.014261348,6.9502,"norway"
"227",1989-12-01,4.2,726.63,11.15,92100,NA,1.11896822461807,-3285.28886139743,914399.849208081,6.901,"norway"
"228",1990-01-01,4.2,-1053.91,10.99,93380,NA,1,-4790,897317.124815526,6.7021,"norway"
"229",1990-02-01,4.2,3730.68,10.8,88314,NA,0.414311457330632,-3492.36620129805,880448.491083684,6.5462,"norway"
"230",1990-03-01,4.3,2310.75,10.65,82097,NA,-0.258519686494836,-921.411733466701,863792.598012554,6.476,"norway"
"231",1990-04-01,4.5,1474.39,10.91,91217,NA,-0.5,682.000000000002,847348.095602137,6.5972,"norway"
"232",1990-05-01,4,1028.37,11.13,78135,NA,0.00656400917412081,-168.933099179834,831113.633852432,6.5457,"norway"
"233",1990-06-01,3.9,-1772.62,10.79,82508,NA,0.770666076916827,-1944.76790843946,815087.862763439,6.4477,"norway"
"234",1990-07-01,3.7,3554.9,10.88,86960,NA,1.1,-2362,799269.432335159,6.47,"norway"
"235",1990-08-01,3.6,3104.94,10.75,84690,NA,0.552025098565477,169.617116535904,783656.992567591,6.2925,"norway"
"236",1990-09-01,3.8,3309.52,10.65,88992,NA,-0.316737213765067,4467.29818203938,768249.193460736,6.081,"norway"
"237",1990-10-01,3.9,6312.33,10.71,88893,NA,-0.7,8655,753044.685014593,6.0735,"norway"
"238",1990-11-01,4.5,6704.4,10.65,90419,NA,-0.0517014404730674,11214.0201885918,738042.117229162,5.915,"norway"
"239",1990-12-01,4.5,5478.67,10.72,93626,NA,1.13331981518048,12055.0196247264,723240.140104443,5.7996,"norway"
"240",1991-01-01,4.4,6344.64,10.71,92326,NA,2.1,11446,708637.403640437,5.8717,"norway"
"241",1991-02-01,4.2,6235.85,10.61,91535,8.5,2.28441029295642,9756.74657354144,694232.557837144,5.8993,"norway"
"242",1991-03-01,3.9,4492.53,10.47,92404,8.5,1.88716165674686,7764.17887461058,680024.252694562,5.7919,"norway"
"243",1991-04-01,3.5,4432.42,10.43,94837,8.5,1.3,6347,666011.138212694,6.2899,"norway"
"244",1991-05-01,3.8,2787.4,9.79,96976,8.5,0.839986194573306,6175.36388761282,652191.864391537,6.6198,"norway"
"245",1991-06-01,3.8,5778.11,9.56,95559,8.25,0.525440965239474,7085.22783979425,638565.081231093,6.6953,"norway"
"246",1991-07-01,3.5,5742.26,9.59,91278,8,0.3,8704,625129.438731361,6.9542,"norway"
"247",1991-08-01,3.6,5864.33,9.57,98892,8,0.118607891713318,10550.0571352665,611883.586892342,6.9627,"norway"
"248",1991-09-01,3.5,2507.35,9.54,94903,8,-0.0185551473343895,11705.6505069532,598826.175714034,6.8118,"norway"
"249",1991-10-01,3.4,7717.53,9.65,89646,8,-0.1,11144,585955.85519644,6.6266,"norway"
"250",1991-11-01,2.6,2957.7,9.68,89831,8.5,-0.0996029466117616,8331.92608983962,573271.275339557,6.6136,"norway"
"251",1991-12-01,2.6,1718.39,9.57,86133,8.5,0.0672981426166025,4710.65161387459,560771.086143387,6.3643,"norway"
"252",1992-01-01,2.8,4901.21,9.59,80412,8.5,0.5,2215,548453.93760793,6.1558,"norway"
"253",1992-02-01,2.3,6158.57,9.31,84502,8.5,1.21684093177077,2182.09035722685,536318.479733185,6.2044,"norway"
"254",1992-03-01,2.3,3389.35,9.29,89538,10,1.91232553983094,3558.22451902994,524363.362519152,6.3472,"norway"
"255",1992-04-01,2.6,6190.48,9.26,88882,10,2.2,4692,512587.235965831,6.5188,"norway"
"256",1992-05-01,2.4,4559.05,9.2,93995,9,1.83964662693611,4460.56433310482,500988.750073223,6.4606,"norway"
"257",1992-06-01,2.3,4642,9.15,95817,9,1.17599229065222,3855.26512482045,489566.554841327,6.3311,"norway"
"258",1992-07-01,2.5,4568.16,9.35,99475,9,0.7,4396,478319.300270144,6.1493,"norway"
"259",1992-08-01,2.5,4819.89,9.6,99668,9,0.746794782707031,7017.76342146497,467245.636359673,5.8581,"norway"
"260",1992-09-01,2.4,3984.27,9.87,95867,9,1.02814974200462,10315.9372039105,456344.213109914,5.712,"norway"
"261",1992-10-01,2.1,3643.17,10.34,88098,9,1.1,12301,445613.680520868,5.8116,"norway"
"262",1992-11-01,2.2,4705.11,9.59,107403,11,0.654655723717251,11572.5671662205,435052.688592534,6.0562,"norway"
"263",1992-12-01,2.3,4614.19,9.69,87304,9.5,-0.0700727401521792,9086.80087435248,424659.887324913,6.4714,"norway"
"264",1993-01-01,2.2,5169.15,9.1,84496,9,-0.7,6389,414433.926718003,6.6804,"norway"
"265",1993-02-01,2.5,5331.07,8.78,100526,9,-0.935788047946405,4749.52346920866,404373.456771807,6.8721,"norway"
"266",1993-03-01,2.6,4345.19,7.98,101796,9,-0.777488411025531,4338.9704097907,394477.127486322,6.9779,"norway"
"267",1993-04-01,2.6,3664.83,7.64,110572,8.25,-0.3,5053,384743.58886155,6.9989,"norway"
"268",1993-05-01,2.6,7960.58,7.26,121169,7.5,0.392200171772073,6695.22784583376,375171.490897491,6.7738,"norway"
"269",1993-06-01,2.5,5960.13,7.08,136739,6.75,1.0763226805506,8701.09526426248,365759.483594143,6.8027,"norway"
"270",1993-07-01,2.4,5725.13,6.54,146733,6.75,1.5,10414,356506.216951508,6.9986,"norway"
"271",1993-08-01,2.1,4685.41,6.54,149064,6,1.52624662011737,11242.4910733822,347410.340969586,7.3179,"norway"
"272",1993-09-01,2.1,5726.93,6.1,146798,6,1.47960509623054,10855.7226072334,338470.505648376,7.3579,"norway"
"273",1993-10-01,2.1,1261.09,6.13,142357,5.5,1.8,8988,329685.360987878,7.0829,"norway"
"274",1993-11-01,2,5057.93,5.76,149104,5.5,2.71022075516585,5695.40045322991,321053.556988092,7.1755,"norway"
"275",1993-12-01,1.9,2731.18,5.78,152395,5,3.56451619378651,2321.08838087782,312573.743649019,7.3882,"norway"
"276",1994-01-01,1.9,3185.38,5.6,154651,4.75,3.5,530,304244.570970659,7.4211,"norway"
"277",1994-02-01,1.3,4517.11,5.53,155167,5,2.02175924810813,1413.94415073515,296064.68895301,7.5064,"norway"
"278",1994-03-01,1.3,4687.04,5.67,158789,5,0.106774573067868,3772.22016555158,288032.747596074,7.4885,"norway"
"279",1994-04-01,1,1583.08,6.46,154241,4.75,-0.9,5831,280147.396899851,7.3419,"norway"
"280",1994-05-01,0.9,2127.54,6.99,154619,4.75,-0.126887377227983,6302.82294382948,272407.286864339,7.368,"norway"
"281",1994-06-01,1,5294.35,7.99,151766,4.75,1.40468181023831,5845.69762358253,264811.067489541,7.1789,"norway"
"282",1994-07-01,1.1,5509.69,8.05,146901,4.75,2.2,5604,257357.388775454,7.0686,"norway"
"283",1994-08-01,1.4,3808.91,7.76,141695,4.75,1.2746791496927,6372.57888876174,250044.90072208,6.856,"norway"
"284",1994-09-01,1.7,1774.73,8.31,143883,4.75,-0.314390702910002,7548.1745253035,242872.253329418,6.8644,"norway"
"285",1994-10-01,1.6,4765.41,9.04,143074,4.75,-0.999999999999999,8178,235838.096597469,6.7961,"norway"
"286",1994-11-01,1.8,5730.24,8.73,143622,4.75,0.250393000679423,7660.7133529754,228941.080526232,6.6166,"norway"
"287",1994-12-01,1.8,5961.79,8.23,141057,4.75,2.33065877917948,6800.75242335162,222179.855115707,6.7297,"norway"
"288",1995-01-01,1.9,5752.17,8.03,141521,4.75,3.6,6754,215553.070365895,6.8561,"norway"
"289",1995-02-01,2.6,6695.14,8.06,145023,4.75,2.9126377364785,8209.45658822553,209059.376276795,6.6968,"norway"
"290",1995-03-01,2.6,5187.97,7.93,148881,4.75,1.10286669730321,9988.59355906779,202697.422848407,6.5974,"norway"
"291",1995-04-01,2.7,4878.88,7.97,151707,4.75,-0.5,10446,196465.860080732,6.273,"norway"
"292",1995-05-01,2.6,4763.68,7.65,143967,4.75,-0.882425428074917,8586.86770152988,190363.33797377,6.205,"norway"
"293",1995-06-01,2.6,4677.88,7.34,134274,4.75,-0.293977420244149,6018.79926630315,184388.506527519,6.298,"norway"
"294",1995-07-01,2.7,3201.13,7.76,142175,4.75,0.7,5000,178540.015741981,6.2387,"norway"
"295",1995-08-01,2.4,6670.68,7.55,141135,4.75,1.60224916100635,6964.51705009938,172816.515617155,6.171,"norway"
"296",1995-09-01,2.2,3636.95,7.31,144132,4.75,2.1878577984882,10049.7649312752,167216.656153042,6.3438,"norway"
"297",1995-10-01,2.4,4211.4,7.13,145331,4.75,2.3,11569,161739.087349641,6.3943,"norway"
"298",1995-11-01,2.2,4522.57,6.92,147997,4.75,1.88824359886434,9828.47150547999,156382.459206953,6.2397,"norway"
"299",1995-12-01,2.2,2884.57,6.53,148911,4.75,1.32773141147652,7106.4002678554,151145.421724976,6.2536,"norway"
"300",1996-01-01,2.2,5926.18,6.41,143696,4.75,1.1,6674,146026.624903713,6.3579,"norway"
"301",1996-02-01,1.1,7413.5,6.49,144163,4.75,1.49292459168444,10637.8561872399,141024.718743161,6.4275,"norway"
"302",1996-03-01,0.9,6658.54,6.8,145556,4.75,2.01973507412424,16446.0414047106,136138.353243322,6.4103,"norway"
"303",1996-04-01,0.6,7904.42,6.67,149339,4.75,2,20382,131366.178404195,6.4277,"norway"
"304",1996-05-01,1.1,8221.93,6.77,158099,4.5,1.0400580343979,19865.2148566715,126706.844225781,6.4901,"norway"
"305",1996-06-01,1.1,7067.28,7.03,163148,4.5,-0.106671707973493,16859.323002191,122159.000708079,6.5748,"norway"
"306",1996-07-01,0.8,5453.81,7.07,170626,4.5,-0.399999999999999,14464,117721.297851089,6.5376,"norway"
"307",1996-08-01,1.4,6450.14,7.06,164445,4.5,0.791287715168416,14916.099200889,113392.385654812,6.4465,"norway"
"308",1996-09-01,1.5,8736.14,7.14,165845,4.5,2.46250731332528,17001.185105044,109170.914119247,6.4153,"norway"
"309",1996-10-01,1.3,7535.6,6.86,176138,4.5,3.2,18642,105055.533244395,6.4613,"norway"
"310",1996-11-01,1.8,7416.65,6.83,196243,4.5,2.07627258640992,18404.2031545873,101044.893030255,6.481,"norway"
"311",1996-12-01,1.8,10696,6.28,206338,4.5,0.108494306524213,17425.1217628181,97137.6434768269,6.3554,"norway"
"312",1997-01-01,1.7,6853.38,6.24,170335,4,-1.2,17485,93332.4345841115,6.4716,"norway"
"313",1997-02-01,3.1,10862.3,5.87,196622,4,-0.770452134882172,19691.1252177989,89627.9163521085,6.4589,"norway"
"314",1997-03-01,3.3,7462.48,5.63,184429,3.25,0.777589534651938,22458.9574733133,86022.7387808178,6.6323,"norway"
"315",1997-04-01,3.1,8526.61,6.07,185856,3.25,2.4,23531,82515.5518702395,6.7915,"norway"
"316",1997-05-01,2.5,5688.5,6.14,193891,3.25,3.25368410126692,21439.5922705134,79105.0056203737,6.9932,"norway"
"317",1997-06-01,2.7,9336.53,6.07,200441,3.25,3.29966607338655,17876.4187142989,75789.7500312201,7.0797,"norway"
"318",1997-07-01,2.8,4516.44,5.95,208369,3.25,2.7,15323,72568.435102779,7.224,"norway"
"319",1997-08-01,2.2,7931.44,5.9,214023,3.25,1.67053054462932,15511.3945890366,69439.7108350502,7.4545,"norway"
"320",1997-09-01,2.3,7689.1,6.04,213814,3.5,0.642264690320383,17175.8121139354,66402.2272280337,7.6224,"norway"
"321",1997-10-01,2.3,6706.04,5.76,212309,3.5,0.1,18301,63454.6342817297,7.3008,"norway"
"322",1997-11-01,2.1,6047.7,5.79,220223,3.5,0.353082609104681,17421.6812251923,60595.581996138,7.0807,"norway"
"323",1997-12-01,2.2,8317.52,5.6,226819,3.5,1.0090529431097,15272.4809781076,57823.7203712587,7.0588,"norway"
"324",1998-01-01,2.4,7104.13,5.49,171368,3.5,1.5,13138,55137.6994070917,7.263,"norway"
"325",1998-02-01,2,6211.53,5.28,180535,3.5,1.42454642635936,11919.1027324166,52536.1691036372,7.5007,"norway"
"326",1998-03-01,2.1,2481.39,5.24,184162,3.5,1.04744946316676,10981.7084180785,50017.779460895,7.553,"norway"
"327",1998-04-01,2.4,4807.94,5.25,189037,3.5,0.8,9308,47581.1804788651,7.5833,"norway"
"328",1998-05-01,2.6,1954.59,5.42,192625,3.75,0.959842796568992,6258.24117847452,45225.0221575477,7.5315,"norway"
"329",1998-06-01,2,2688.38,5.49,187283,3.75,1.19003809311215,2705.01868291165,42947.9544969426,7.4539,"norway"
"330",1998-07-01,2.1,3497.12,5.55,182903,4.25,1,-101,40748.6274970499,7.5785,"norway"
"331",1998-08-01,2.5,2528.4,5.32,178165,4.5,0.0990453503276374,-1344.69707594434,38625.6911578695,7.6246,"norway"
"332",1998-09-01,2.1,-804.61,5.85,185327,5,-1.00389813191165,-1953.15352009547,36577.7954794015,7.7248,"norway"
"333",1998-10-01,2.4,-462.31,5.28,170817,8,-1.6,-3289,34603.5904616459,7.5564,"norway"
"334",1998-11-01,2.3,169.35,5.53,166054,8,-1.20417234602769,-6130.41583766011,32701.7261046027,7.4294,"norway"
"335",1998-12-01,2.3,388.26,5.3,146797,8,-0.226297417317418,-8917.77497290015,30870.8524082718,7.4562,"norway"
"336",1999-01-01,2.3,-1445.74,5.32,142045,8,0.7,-9507,29109.6193726533,7.605,"norway"
"337",1999-02-01,2.3,2794.28,4.68,150205,8,1.08060699674608,-6497.15809193373,27416.6769977472,7.4532,"norway"
"338",1999-03-01,2.1,2050.39,4.93,159590,7.5,0.979458171551685,-1459.89473645209,25790.6752835534,7.724,"norway"
"339",1999-04-01,2.3,2528.53,4.84,162004,7.5,0.6,3290,24230.264230072,7.8151,"norway"
"340",1999-05-01,2.5,4260.57,4.7,169317,7,0.15211472941373,6076.1222794691,22734.093837303,7.775,"norway"
"341",1999-06-01,2.5,5746.29,5.11,186415,6.5,-0.128572305926362,7775.61317796776,21300.8141052463,7.7496,"norway"
"342",1999-07-01,2.3,7191.65,5.64,156392,6.5,1.11022302462516e-16,9904,19929.075033902,7.8749,"norway"
"343",1999-08-01,1.9,7099.24,5.92,168413,6,0.662785937450849,13556.1874925758,18617.5266232701,7.9029,"norway"
"344",1999-09-01,1.9,10063.5,5.88,173364,6,1.51631253363524,18144.5901727292,17364.8188733506,7.8036,"norway"
"345",1999-10-01,2.1,8278.08,6.16,162318,6,2.1,22661,16169.6017841434,7.8361,"norway"
"346",1999-11-01,2.5,11816.8,6.15,166258,5.5,2.09674152078288,26392.9796020794,15030.5253556486,7.7402,"norway"
"347",1999-12-01,2.8,14408,6.13,174414,5.5,1.76332217138539,29811.1742792636,13946.2395878662,7.9367,"norway"
"348",2000-01-01,2.8,12263.6,6.15,193589,5.5,1.5,33682,12915.3944807961,8.0113,"norway"
"349",2000-02-01,2.9,18574.9,6.38,196063,5.5,1.56876649793617,38333.8200250325,11936.6400344384,8.0241,"norway"
"350",2000-03-01,3.2,14217.5,6.32,212712,5.5,1.67854692897135,42342.7867842905,11008.6262487931,8.2374,"norway"
"351",2000-04-01,2.5,13697.2,6.11,202105,5.5,1.4,43847,10130.0031238602,8.41,"norway"
"352",2000-05-01,2.6,13141.8,6.21,222835,5.5,0.487451746731712,41887.7032607537,9299.42065963959,8.6272,"norway"
"353",2000-06-01,2.8,17732.8,6.18,235616,5.75,-0.570102479863378,39118.7156206114,8515.52885613137,9.0533,"norway"
"354",2000-07-01,3.3,17327.2,6.18,191641,5.75,-1.1,39097,7776.97771333553,8.6807,"norway"
"355",2000-08-01,3.3,18917.3,6.18,209953,6.25,-0.663017929307462,44325.6261912122,7082.41723125206,8.7185,"norway"
"356",2000-09-01,3.5,22918.8,6.31,223998,6.25,0.246307434926608,53092.0914740046,6430.49740988096,8.9526,"norway"
"357",2000-10-01,3.5,18999.7,6.3,230092,6.75,0.9,62630,5819.86824922223,9.2331,"norway"
"358",2000-11-01,3.1,24316.9,6.34,227254,7,0.790545896424059,70491.3475299532,5249.17974927587,9.3794,"norway"
"359",2000-12-01,3.2,25691.3,6.07,233500,7,0.292280147564353,75501.6962611479,4717.08191004188,9.3524,"norway"
"360",2001-01-01,3,21434.9,5.98,245715,7,-3.33066907387547e-16,76805,4222.22473152026,9.0616,"norway"
"361",2001-02-01,3.4,26205.2,5.94,229234,7,0.319352862129742,74026.2059111971,3763.25821371101,8.7817,"norway"
"362",2001-03-01,3.6,17822,5.96,245380,7,0.899386789630796,68714.2345925147,3338.83235661413,8.918,"norway"
"363",2001-04-01,3.7,17473.7,6.07,246057,7,1.2,62899,2947.59716022961,8.9859,"norway"
"364",2001-05-01,3.8,21019.4,6.37,254622,7,0.857968580982898,58373.3843808137,2588.20262455747,9.092,"norway"
"365",2001-06-01,4.3,20127.7,6.73,246802,7,0.217580101319869,55982.1431465709,2259.2987495977,9.138,"norway"
"366",2001-07-01,3.8,18495,6.68,221724,7,-0.2,56333,1959.5355353503,9.3014,"norway"
"367",2001-08-01,2.7,24225.4,6.54,223320,7,-0.0215975564317049,59565.9232322146,1687.56298181527,9.2566,"norway"
"368",2001-09-01,2.7,17646.6,6.42,229315,7,0.533996508793431,63949.8594878684,1442.03108899261,8.9427,"norway"
"369",2001-10-01,2.4,19114.2,6.29,246433,7,1.1,67286,1221.58985688232,8.7691,"norway"
"370",2001-11-01,2.2,17424.6,5.86,222441,7,1.36916238548466,67819.5893569943,1024.8892854844,8.8329,"norway"
"371",2001-12-01,1.8,12564.5,5.92,222457,7,1.27235978943233,65572.085568622,850.579374798851,8.9296,"norway"
"372",2002-01-01,2.1,24032.4,6.3,211201,7,0.8,61009,697.310124825671,8.9713,"norway"
"373",2002-02-01,1.3,13836.7,6.31,214197,6.5,0.0301331996782417,54893.793413882,563.731535564861,8.9684,"norway"
"374",2002-03-01,0.8,14930.5,6.42,214549,6.5,-0.608620851707954,49181.7241635693,448.493607016421,8.9492,"norway"
"375",2002-04-01,1,20381.7,6.65,217113,6.5,-0.6,46126,350.246339180351,8.8072,"norway"
"376",2002-05-01,0.5,18915.8,6.7,203420,6.5,0.32882333432089,47094.7555059961,267.639732056651,8.6102,"norway"
"377",2002-06-01,0.4,15945.3,6.86,196264,6.5,1.4769384322143,49915.8325919154,199.32378564532,8.205,"norway"
"378",2002-07-01,0.4,11760.6,6.61,185040,6.5,1.9,51532,143.94849994636,7.7533,"norway"
"379",2002-08-01,1.6,14675.9,6.43,182930,6.5,0.995314203778939,49838.8882658374,100.16387495977,7.4694,"norway"
"380",2002-09-01,1.4,16980.8,6.2,189188,7,-0.473206951223307,46543.5750983986,66.6199106855502,7.6042,"norway"
"381",2002-10-01,1.4,16585.4,5.98,196379,7,-1.4,44306,41.9666071237001,7.5018,"norway"
"382",2002-11-01,1.8,14452.4,6.2,225887,7,-1.01748755684405,45038.8766158394,24.8539642742201,7.4873,"norway"
"383",2002-12-01,2.1,18180,6.14,222457,7,0.0899634467530082,47666.0151626384,13.93198213711,7.3157,"norway"
"384",2003-01-01,2.8,19875.6,5.76,224544,7,1,50364,7.85066071237001,7.1557,"norway"
"385",2003-02-01,5,17993.1,5.44,226349,6.5,1.03019157915283,51657.7904559903,5.26,6.9138,"norway"
"386",2003-03-01,4.8,19760.6,5.24,222318,6,0.45779760865572,51465.8457325292,4.81,7.0004,"norway"
"387",2003-04-01,3.7,15544.3,5.29,241835,6,-0.2,50055,5.03,7.276,"norway"
"388",2003-05-01,2.9,18502.8,5.29,231380,5.5,-0.518093574582066,47796.4430416808,4.57,7.2032,"norway"
"389",2003-06-01,2.1,16387.2,4.69,245030,5,-0.439672399894406,45478.7870924298,3.98,6.8145,"norway"
"390",2003-07-01,1.7,10853.4,4.67,248245,5,-3.88578058618805e-16,43995,3.24,7.0093,"norway"
"391",2003-08-01,1.5,14348.3,5,258104,4,0.701441978434697,44011.8447846937,3.06,7.2924,"norway"
"392",2003-09-01,2.1,16799.3,4.98,256111,4,1.30829939832931,45291.2651570107,2.93,7.4096,"norway"
"393",2003-10-01,2.1,13636.7,4.7,247514,3,1.4,47369,2.84,7.2782,"norway"
"394",2003-11-01,1.6,19673.1,4.9,245655,2.5,0.760473808991427,49782.6593010257,2.92,7.0331,"norway"
"395",2003-12-01,1.4,17149.2,4.94,237554,2.5,-0.00834000823766057,52077.3374647124,2.84,7.0054,"norway"
"396",2004-01-01,0.6,19015.9,4.54,250941,2.5,-0.0999999999999996,53800,2.2,6.7128,"norway"
"397",2004-02-01,-1.8,21015.5,4.47,263052,2.25,0.982588711525521,54561.1106037961,2.19,6.8117,"norway"
"398",2004-03-01,-1.7,20298.5,3.95,287749,2,2.4991347086954,54225.1257248803,1.63,6.9508,"norway"
"399",2004-04-01,-0.6,16679.9,4.17,274947,2,3.4,52720,1.9,6.9598,"norway"
"400",2004-05-01,0.4,20626.5,4.8,275752,1.75,2.93880097453612,50251.6390245307,2.14,6.9263,"norway"
"401",2004-06-01,1,18847.2,4.67,249892,1.75,1.58217154382642,48137.7522283592,2.13,6.8428,"norway"
"402",2004-07-01,1.3,13760.4,4.53,278865,1.75,0.0999999999999996,47974,2.18,6.8279,"norway"
"403",2004-08-01,1.5,20224.8,4.35,291893,1.75,-0.871125943003334,50724.9999647478,2.1,6.9126,"norway"
"404",2004-09-01,1,16821.3,4.15,275528,1.75,-1.22782088400107,54831.1986950165,1.97,6.8369,"norway"
"405",2004-10-01,1.1,19707.6,4.15,262393,1.75,-1,58102,1.99,6.8416,"norway"
"406",2004-11-01,1.4,23614.1,3.96,251919,1.75,-0.276519424745006,59117.8055609226,1.89,6.5809,"norway"
"407",2004-12-01,1.2,21852.3,3.82,268524,1.75,0.618000881066743,59543.0085471305,1.87,6.27,"norway"
"408",2005-01-01,1.1,15346.7,4.05,268360,1.75,1.3,61813,1.98,6.1355,"norway"
"409",2005-02-01,1.1,24277.4,3.82,284627,1.75,1.49201845679817,67277.8518656357,1.99,6.2672,"norway"
"410",2005-03-01,1,22952.5,3.92,290889,1.75,1.34100254491928,72946.3597090542,2.14,6.396,"norway"
"411",2005-04-01,1,25105.6,4.03,272227,1.75,1.1,74742,2.28,6.2116,"norway"
"412",2005-05-01,1.3,29504.8,3.79,262269,1.75,0.96770485681158,70174.305495053,2.23,6.3147,"norway"
"413",2005-06-01,1.6,22705.8,3.64,274744,1.75,0.925396346663548,63097.0340981342,2.33,6.3656,"norway"
"414",2005-07-01,1.7,18713,3.47,303817,1.75,0.9,58950,2.2,6.4936,"norway"
"415",2005-08-01,1.4,24193.1,3.58,294296,2,0.833458412251803,61850.4076356339,2.36,6.5783,"norway"
"416",2005-09-01,1.9,28132.4,3.5,287160,2,0.7277824387969,70625.0224169276,2.44,6.4367,"norway"
"417",2005-10-01,2,26785.9,3.53,280620,2,0.6,82778,2.42,6.383,"norway"
"418",2005-11-01,1.8,31470.2,3.86,280028,2,0.468831864551577,95510.7306290781,2.68,6.5103,"norway"
"419",2005-12-01,1.8,24880.8,3.9,293461,2,0.35977019444515,104813.542900822,2.83,6.6399,"norway"
"420",2006-01-01,1.8,32381.5,3.63,318163,2.25,0.3,106374,2.74,6.7242,"norway"
"421",2006-02-01,1.8,40619.3,3.77,308081,2.25,0.306028944356704,97906.4846628687,2.7,6.6287,"norway"
"422",2006-03-01,2.6,31316.2,3.67,291303,2.25,0.35165530194102,85232.6578316365,2.74,6.7526,"norway"
"423",2006-04-01,2.4,35555.1,3.89,297096,2.25,0.4,76201,3.01,6.6317,"norway"
"424",2006-05-01,2.7,33945,4.09,302410,2.5,0.42186717283642,76449.145534262,3.1,6.3922,"norway"
"425",2006-06-01,2.3,27870.7,4.14,299119,2.5,0.418793782975954,82771.3442911505,3.29,6.104,"norway"
"426",2006-07-01,2.1,28680.4,4.29,307986,2.75,0.4,89751,3.37,6.207,"norway"
"427",2006-08-01,2.2,33245.9,4.25,319337,2.75,0.387983845779096,93271.5998667501,3.45,6.2617,"norway"
"428",2006-09-01,1.9,30789.7,4.07,313171,2.75,0.458354751340348,94416.9650037614,3.59,6.2423,"norway"
"429",2006-10-01,2.6,25333.9,4.05,327922,3,0.7,95571,3.73,6.5008,"norway"
"430",2006-11-01,2.7,28514.3,4.17,352036,3,1.13730855515831,98128.6031468859,3.84,6.6591,"norway"
"431",2006-12-01,2.6,26749.1,4.14,326153,3.25,1.53667610055154,99528.6475456556,4.01,6.3991,"norway"
"432",2007-01-01,2.2,28568.5,4.28,353936,3.25,1.6,96221,4.19,6.1826,"norway"
"433",2007-02-01,1.2,29834.2,4.52,353480,3.5,1.14055971136546,85971.0986568176,4.48,6.3656,"norway"
"434",2007-03-01,0.8,25305.6,4.51,346902,3.75,0.4171630686757,71806.6670358383,4.49,6.186,"norway"
"435",2007-04-01,1.1,27174.6,4.56,347463,3.75,-0.2,58071,4.68,6.1401,"norway"
"436",2007-05-01,0.3,26182.3,4.79,339347,4,-0.421769622842364,48576.2985221401,4.74,6.0098,"norway"
"437",2007-06-01,0.3,23157.8,5.01,335371,4,-0.283106153032121,45010.3880146948,4.89,6.022,"norway"
"438",2007-07-01,0.4,24272.9,5.15,334452,4.25,0.1,48530,5.14,5.998,"norway"
"439",2007-08-01,0.4,23557.8,5.02,331164,4.5,0.613185446670664,59290.707254622,5.11,5.7807,"norway"
"440",2007-09-01,0.4,25604.1,4.76,329399,4.5,1.14859487678612,73443.4475720491,4.87,5.8492,"norway"
"441",2007-10-01,-0.3,26772.3,4.97,321790,4.75,1.6,86138,4.96,5.6256,"norway"
"442",2007-11-01,-0.2,24024.4,4.83,324477,5,1.85421302134489,93551.0576445569,5.1,5.4023,"norway"
"443",2007-12-01,1.5,31051.3,4.69,334246,5,1.77020812736914,95966.9698452568,5.04,5.4156,"norway"
"444",2008-01-01,2.8,39510.2,4.71,330487,5,1.2,94697,4.98,5.5,"norway"
"445",2008-02-01,3.7,38870.6,4.35,320657,5.25,0.118110616097906,91350.3214264095,4.91,5.3993,"norway"
"446",2008-03-01,3.7,36871.9,4.32,300948,5.25,-1.01090886774414,88727.7471209978,5.16,5.3851,"norway"
"447",2008-04-01,3.2,41737,4.33,282586,5.25,-1.6,89928,5.19,5.1495,"norway"
"448",2008-05-01,3.1,41708.5,4.46,292100,5.25,-1.26739622647726,96599.9159090644,5.48,5.0541,"norway"
"449",2008-06-01,3.1,42344.4,4.78,288403,5.5,-0.45249858231849,104592.782411493,5.82,5.0571,"norway"
"450",2008-07-01,3.4,37499.6,5.09,256706,5.5,0.2,108306,6.18,5.1351,"norway"
"451",2008-08-01,4.3,40774.3,4.92,254257,5.75,0.225548363885208,104341.014937333,5.85,5.1058,"norway"
"452",2008-09-01,4.5,41424,4.67,257709,5.75,-0.119837543722637,98107.4565663649,5.93,5.3331,"norway"
"453",2008-10-01,5.3,26898.2,4.43,261711,5.75,-0.4,97217,5.03,5.6958,"norway"
"454",2008-11-01,5.5,38775.4,4.32,263375,5.75,-0.305167599433944,105952.209526789,4.76,6.4973,"norway"
"455",2008-12-01,3.2,37615,3.94,296846,4.75,-0.0311142057539258,115279.206137863,4.3,6.929,"norway"
"456",2009-01-01,2.1,24153.6,3.82,357303,4.75,0.0999999999999998,112835,2.21,7.0159,"norway"
"457",2009-02-01,2.2,32673.1,3.7,333848,3,-0.138211299482766,91216.8136221794,1.96,6.9566,"norway"
"458",2009-03-01,2.5,31222.7,3.87,349678,3,-0.589038966594994,62862.7188821845,1.94,6.871,"norway"
"459",2009-04-01,2.5,32498.9,3.78,314507,2.5,-1,45171,1.77,6.7855,"norway"
"460",2009-05-01,2.9,21195.9,3.89,315190,2,-1.16791312856092,50041.1285770864,1.76,6.6557,"norway"
"461",2009-06-01,3,19686.1,4.26,307830,2,-1.08680400194017,67377.3257408067,1.53,6.4504,"norway"
"462",2009-07-01,3.4,19994.5,4.17,308353,1.5,-0.8,81585,1.61,6.3915,"norway"
"463",2009-08-01,2.2,27982.1,4.06,301093,1.25,-0.371617667755041,81396.6720694752,1.56,6.3566,"norway"
"464",2009-09-01,1.9,20651.2,4.14,270873,1.25,0.0510697891704941,72853.3114879219,2.24,6.0705,"norway"
"465",2009-10-01,1.2,19275.1,4.14,282831,1.25,0.3,66323,2.28,5.9006,"norway"
"466",2009-11-01,0.6,23970.7,4.04,281482,1.25,0.284013429210712,69348.4053672353,2.16,5.6428,"norway"
"467",2009-12-01,1.5,23007.5,3.88,279316,1.5,0.219561882295232,78170.5394186169,2.25,5.643,"norway"
"468",2010-01-01,2,28786.6,4.14,281541,1.5,0.4,86205,2.28,5.7708,"norway"
"469",2010-02-01,2.5,33691.4,3.99,286558,1.75,0.987415802764043,88442.2249801023,2.28,5.7402,"norway"
"470",2010-03-01,3,32532.4,3.63,290928,1.75,1.61883082979673,86172.012319092,2.13,5.9182,"norway"
"471",2010-04-01,3.4,28201.8,3.74,317138,1.75,1.8,82259,2.29,5.9204,"norway"
"472",2010-05-01,3.3,24483.7,3.61,310137,1.75,1.18484187825163,78902.3243419852,2.29,5.9169,"norway"
"473",2010-06-01,2.5,20874.5,3.16,316747,1.75,0.0199296133326758,75639.1150087188,1.84,6.2872,"norway"
"474",2010-07-01,1.9,23203.6,3.19,294981,2,-1.3,71341,2.25,6.4728,"norway"
"475",2010-08-01,1.9,25704.2,3.12,310860,2,-2.38233887132613,65668.8480223272,2.37,6.2633,"norway"
"476",2010-09-01,1.9,20363.2,2.8,307293,2,-2.84299372757188,61440.4906089957,2.32,6.1481,"norway"
"477",2010-10-01,1.7,19493.1,3.08,286172,2,-2.3,62263,2.32,6.0431,"norway"
"478",2010-11-01,2,25590.4,3.12,294957,2,-0.61474565220637,70121.5428279653,2.13,5.8322,"norway"
"479",2010-12-01,1.9,29310.3,3.44,284037,2,1.37797122288075,80513.6632960393,2.16,5.9645,"norway"
"480",2011-01-01,2.8,37386.4,3.71,307124,2,2.6,87315,2.35,5.9833,"norway"
"481",2011-02-01,2,37129.9,3.78,310338,2,2.30428444311458,86350.3510361819,2.39,5.8561,"norway"
"482",2011-03-01,1.2,32242.5,3.78,292192,2,1.06814587308591,81241.1525031436,2.45,5.7319,"norway"
"483",2011-04-01,1,25000.6,3.82,292521,2,-0.2,77558,2.55,5.5913,"norway"
"484",2011-05-01,1.3,41511.7,3.72,305007,2,-0.776466194326005,79369.5345087886,2.55,5.4015,"norway"
"485",2011-06-01,1.6,25379.6,3.41,307839,2.25,-0.676480641150319,84736.5785432382,2.39,5.4766,"norway"
"486",2011-07-01,1.3,26377.3,3.41,281266,2.25,-0.0999999999999994,90218,2.46,5.4366,"norway"
"487",2011-08-01,1.6,35449.9,2.92,275695,2.25,0.723802556411667,93172.2887064414,2.34,5.4502,"norway"
"488",2011-09-01,1.3,31060.3,2.86,276541,2.25,1.44888780262648,94156.4222127926,1.95,5.4353,"norway"
"489",2011-10-01,1.6,31384.3,2.4,269010,2.25,1.7,94527,1.79,5.6257,"norway"
"490",2011-11-01,1.4,27062.1,2.73,278342,2.25,1.26273745016082,95801.2736284089,1.94,5.6405,"norway"
"491",2011-12-01,1.2,36632.5,2.52,266647,2.25,0.56611461582959,100139.102975962,1.23,5.7405,"norway"
"492",2012-01-01,0.2,40732.6,2.4,291153,1.75,0.2,109861,1.19,5.8912,"norway"
"493",2012-02-01,0.5,44462.4,2.38,299814,1.75,0.565988383685806,125237.061224368,1.54,5.9424,"norway"
"494",2012-03-01,1.2,46064.2,2.32,289650,1.75,1.31257965998109,138335.721438916,1.69,5.7097,"norway"
"495",2012-04-01,0.8,47660.4,2.45,311454,1.5,1.9,139175,1.49,5.7074,"norway"
"496",2012-05-01,0.3,37403.6,2.13,333095,1.5,1.910346052133,121810.962955602,1.55,5.7521,"norway"
"497",2012-06-01,0.5,37503.7,1.84,336772,1.5,1.41319637387569,96451.8631202249,1.52,5.9151,"norway"
"498",2012-07-01,0.5,27556.6,2.04,350245,1.5,0.599999999999999,77344,1.44,6.0146,"norway"
"499",2012-08-01,0.2,30919.7,1.95,331547,1.5,-0.314779999625198,74828.0869532238,1.32,6.069,"norway"
"500",2012-09-01,0.5,32628.3,1.97,315148,1.5,-1.02462441474312,83622.4927468507,1.43,5.9012,"norway"
"501",2012-10-01,0.5,22072.5,2.13,318293,1.5,-1.2,94540,1.59,5.7467,"norway"
"502",2012-11-01,1.1,32673.7,2.05,312886,1.5,-0.662337164743316,100213.059601873,1.57,5.7078,"norway"
"503",2012-12-01,1.1,32449,2.11,315739,1.5,0.163079062874553,100552.795522002,1.57,5.718,"norway"
"504",2013-01-01,1.4,36297.3,2.12,288589,1.5,0.700000000000001,97290,1.46,5.6103,"norway"
"505",2013-02-01,1.3,34133.3,2.61,298998,1.5,0.556721251191056,92017.9709355799,1.6,5.55,"norway"
"506",2013-03-01,1,35010.6,2.41,316487,1.5,0.0797155706523126,85780.0288688458,1.56,5.5648,"norway"
"507",2013-04-01,1.4,38622.3,2.16,334483,1.5,-0.2,79482,1.6,5.7806,"norway"
"508",2013-05-01,1.9,24027.8,2.04,325327,1.5,0.0910077155346466,73925.908507659,1.37,5.7935,"norway"
"509",2013-06-01,2,28533.3,2.19,335238,1.5,0.695836432293974,69498.5704840963,1.37,5.8202,"norway"
"510",2013-07-01,2.1,31374.3,2.52,342086,1.5,1.2,66483,1.44,5.8759,"norway"
"511",2013-08-01,3,35742.4,2.68,347274,1.5,1.28665529407776,65182.8765152657,1.45,6.0246,"norway"
"512",2013-09-01,3.2,28795.5,2.97,355434,1.5,1.02953129276439,65984.5410466206,1.57,5.9677,"norway"
"513",2013-10-01,2.8,18908.4,2.82,360993,1.5,0.6,69295,1.63,5.9662,"norway"
"514",2013-11-01,2.4,30114.8,2.81,352819,1.5,0.158667404450592,75303.326172019,1.58,5.9491,"norway"
"515",2013-12-01,2.5,36213.1,2.76,367728,1.5,-0.176924566314477,83326.8579220137,1.44,6.0856,"norway"
"516",2014-01-01,2,37156.1,2.97,355197,1.5,-0.3,92465,1.34,6.1342,"norway"
"517",2014-02-01,2.3,47927,2.75,376223,1.5,-0.143547134102355,101359.189167029,1.34,6.1622,"norway"
"518",2014-03-01,2.1,34142,2.85,370150,1.5,0.200389194715744,106818.990228288,1.42,6.1147,"norway"
"519",2014-04-01,2,34287,2.83,377291,1.5,0.6,105196,1.36,5.9955,"norway"
"520",2014-05-01,1.8,29711,2.71,381923,1.5,0.934039650477346,94334.2504932001,1.41,5.979,"norway"
"521",2014-06-01,1.8,25681,2.57,379145,1.5,1.12351593559965,78047.5144981692,1.4,5.9389,"norway"
"522",2014-07-01,1.9,17623,2.48,392491,1.5,1.1,61642,1.33,6.0437,"norway"
"523",2014-08-01,2.2,17182,2.35,404189,1.5,0.844425569230008,49850.4755268375,1.26,6.1992,"norway"
"524",2014-09-01,2.1,21322,2.25,390627,1.5,0.535176692515297,45111.9517790356,1.3,6.1935,"norway"
"525",2014-10-01,2.1,21679,2.25,430128,1.5,0.4,49292,1.28,6.3525,"norway"
"526",2014-11-01,2,31475,2.04,452821,1.5,0.58455436889892,62617.5881401904,1.18,6.56,"norway"
"527",2014-12-01,1.9,24600,1.88,465370,1.5,0.906147664709536,78761.2709782811,1.15,6.809,"norway"
"528",2015-01-01,2.1,30138,1.54,486269,1.25,1.1,89757,0.94,7.2772,"norway"
"529",2015-02-01,2,27736,1.25,508470,1.25,0.97291251072987,90005.0237642525,0.71,7.6865,"norway"
"530",2015-03-01,1.9,21000,1.4,506166,1.25,0.618010426424336,83370.7791226547,0.8,7.5861,"norway"
"531",2015-04-01,2,20692,1.41,530786,1.25,0.2,76086,0.83,7.9952,"norway"
"532",2015-05-01,2,1167,1.52,517878,1.25,-0.124352559966545,72843.5019879846,0.86,7.8774,"norway"
"533",2015-06-01,2.1,22182,1.52,520532,1.25,-0.230041222258732,72180.4273459149,0.82,7.5503,"norway"
"534",2015-07-01,2.6,17590,1.85,514822,1,5.55111512312578e-17,71095,0.87,7.8111,"norway"
"535",2015-08-01,1.8,24667,1.5689,531016,1,0.605979210617793,66893.2275430683,0.76,8.1255,"norway"
"536",2015-09-01,2,21315,1.504,528097,1,1.32067298112911,58112.2522344264,0.58,8.2524,"norway"
"537",2015-10-01,2.1,14790,1.4713,520559,0.75,1.8,43597,0.5,8.2845,"norway"
"538",2015-11-01,2.5,20268,1.5915,524743,0.75,1.71525053231019,22192.3967657152,0.61,8.27,"norway"
"539",2015-12-01,2.8,15480,1.4534,517932,0.75,0.799201149594138,-7256.63154250214,0.54,8.6394,"norway"
"540",2016-01-01,2.3,18114,1.4825,508538,0.75,-1.2,-45905.1589987261,0.54,8.6971,"norway"
"541",2016-02-01,3,16861,1.349,520082,0.75,-4.53420476832408,-94908.2596770307,0.56,8.8194,"norway"
"542",2016-03-01,NA,NA,1.3508,NA,NA,-9.45526500722995,-155421.00765149,0.54,8.6006,"norway"
