"","Date","Infl_f","BOT_f","Yield_f","FER_f","Int_f","1Y_Yield_f","GDPG_f","CA_f","FDI_f","Exchange","Country"
"1",1971-02-01,NA,30,NA,NA,NA,-380034.726943468,-155976.570622178,182223.485031321,-978801.481687501,4.3053,"sweden"
"2",1971-03-01,NA,30,NA,NA,NA,-375885.298572821,-152632.329536348,179223.025714849,-961607.61533617,4.2981,"sweden"
"3",1971-04-01,NA,300,NA,NA,NA,-371766.181925905,-149336.209072187,176254.297350019,-944616.287772644,4.3003,"sweden"
"4",1971-05-01,NA,-100,NA,NA,NA,-367677.265891611,-146087.860711177,173317.146580349,-927826.298996924,4.2987,"sweden"
"5",1971-06-01,NA,350,NA,NA,NA,-363618.439358826,-142886.935934799,170411.420049357,-911236.449009009,4.1242,"sweden"
"6",1971-07-01,NA,590,NA,NA,NA,-359589.591216441,-139733.086224535,167536.964400562,-894845.5378089,4.0938,"sweden"
"7",1971-08-01,NA,-10,NA,NA,NA,-355590.610353343,-136625.963061865,164693.626277483,-878652.365396596,4.0946,"sweden"
"8",1971-09-01,NA,140,NA,NA,NA,-351621.385658421,-133565.217928272,161881.252323638,-862655.731772098,4.0306,"sweden"
"9",1971-10-01,NA,220,NA,NA,NA,-347681.806020566,-130550.502305238,159099.689182546,-846854.436935405,3.9812,"sweden"
"10",1971-11-01,NA,140,NA,NA,NA,-343771.760328664,-127581.467674242,156348.783497724,-831247.280886518,3.975,"sweden"
"11",1971-12-01,NA,330,NA,NA,NA,-339891.137471606,-124657.765516768,153628.381912693,-815833.063625437,3.9834,"sweden"
"12",1972-01-01,NA,10,NA,NA,NA,-336039.82633828,-121779.047314296,150938.331070969,-800610.585152161,3.9041,"sweden"
"13",1972-02-01,NA,70,NA,NA,NA,-332217.715817575,-118944.964548309,148278.477616072,-785578.64546669,3.8922,"sweden"
"14",1972-03-01,NA,50,NA,NA,NA,-328424.69479838,-116155.168700286,145648.66819152,-770736.044569026,3.8611,"sweden"
"15",1972-04-01,NA,10,NA,NA,NA,-324660.652169584,-113409.311251711,143048.749440832,-756081.582459166,3.8567,"sweden"
"16",1972-05-01,NA,260,NA,NA,NA,-320925.476820076,-110707.043684064,140478.568007526,-741614.059137113,3.8509,"sweden"
"17",1972-06-01,NA,110,NA,NA,NA,-317219.057638744,-108048.017478827,137937.970535121,-727332.274602864,3.8605,"sweden"
"18",1972-07-01,NA,490,NA,NA,NA,-313541.283514477,-105431.884117481,135426.803667135,-713235.028856422,3.7998,"sweden"
"19",1972-08-01,NA,200,NA,NA,NA,-309892.043336165,-102858.295081508,132944.914047087,-699321.121897785,3.765,"sweden"
"20",1972-09-01,NA,290,NA,NA,NA,-306271.225992697,-100326.90185239,130492.148318495,-685589.353726953,3.7808,"sweden"
"21",1972-10-01,NA,370,NA,NA,NA,-302678.72037296,-97837.355911607,128068.353124878,-672038.524343927,3.7874,"sweden"
"22",1972-11-01,NA,70,NA,NA,NA,-299114.415365845,-95389.3087406416,125673.375109755,-658667.433748706,3.7977,"sweden"
"23",1972-12-01,NA,660,NA,NA,NA,-295578.199860239,-92982.411820975,123307.060916643,-645474.881941292,3.7956,"sweden"
"24",1973-01-01,NA,540,NA,NA,NA,-292069.962745033,-90616.3166340887,120969.257189061,-632459.668921682,3.77,"sweden"
"25",1973-02-01,NA,650,NA,NA,NA,-288589.592909114,-88290.6746614641,118659.810570529,-619620.594689878,3.7293,"sweden"
"26",1973-03-01,NA,490,NA,NA,NA,-285136.979241371,-86005.1373845828,116378.567704564,-606956.45924588,3.417,"sweden"
"27",1973-04-01,NA,980,NA,NA,NA,-281712.010630695,-83759.3562849262,114125.375234684,-594466.062589687,3.2171,"sweden"
"28",1973-05-01,NA,90,NA,NA,NA,-278314.575965972,-81552.9828439757,111900.079804409,-582148.2047213,3.2406,"sweden"
"29",1973-06-01,NA,820,NA,NA,NA,-274944.564136093,-79385.6685432129,109702.528057257,-570001.685640718,3.1728,"sweden"
"30",1973-07-01,NA,500,NA,NA,NA,-271601.864029946,-77257.0648641193,107532.566636747,-558025.305347942,3.0532,"sweden"
"31",1973-08-01,NA,1130,NA,NA,NA,-268286.36453642,-75166.8232881764,105390.042186397,-546217.863842972,2.8233,"sweden"
"32",1973-09-01,NA,-230,NA,NA,NA,-264997.954544404,-73114.5952968655,103274.801349725,-534578.161125807,2.9733,"sweden"
"33",1973-10-01,NA,300,NA,NA,NA,-261736.522942787,-71100.0323716683,101186.69077025,-523104.997196447,3.017,"sweden"
"34",1973-11-01,NA,360,NA,NA,NA,-258501.958620457,-69122.7859940661,99125.5570914905,-511797.172054893,3.0288,"sweden"
"35",1973-12-01,NA,80,NA,NA,NA,-255294.150466304,-67182.5076455405,97091.2469569652,-500653.485701145,3.1647,"sweden"
"36",1974-01-01,NA,470,NA,NA,NA,-252112.987369217,-65278.8488075729,95083.6070101925,-489672.738135202,3.2,"sweden"
"37",1974-02-01,NA,-940,NA,NA,NA,-248958.358218084,-63411.4609616449,93102.4838946909,-478853.729357064,3.3644,"sweden"
"38",1974-03-01,NA,-440,NA,NA,NA,-245830.151901794,-61579.9955892379,91147.7242539789,-468195.259366733,3.1763,"sweden"
"39",1974-04-01,NA,-130,NA,NA,NA,-242728.257309237,-59784.1041718333,89219.1747315751,-457696.128164206,3.0788,"sweden"
"40",1974-05-01,NA,50,NA,NA,NA,-239652.5633293,-58023.4381909128,87316.6819709979,-447355.135749486,3.027,"sweden"
"41",1974-06-01,NA,-380,NA,NA,NA,-236602.958850874,-56297.6491279577,85440.0926157659,-437171.08212257,2.9173,"sweden"
"42",1974-07-01,NA,-300,NA,NA,NA,-233579.332762846,-54606.3884644495,83589.2533093977,-427142.767283461,2.9899,"sweden"
"43",1974-08-01,NA,-120,NA,NA,NA,-230581.573954106,-52949.3076818698,81764.0106954116,-417268.991232157,2.9642,"sweden"
"44",1974-09-01,NA,-40,NA,NA,NA,-227609.571313543,-51326.0582616999,79964.2114173262,-407548.553968658,2.9846,"sweden"
"45",1974-10-01,NA,60,NA,NA,NA,-224663.213730045,-49736.2916854214,78189.7021186601,-397980.255492965,2.9967,"sweden"
"46",1974-11-01,NA,-270,NA,NA,NA,-221742.390092502,-48179.6594345158,76440.3294429318,-388562.895805078,2.8966,"sweden"
"47",1974-12-01,NA,-510,NA,NA,NA,-218846.989289801,-46655.8129904645,74715.9400336597,-379295.274904996,2.7503,"sweden"
"48",1975-01-01,NA,-340,NA,NA,NA,-215976.900210833,-45164.4038347491,73016.3805343625,-370176.19279272,2.6028,"sweden"
"49",1975-02-01,NA,-1775,NA,NA,NA,-213132.011744486,-43705.0834488509,71341.4975885586,-361204.449468249,2.5278,"sweden"
"50",1975-03-01,NA,322,NA,NA,NA,-210312.212779649,-42277.5033142516,69691.1378397665,-352378.844931584,2.4731,"sweden"
"51",1975-04-01,NA,190,NA,NA,NA,-207517.392205211,-40881.3149124325,68065.1479315048,-343698.179182724,2.4835,"sweden"
"52",1975-05-01,NA,-373,NA,NA,NA,-204747.438910061,-39516.1697248751,66463.374507292,-335161.25222167,2.5589,"sweden"
"53",1975-06-01,NA,-262,NA,NA,NA,-202002.241783087,-38181.719233061,64885.6642106466,-326766.864048421,2.5096,"sweden"
"54",1975-07-01,NA,-102,NA,NA,NA,-199281.689713178,-36877.6149184716,63331.8636850871,-318513.814662978,2.4946,"sweden"
"55",1975-08-01,NA,-492,NA,NA,NA,-196585.671589224,-35603.5082625884,61801.819574132,-310400.90406534,2.6142,"sweden"
"56",1975-09-01,NA,-703,NA,NA,NA,-193914.076300114,-34359.0507468929,60295.3785212999,-302426.932255508,2.6787,"sweden"
"57",1975-10-01,NA,-90,NA,NA,NA,-191266.792734735,-33143.8938528665,58812.3871701092,-294590.699233482,2.7099,"sweden"
"58",1975-11-01,NA,479,NA,NA,NA,-188643.709781978,-31957.6890619908,57352.6921640786,-286891.004999261,2.6631,"sweden"
"59",1975-12-01,NA,106,NA,NA,NA,-186044.71633073,-30800.0878557471,55916.1401467264,-279326.649552846,2.6538,"sweden"
"60",1976-01-01,NA,588,NA,NA,NA,-183469.701269881,-29670.7417156171,54502.5777615713,-271896.432894236,2.6337,"sweden"
"61",1976-02-01,NA,-220,NA,NA,NA,-180918.55348832,-28569.3021230822,53111.8516521318,-264599.155023432,2.603,"sweden"
"62",1976-03-01,NA,386,NA,NA,NA,-178391.161874936,-27495.4205596238,51743.8084619263,-257433.615940433,2.57,"sweden"
"63",1976-04-01,NA,28,NA,NA,NA,-175887.415318617,-26448.7485067235,50398.2948344733,-250398.61564524,2.5656,"sweden"
"64",1976-05-01,NA,-594,NA,NA,NA,-173407.202708253,-25428.9374458627,49075.1574132915,-243492.954137852,2.5296,"sweden"
"65",1976-06-01,NA,-214,NA,NA,NA,-170950.412932731,-24435.6388585229,47774.2428418993,-236715.43141827,2.4873,"sweden"
"66",1976-07-01,NA,789,NA,NA,NA,-168516.934880942,-23468.5042261856,46495.3977638153,-230064.847486493,2.4704,"sweden"
"67",1976-08-01,NA,-458,NA,NA,NA,-166106.657441774,-22527.1850303323,45238.4688225579,-223540.002342522,2.485,"sweden"
"68",1976-09-01,NA,49,NA,NA,NA,-163719.469504116,-21611.3327524444,44003.3026616457,-217139.695986357,2.4813,"sweden"
"69",1976-10-01,NA,-40,NA,NA,NA,-161355.259956857,-20720.5988740035,42789.7459245972,-210862.728417997,2.4733,"sweden"
"70",1976-11-01,NA,-361,NA,NA,NA,-159013.917688885,-19854.634876491,41597.6452549309,-204707.899637443,2.4465,"sweden"
"71",1976-12-01,NA,-838,NA,NA,NA,-156695.331589091,-19013.0922413883,40426.8472961653,-198674.009644694,2.4415,"sweden"
"72",1977-01-01,NA,-1419,NA,NA,NA,-154399.390546361,-18195.6224501771,39277.198691819,-192759.85843975,2.4496,"sweden"
"73",1977-02-01,NA,-950,NA,NA,NA,-152125.983449586,-17401.8769843387,38148.5460854104,-186964.246022613,2.4924,"sweden"
"74",1977-03-01,NA,-430,NA,NA,NA,-149874.999187654,-16631.5073253547,37040.7361204582,-181285.97239328,2.5209,"sweden"
"75",1977-04-01,NA,-800,NA,NA,NA,-147646.326649455,-15884.1649547064,35953.6154404807,-175723.837551754,2.5505,"sweden"
"76",1977-05-01,NA,-400,NA,NA,NA,-145439.854723876,-15159.5013538755,34887.0306889966,-170276.641498033,2.5264,"sweden"
"77",1977-06-01,NA,-360,NA,NA,NA,-143255.472299808,-14457.1680043434,33840.8285095243,-164943.184232117,2.5193,"sweden"
"78",1977-07-01,NA,160,NA,NA,NA,-141093.068266138,-13776.8163875915,32814.8555455824,-159722.265754007,2.4895,"sweden"
"79",1977-08-01,NA,-480,NA,NA,NA,-138952.531511756,-13118.0979851014,31808.9584406893,-154612.686063702,2.4105,"sweden"
"80",1977-09-01,NA,-1510,NA,NA,NA,-136833.750925551,-12480.6642783546,30822.9838383637,-149613.245161203,2.4084,"sweden"
"81",1977-10-01,NA,-420,NA,NA,NA,-134736.615396411,-11864.1667488324,29856.7783821239,-144722.74304651,2.3745,"sweden"
"82",1977-11-01,NA,-390,NA,NA,NA,-132661.013813225,-11268.2568780164,28910.1887154886,-139939.979719622,2.278,"sweden"
"83",1977-12-01,NA,370,NA,NA,NA,-130606.835064883,-10692.5861473881,27983.0614819763,-135263.75518054,2.1977,"sweden"
"84",1978-01-01,NA,660,NA,NA,NA,-128573.968040273,-10136.806038429,27075.2433251054,-130692.869429263,2.0772,"sweden"
"85",1978-02-01,NA,-70,NA,NA,NA,-126562.301628284,-9600.56803262048,26186.5808883946,-126226.122465792,1.9863,"sweden"
"86",1978-03-01,NA,640,NA,NA,NA,-124571.724717805,-9083.5236114441,25316.9208153622,-121862.314290126,1.9095,"sweden"
"87",1978-04-01,NA,400,NA,NA,NA,-122602.126197725,-8585.32425638132,24466.1097495269,-117600.244902266,1.8985,"sweden"
"88",1978-05-01,NA,1160,NA,NA,NA,-120653.394956932,-8105.62144891362,23633.9943344071,-113438.714302211,1.9052,"sweden"
"89",1978-06-01,NA,500,NA,NA,NA,-118725.419884316,-7644.06667052249,22820.4212135214,-109376.522489962,1.9652,"sweden"
"90",1978-07-01,NA,1300,NA,NA,NA,-116818.089868766,-7200.3114026894,22025.2370303882,-105412.469465519,1.8854,"sweden"
"91",1978-08-01,NA,-80,NA,NA,NA,-114931.29379917,-6774.00712689584,21248.2884285262,-101545.355228881,1.804,"sweden"
"92",1978-09-01,NA,-770,NA,NA,NA,-113064.920564417,-6364.80532462329,20489.4220514538,-97773.9797800485,1.6672,"sweden"
"93",1978-10-01,NA,960,NA,NA,NA,-111218.859053396,-5972.35747735322,19748.4845426895,-94097.1431190216,1.5697,"sweden"
"94",1978-11-01,NA,-80,NA,NA,NA,-109392.998154997,-5596.31506656713,19025.3225457519,-90513.6452458003,1.5365,"sweden"
"95",1978-12-01,NA,750,NA,NA,NA,-107587.226758107,-5236.3295737465,18319.7827041595,-87022.2861603845,1.675,"sweden"
"96",1979-01-01,NA,740,NA,NA,NA,-105801.433751616,-4892.05248037279,17631.7116614307,-83621.8658627742,1.6757,"sweden"
"97",1979-02-01,NA,-20,NA,NA,NA,-104035.508024413,-4563.13526792751,16960.9560610842,-80311.1843529695,1.6714,"sweden"
"98",1979-03-01,NA,130,NA,NA,NA,-102289.338465387,-4249.22941789212,16307.3625466384,-77089.0416309703,1.6752,"sweden"
"99",1979-04-01,NA,390,NA,NA,NA,-100562.813963426,-3949.98641174811,15670.7777616119,-73954.2376967767,1.6815,"sweden"
"100",1979-05-01,NA,580,NA,NA,NA,-98855.8234074195,-3665.05773097696,15051.0483495231,-70905.5725503886,1.7177,"sweden"
"101",1979-06-01,NA,-450,NA,NA,NA,-97168.2556862563,-3394.09485706015,14448.0209538906,-67941.8461918061,1.7273,"sweden"
"102",1979-07-01,NA,180,NA,NA,NA,-95499.9996888252,-3136.74927147917,13861.5422182329,-65061.8586210291,1.699,"sweden"
"103",1979-08-01,NA,-1040,NA,NA,NA,-93850.9443040152,-2892.67245571549,13291.4587860686,-62264.4098380577,1.6489,"sweden"
"104",1979-09-01,NA,-2500,NA,NA,NA,-92220.978420715,-2661.5158912506,12737.6173009161,-59548.2998428918,1.657,"sweden"
"105",1979-10-01,NA,400,NA,NA,NA,-90609.9909278138,-2442.93105956598,12199.8644062939,-56912.3286355314,1.6113,"sweden"
"106",1979-11-01,NA,-1110,NA,NA,NA,-89017.8707142002,-2236.5694421431,11678.0467457207,-54355.2962159766,1.6309,"sweden"
"107",1979-12-01,NA,-740,NA,NA,NA,-87444.5066687633,-2042.08252046346,11172.0109627148,-51876.0025842274,1.6429,"sweden"
"108",1980-01-01,NA,-570,NA,NA,NA,-85889.7876803919,-1859.12177600852,10681.6037007949,-49473.2477402836,1.599,"sweden"
"109",1980-02-01,12.7,-1860,NA,NA,NA,-84353.6026379748,-1687.33869025979,10206.6716034793,-47145.8316841454,1.5953,"sweden"
"110",1980-03-01,13.5,-50,NA,NA,NA,-82835.840430401,-1526.38474469873,9747.06131428678,-44892.5544158128,1.6406,"sweden"
"111",1980-04-01,13.5,-470,NA,NA,NA,-81336.3899465594,-1375.91142080682,9302.6194767357,-42712.2159352857,1.7643,"sweden"
"112",1980-05-01,13.6,-210,NA,NA,NA,-79855.1400753389,-1235.57020006555,8873.1927343446,-40603.6162425642,1.7614,"sweden"
"113",1980-06-01,13.3,-2160,NA,NA,NA,-78391.9797056283,-1105.01256395641,8458.62773063202,-38565.5553376482,1.6631,"sweden"
"114",1980-07-01,13.1,-890,NA,NA,NA,-76946.7977263165,-983.88999396086,8058.77110911647,-36596.8332205377,1.6339,"sweden"
"115",1980-08-01,13.2,-760,NA,NA,NA,-75519.4830262924,-871.853971560397,7673.46951331646,-34696.2498912328,1.6078,"sweden"
"116",1980-09-01,12.3,-2020,NA,NA,NA,-74109.924494445,-768.555978236498,7302.56958675052,-32862.6053497334,1.6522,"sweden"
"117",1980-10-01,15,-1290,NA,NA,NA,-72718.011019663,-673.647495470645,6945.91797293717,-31094.6995960396,1.6391,"sweden"
"118",1980-11-01,15.5,-980,NA,NA,NA,-71343.6314908355,-586.780004744319,6603.36131539492,-29391.3326301513,1.6619,"sweden"
"119",1980-12-01,14.6,-130,NA,NA,NA,-69986.6747968512,-507.604987539002,6274.74625764228,-27751.3044520686,1.726,"sweden"
"120",1981-01-01,14.1,140,NA,NA,NA,-68647.0298265991,-435.773925336175,5959.91944319779,-26173.4150617914,1.7854,"sweden"
"121",1981-02-01,12.5,-780,NA,NA,NA,-67324.585468968,-370.93829961732,5658.72751557996,-24656.4644593197,1.8224,"sweden"
"122",1981-03-01,12.9,-140,NA,NA,NA,-66019.2306128469,-312.749591863918,5371.01711830731,-23199.2526446536,1.9422,"sweden"
"123",1981-04-01,13,820,NA,NA,NA,-64730.8541471246,-260.85928355745,5096.63489489835,-21800.579617793,1.9219,"sweden"
"124",1981-05-01,12.9,1130,NA,NA,NA,-63459.34496069,-214.918856179399,4835.4274888716,-20459.245378738,1.974,"sweden"
"125",1981-06-01,13.2,220,NA,NA,NA,-62204.5919424321,-174.579791211245,4587.24154374559,-19174.0499274885,2.0662,"sweden"
"126",1981-07-01,13.3,790,NA,NA,NA,-60966.4839812396,-139.49357013447,4351.92370303882,-17943.7932640446,2.0742,"sweden"
"127",1981-08-01,13.4,-30,NA,NA,NA,-59744.9099660015,-109.311674430556,4129.32061026983,-16767.2753884062,2.0981,"sweden"
"128",1981-09-01,13.6,-1990,NA,NA,NA,-58539.7587856067,-83.6855855809837,3919.27890895713,-15643.2963005734,2.1698,"sweden"
"129",1981-10-01,11.3,-340,NA,NA,NA,-57350.9193289441,-62.266785067235,3721.64524261923,-14570.6560005461,2.0223,"sweden"
"130",1981-11-01,10.4,-500,NA,NA,NA,-56178.2804849026,-44.7067543707914,3536.26625477465,-13548.1544883243,1.8845,"sweden"
"131",1981-12-01,10.2,-190,NA,NA,NA,-55021.7311423709,-30.6569749731342,3362.98858894193,-12574.5917639081,1.7859,"sweden"
"132",1982-01-01,9.1,-150,NA,NA,NA,-53881.1601902381,-19.768928355745,3201.65888863956,-11648.7678272974,1.8152,"sweden"
"133",1982-02-01,9.5,-1000,NA,NA,NA,-52756.456517393,-11.6940960001053,3052.12379738607,-10769.4826784923,1.8442,"sweden"
"134",1982-03-01,9,430,NA,NA,NA,-51647.5090127246,-6.08395938769642,2914.22995869999,-9935.53631749271,1.8909,"sweden"
"135",1982-04-01,8.6,1120,NA,NA,NA,-50554.2065651216,-2.59,2787.82401609982,-9145.72874429867,1.8886,"sweden"
"136",1982-05-01,8.7,1970,NA,NA,NA,-49476.438063473,-0.863699318497468,2672.75261310408,-8398.85995891017,1.9624,"sweden"
"137",1982-06-01,8.5,100,NA,NA,NA,-48414.0923966677,-0.556538824670308,2568.8623932313,-7693.72996132722,1.95,"sweden"
"138",1982-07-01,8.5,460,NA,NA,NA,-47367.0584535946,-1.32,2476,-7029.13875154982,2.0789,"sweden"
"139",1982-08-01,8.3,1500,NA,NA,NA,-46335.2251231425,-2.82560401649599,2394.01207692869,-6403.88632957795,2.096,"sweden"
"140",1982-09-01,7.7,-4210,NA,NA,NA,-45318.4812942004,-4.82503080827957,2322.74526753588,-5816.77269541164,2.1119,"sweden"
"141",1982-10-01,7.5,-720,NA,NA,NA,-44316.715855657,-7.09,2262.04621534011,-5266.59784905086,2.1418,"sweden"
"142",1982-11-01,8.3,-1060,NA,NA,NA,-43329.8176964014,-9.29203276366672,2211.76156385988,-4752.16179049563,2.1737,"sweden"
"143",1982-12-01,8.8,-3070,NA,NA,NA,-42357.6757053225,-10.7018564607299,2171.73795661372,-4272.26451974594,2.1931,"sweden"
"144",1983-01-01,9.6,-1300,NA,NA,NA,-41400.178771309,-10.49,2141.82203712015,-3825.7060368018,2.0501,"sweden"
"145",1983-02-01,9.7,150,NA,NA,NA,-40457.2157832499,-8.16774641031861,2121.86044889767,-3411.2863416632,1.9679,"sweden"
"146",1983-03-01,8.2,310,NA,NA,NA,-39528.6756300341,-4.60939520065258,2111.69983546482,-3027.80543433014,2.018,"sweden"
"147",1983-04-01,8.3,2370,NA,NA,NA,-38614.4472005504,-1.03,2111.18684034011,-2674.06331480263,2.0663,"sweden"
"148",1983-05-01,8.4,1010,NA,NA,NA,-37714.4193836878,1.53116655308932,2120.16810704206,-2348.85998308066,2.0587,"sweden"
"149",1983-06-01,8.7,1910,NA,NA,NA,-36828.4810683352,2.73795578185877,2138.49027908918,-2050.99543916424,2.0572,"sweden"
"150",1983-07-01,8.9,3480,NA,NA,NA,-35956.5211433814,2.43,2166,-1779.26968305336,2.1123,"sweden"
"151",1983-08-01,9,1060,NA,NA,NA,-35098.4284977153,0.637895012776135,2202.25692040933,-1532.48271474802,2.1184,"sweden"
"152",1983-09-01,9.3,-3360,NA,NA,NA,-34254.0920202258,-1.84390940826397,2245.67271941717,-1309.43453424823,2.1632,"sweden"
"153",1983-10-01,9.5,1520,NA,NA,NA,-33423.4005998018,-4.03,2294.37208323983,-1108.92514155398,2.1623,"sweden"
"154",1983-11-01,8.8,1540,NA,NA,NA,-32606.2431253322,-5.0897836412309,2346.47969809361,-929.75453666528,2.1122,"sweden"
"155",1983-12-01,8.6,690,NA,NA,NA,-31802.5084857059,-4.81194777843253,2400.1202501948,-770.72271958212,2.1701,"sweden"
"156",1984-01-01,9.2,-550,NA,NA,NA,-31012.0855698117,-3.14,2453.41842575971,-630.629690304504,2.1983,"sweden"
"157",1984-02-01,8.3,2730,NA,NA,NA,-30234.8632665386,-0.227278966371053,2504.49891100463,-508.275448832432,2.238,"sweden"
"158",1984-03-01,7.8,3040,NA,NA,NA,-29470.7304647754,2.93355237384595,2551.48639214587,-402.459995165904,2.205,"sweden"
"159",1984-04-01,9,3540,NA,NA,NA,-28719.5760534111,5.14,2592.50555539972,-311.98332930492,2.149,"sweden"
"160",1984-05-01,8.8,1570,NA,NA,NA,-27981.2889213345,5.49926987708548,2625.6810869825,-235.64545124948,2.1913,"sweden"
"161",1984-06-01,8.9,2100,NA,NA,NA,-27255.7579574345,4.35736791267836,2649.13767311049,-172.246360999584,2.268,"sweden"
"162",1984-07-01,8.1,2240,NA,NA,NA,-26542.8720506,2.37,2661,-120.586058555232,2.2832,"sweden"
"163",1984-08-01,7.5,1020,NA,NA,NA,-25842.5200897199,0.200199458029122,2660.82771828584,-79.4645439164241,2.4115,"sweden"
"164",1984-09-01,7.7,-360,NA,NA,NA,-25154.590963683,-1.45969069122607,2653.9203362769,-47.6818170831601,2.415,"sweden"
"165",1984-10-01,7.7,1580,NA,NA,NA,-24478.9735613784,-1.91,2647.01232670055,-24.0378780554401,2.5049,"sweden"
"166",1984-11-01,7.3,1570,NA,NA,NA,-23815.5567716948,-0.844512153646416,2646.8381622842,-7.33272683326405,2.5245,"sweden"
"167",1984-12-01,7.3,2890,NA,NA,NA,-23164.2294835211,0.469172630003688,2660.13231575523,3.63363658336797,2.47,"sweden"
"168",1985-01-01,8.2,2300,NA,NA,NA,-22524.8805857462,0.370000000000001,2693.62925984103,10.061212194456,2.5602,"sweden"
"169",1985-02-01,7.3,30,NA,39620,NA,-21897.3989672591,-2.15252121381383,2754.063467269,13.15,2.659,"sweden"
"170",1985-03-01,8.7,520,NA,34098,NA,-21281.6735169486,-5.50662945841831,2848.16941076652,14.1,2.8045,"sweden"
"171",1985-04-01,8,680,NA,34423,NA,-20677.5931237036,-7.45,2982.68156306099,14.06,2.8033,"sweden"
"172",1985-05-01,7.7,370,NA,38021,NA,-20085.046676413,-6.44318076887605,3164.3343968798,14.23,2.5948,"sweden"
"173",1985-06-01,8.2,430,NA,37972,NA,-19503.9230639656,-3.758210351886,3399.86238495034,15.6,2.615,"sweden"
"174",1985-07-01,8.1,3800,NA,51214,NA,-18934.1111752504,-1.37,3696,15.5,2.5721,"sweden"
"175",1985-08-01,7.7,1060,NA,54415,NA,-18375.4998991563,-0.734755710681991,4055.58209070655,14.11,2.406,"sweden"
"176",1985-09-01,6.9,-30,NA,49873,NA,-17827.9781245721,-1.23386246737104,4465.84500954931,14.24,2.2962,"sweden"
"177",1985-10-01,6.7,1510,NA,47745,NA,-17291.4347403868,-1.73,4910.12548495796,14.53,2.3359,"sweden"
"178",1985-11-01,6.8,1750,NA,51627,NA,-16765.7586354891,-1.36594453654414,5371.76024536219,13.67,2.1692,"sweden"
"179",1985-12-01,6.9,3710,NA,49819,NA,-16250.8386987681,-0.404858297148368,5834.0860191917,13.06,2.1306,"sweden"
"180",1986-01-01,5.6,2000,NA,44644,NA,-15746.5638191126,0.61,6280.43953487617,12.15,2.1042,"sweden"
"181",1986-02-01,6.2,1360,NA,46370,NA,-15252.8228854115,1.26594126426596,6694.15752084531,12.08,2.066,"sweden"
"182",1986-03-01,5.3,3460,NA,49156,NA,-14769.5047865536,1.67255491522377,7058.57670552878,11.3,1.9547,"sweden"
"183",1986-04-01,4.3,4120,NA,48599,NA,-14296.4984114279,2.07,7357.0338173563,10.6,1.915,"sweden"
"184",1986-05-01,4.6,2470,NA,48012,NA,-13833.6926489233,2.61588318318401,7572.86558475755,9.75,1.9016,"sweden"
"185",1986-06-01,3.4,3340,NA,49366,NA,-13380.9763879286,3.13760159921626,7689.40873616222,9.8,1.8538,"sweden"
"186",1986-07-01,3.7,5120,NA,46910,NA,-12938.2385173327,3.38,7690,9.7,1.8406,"sweden"
"187",1986-08-01,4,2700,NA,46488,NA,-12505.3679260246,3.14978526225727,7564.63269203609,9.53,1.7445,"sweden"
"188",1986-09-01,3.9,360,NA,45340,NA,-12082.2535028931,2.50111276198527,7329.92647737772,9.24,1.6616,"sweden"
"189",1986-10-01,4.4,2360,NA,48104,NA,-11668.784136827,1.55,7009.15760846761,8.87,1.6537,"sweden"
"190",1986-11-01,4.1,2780,NA,49659,NA,-11264.8487167154,0.466086878898027,6625.60233774852,8.62,1.6433,"sweden"
"191",1986-12-01,3.5,2210,NA,47726,NA,-10870.336131447,-0.366497091601785,6202.53691766316,9.37,1.6858,"sweden"
"192",1987-01-01,3.3,2220,NA,45648,NA,-10485.1352699108,-0.51,5763.23760065427,9.6,1.6647,"sweden"
"193",1987-02-01,3.1,1230,11.85,44697,NA,-10109.1350209957,0.296978333261732,5330.98063916459,10.53,1.5616,"sweden"
"194",1987-03-01,3.4,3530,11.54,49986,NA,-9742.22427359045,1.61043115997742,4929.04228563686,10.78,1.5403,"sweden"
"195",1987-04-01,3.8,2190,11.23,52532,NA,-9384.29191658408,2.81,4580.69879251379,10.34,1.5391,"sweden"
"196",1987-05-01,3.4,3010,11.5,54280,NA,-9035.22683886543,3.38118497324023,4309.22641223814,9.96,1.4959,"sweden"
"197",1987-06-01,3.5,3190,11.95,56127,NA,-8694.91792932338,3.23292059984024,4137.90139725263,10.18,1.4705,"sweden"
"198",1987-07-01,3.3,1810,11.53,54194,NA,-8363.25407684684,2.38,4090,9.96,1.5085,"sweden"
"199",1987-08-01,4.3,2710,11.96,53013,NA,-8040.12417032469,0.929022514518099,4182.21526614909,10.1,1.5365,"sweden"
"200",1987-09-01,5,-2140,12.13,52575,NA,-7725.41709864581,-0.646187633412445,4404.90741427316,10.23,1.5364,"sweden"
"201",1987-10-01,5,1960,12,52692,NA,-7419.02175069909,-1.78,4741.85345617158,10.34,1.5029,"sweden"
"202",1987-11-01,5.1,1930,11.61,52492,NA,-7120.82701537343,-2.0813491053867,5176.83040364374,10.04,1.494,"sweden"
"203",1987-12-01,5.4,990,11.84,51183,NA,-6830.72178155772,-1.85742932544972,5693.615268489,10.06,1.3825,"sweden"
"204",1988-01-01,5.1,3130,11.65,50288,NA,-6548.59493814084,-1.59,6275.98506250673,9.79,1.3304,"sweden"
"205",1988-02-01,4.7,830,11.47,50129,NA,-6274.33537401168,-1.59547794482316,6907.71679749631,10.04,1.3466,"sweden"
"206",1988-03-01,5.2,860,11.17,53225,NA,-6007.83197805912,-1.5289098796035,7572.58748525712,9.83,1.3916,"sweden"
"207",1988-04-01,5.4,3490,11.28,52948,NA,-5748.97363917207,-0.88,8254.37413758852,9.96,1.3863,"sweden"
"208",1988-05-01,6.1,3200,11.58,55017,NA,-5497.6492462394,0.603260884679327,8936.85376628988,10.8,1.3823,"sweden"
"209",1988-06-01,6.4,2060,11.47,62411,NA,-5253.74768815001,2.13973551053037,9603.80338316058,10.4,1.4111,"sweden"
"210",1988-07-01,6.9,4500,11.26,54443,NA,-5017.15785379279,2.69,10239,10.53,1.4629,"sweden"
"211",1988-08-01,6.1,2890,11.49,52311,NA,-4787.76863205662,1.57021218388363,10827.4807804046,10.74,1.5343,"sweden"
"212",1988-09-01,5.8,-3140,11.5,52800,NA,-4565.46891183039,-0.481143273629104,11359.3234951593,10.97,1.5837,"sweden"
"213",1988-10-01,5.6,3130,11.54,55387,NA,-4350.147582003,-2.37,11825.8660668461,10.97,1.5764,"sweden"
"214",1988-11-01,5.9,1820,11.1,52761,NA,-4141.69353146333,-3.23633184243606,12218.4464180469,10.9,1.5372,"sweden"
"215",1988-12-01,5.8,3130,11.08,53265,NA,-3939.99564910026,-3.15627352712507,12528.4024713438,11.09,1.4675,"sweden"
"216",1989-01-01,6,1620,10.75,53737,NA,-3744.9428238027,-2.44,12747.0721493188,10.95,1.4799,"sweden"
"217",1989-02-01,6.6,2190,10.37,52154,NA,-3556.42394445952,-1.41266259191715,12865.7933745538,10.57,1.5619,"sweden"
"218",1989-03-01,6.4,2850,10.81,48334,NA,-3374.32789995962,-0.459318173426167,12875.904069631,11.34,1.574,"sweden"
"219",1989-04-01,6.4,2610,10.98,49560,NA,-3198.54357919189,0.02,12768.7421571321,11.73,1.611,"sweden"
"220",1989-05-01,6.4,1570,11.13,54092,NA,-3028.95987104521,-0.261165938043466,12535.6455596394,11.73,1.6469,"sweden"
"221",1989-06-01,6.5,710,10.94,52722,NA,-2865.46566440847,-1.13497229768878,12167.9521997347,11.63,1.729,"sweden"
"222",1989-07-01,6.6,4390,11.28,57550,NA,-2707.94984817057,-2.32,11657,11.59,1.7089,"sweden"
"223",1989-08-01,6.1,730,11.16,62035,NA,-2556.30131122038,-3.60230328553861,11005.9721446399,11.63,1.6281,"sweden"
"224",1989-09-01,6.3,-2890,10.98,67685,NA,-2410.40894244681,-5.03782967285576,10265.4328643489,11.62,1.6605,"sweden"
"225",1989-10-01,6.4,3200,11,73881,NA,-2270.16163073874,-6.75,9497.79165144419,11.72,1.6866,"sweden"
"226",1989-11-01,6.5,-50,11.48,72073,NA,-2135.44826498505,-8.72221351239468,8765.45799824274,11.92,1.6302,"sweden"
"227",1989-12-01,6.5,470,12.65,62717,NA,-2006.15773407464,-10.3777830849623,8130.84139706168,12.93,1.6189,"sweden"
"228",1990-01-01,6.6,200,12.69,60700,NA,-1882.17892689639,-11,7656.35134021808,13.1,1.5686,"sweden"
"229",1990-02-01,8.4,1510,13.1,63751,NA,-1763.4007323392,-10.1003241463641,7404.39732002904,13.76,1.5175,"sweden"
"230",1990-03-01,8.2,1160,13.61,62324,NA,-1649.71203929196,-8.10288983914701,7437.38882881163,14.75,1.4879,"sweden"
"231",1990-04-01,10.7,2530,13.77,65720,NA,-1541.00173664354,-5.66,7817.73535888293,15,1.5133,"sweden"
"232",1990-05-01,10.1,1380,13.71,78978,NA,-1437.15871328285,-3.48204545770435,8607.84640256004,14.2,1.4866,"sweden"
"233",1990-06-01,10.2,1390,13.24,76414,NA,-1338.07185809876,-2.5117686695608,9870.13145216004,13.67,1.4198,"sweden"
"234",1990-07-01,9.8,4560,12.67,76757,NA,-1243.63005998018,-3.75,11667,13.25,1.425,"sweden"
"235",1990-08-01,10.8,-80,12.81,75657,NA,-1153.72220781598,-7.64779031911478,14026.5889743691,13.38,1.3924,"sweden"
"236",1990-09-01,11.1,-1870,13.39,69390,NA,-1068.23719049506,-12.4570725196468,16839.9450474449,14.01,1.3076,"sweden"
"237",1990-10-01,11.5,1710,13.43,72262,NA,-987.063896906305,-15.88,19963.8423273772,14.59,1.3069,"sweden"
"238",1990-11-01,11.2,-20,13.2,87260,NA,-910.091215938604,-16.2416080806514,23255.0549223155,14.94,1.2818,"sweden"
"239",1990-12-01,11.4,3080,12.57,101982,NA,-837.208036480847,-14.3584597703705,26570.3569404095,14.9,1.2569,"sweden"
"240",1991-01-01,10.9,640,12.08,103752,NA,-768.303247421921,-11.67,29766.5224898089,13.9,1.2814,"sweden"
"241",1991-02-01,10.4,1670,11.39,117822,NA,-703.265737650717,-9.31318476568716,32700.3256786633,12.9,1.2714,"sweden"
"242",1991-03-01,13.1,2870,11.19,116030,NA,-641.984396056122,-7.21501432479723,35228.5406151225,12.16,1.2685,"sweden"
"243",1991-04-01,10.5,3810,11.49,114739,NA,-584.348111527026,-5,37207.9414073361,12.4,1.3918,"sweden"
"244",1991-05-01,10.7,3770,11.31,108089,NA,-530.245772952318,-2.61231952326665,38495.3021634538,12.62,1.4399,"sweden"
"245",1991-06-01,10.1,1040,10.42,131294,NA,-479.566269220887,-1.27481626377394,38947.3969916252,11.11,1.4574,"sweden"
"246",1991-07-01,10.1,7250,10.69,139095,NA,-432.198489221621,-2.53,38421,11.14,1.5297,"sweden"
"247",1991-08-01,9.1,1550,10.77,130153,NA,-388.03132184341,-7.11235195606104,36828.5064486244,11.18,1.5481,"sweden"
"248",1991-09-01,8.2,-1350,10.48,119145,NA,-346.953655975141,-12.5242391386255,34304.7962051305,10.91,1.5201,"sweden"
"249",1991-10-01,8.1,2590,9.96,112943,NA,-308.854380505705,-15.46,31040.3702890471,10.56,1.4803,"sweden"
"250",1991-11-01,7.8,2440,10.03,108826,NA,-273.62238432399,-13.6908652450818,27225.7297199028,10.84,1.4781,"sweden"
"251",1991-12-01,7.9,3560,9.96,82265,NA,-241.146556318885,-9.29563458913138,23051.3755172264,11.3,1.4348,"sweden"
"252",1992-01-01,7.9,2340,9.89,99747,NA,-211.315785379279,-5.43,18707.8087005464,12.29,1.3855,"sweden"
"253",1992-02-01,5.2,3670,9.42,121305,NA,-184.01896039406,-4.4838166932414,14385.5302893917,11.73,1.4039,"sweden"
"254",1992-03-01,2.4,3930,9.38,133403,NA,-159.144970252118,-5.78359287521933,10275.0413032908,11.73,1.4561,"sweden"
"255",1992-04-01,2.5,3350,9.38,136672,NA,-136.582703842342,-7.89,6566.84276177254,11.69,1.5094,"sweden"
"256",1992-05-01,2.2,2570,9.48,135235,NA,-116.22105005362,-9.65090501898963,3451.43568436552,11.75,1.5194,"sweden"
"257",1992-06-01,2.2,2630,9.27,139260,NA,-97.9488977748413,-11.0629568729543,1119.32109059845,11.48,1.4907,"sweden"
"258",1992-07-01,2.1,3720,9.59,135003,NA,-81.6551358948947,-12.41,-238.999999999985,11.84,1.425,"sweden"
"259",1992-08-01,1.9,5700,10.01,128516,NA,-67.2286533026692,-13.811452119689,-490.217199422184,12.49,1.3347,"sweden"
"260",1992-09-01,2.1,-320,10.83,95172,NA,-54.5583388870536,-14.729024077408,270.217354255205,13.9,1.2966,"sweden"
"261",1992-10-01,2.5,1020,10.79,111963,NA,-43.5330815369368,-14.46,1889.66089143441,15.6,1.278,"sweden"
"262",1992-11-01,2.3,3610,10.62,165061,NA,-34.0417701412078,-12.6221753911434,4215.47064251769,12.36,1.3176,"sweden"
"263",1992-12-01,1.3,2520,10.03,127759,NA,-25.9732935887554,-10.1153912618582,7095.00383790728,10.49,1.4291,"sweden"
"264",1993-01-01,1.9,2710,9.88,163627,NA,-19.2165407684684,-8.16,10375.6177080054,9.43,1.4219,"sweden"
"265",1993-02-01,4.8,4090,10.18,171795,NA,-13.6604005692359,-7.6091055749968,13904.6694832144,9.59,1.4774,"sweden"
"266",1993-03-01,5,4140,9.61,171133,NA,-9.19376187994659,-7.84681828256662,17529.5163939364,8.86,1.5178,"sweden"
"267",1993-04-01,5,3660,9.71,163172,NA,-5.70551358948947,-7.89,21097.5156705737,9.27,1.5206,"sweden"
"268",1993-05-01,5.2,4640,9.33,168501,NA,-3.08454458675341,-7.01621712368425,24456.0245435286,8.6,1.4599,"sweden"
"269",1993-06-01,4.9,4150,8.98,161381,NA,-1.21974376062729,-5.54585412639384,27452.4002432033,8.02,1.4504,"sweden"
"270",1993-07-01,4.8,4570,8.38,180279,NA,0,-4.06,29934,7.62,1.4769,"sweden"
"271",1993-08-01,4.7,10060,8.08,178409,NA,0.685797806239571,-3.070840745081,31797.3681361014,7.38,1.5147,"sweden"
"272",1993-09-01,4.8,-600,7.59,185250,NA,0.948760769202534,-2.8149503970432,33135.7973408116,7.08,1.4966,"sweden"
"273",1993-10-01,4.2,5750,7.98,177243,NA,0.9,-3.46,34091.7673952152,7.03,1.4182,"sweden"
"274",1993-11-01,4.3,3890,7.47,178554,NA,0.66194192787232,-4.88893841451028,34807.7580803968,6.71,1.4432,"sweden"
"275",1993-12-01,4.9,4830,7.63,180416,NA,0.402274254576803,-5.84582576691484,35426.2491774408,6.68,1.4969,"sweden"
"276",1994-01-01,4.1,4830,6.99,175725,NA,0.3,-4.79,36089.7204674318,6.46,1.4634,"sweden"
"277",1994-02-01,1.6,7300,6.65,172647,NA,0.477545593382261,-0.849331522803826,36940.6517314544,6.64,1.4716,"sweden"
"278",1994-03-01,1.7,5940,7.33,179525,NA,0.831031101379142,4.17417939062849,38121.5227505932,6.77,1.4565,"sweden"
"279",1994-04-01,1.6,7080,7.98,159324,NA,1.2,7.81,39774.8133059325,7.01,1.4292,"sweden"
"280",1994-05-01,1.6,5990,8.56,161035,NA,1.45380162452456,8.27182006128114,42043.0031785571,7.4,1.4383,"sweden"
"281",1994-06-01,2.1,5020,9.41,175069,6.95,1.58100874731404,6.51021931551198,45068.5721495514,7.33,1.4125,"sweden"
"282",1994-07-01,2.4,7080,9.97,184985,6.95,1.6,4.16,48994,8.09,1.3727,"sweden"
"283",1994-08-01,2.6,9120,10.7,176276,6.92,1.52947013074171,2.54131053693854,53895.1653726092,8.54,1.3239,"sweden"
"284",1994-09-01,2.6,-440,11.29,185996,6.92,1.38937835380915,1.71568408806434,59581.5423565724,9.24,1.3184,"sweden"
"285",1994-10-01,2.6,5330,11.33,175719,7.2,1.2,1.43,65796.0039027046,9.56,1.2892,"sweden"
"286",1994-11-01,2.4,6160,10.96,174112,7.2,0.994984519175263,1.56293779096471,72281.4229618211,9.28,1.2648,"sweden"
"287",1994-12-01,2.3,5750,11.01,183869,7.4,0.861477837449346,2.52037766556401,78780.6724847369,9.24,1.2956,"sweden"
"288",1995-01-01,2.5,8140,10.9,177963,7.4,0.9,4.84,85036.6254222672,9.39,1.3289,"sweden"
"289",1995-02-01,2.5,8000,10.99,179673,7.6,1.15725845922391,8.74693829920261,90792.1547252271,9.2,1.2863,"sweden"
"290",1995-03-01,2.6,9400,10.7,181717,7.6,1.46471029639346,13.216138583013,95790.1333444317,9,1.2715,"sweden"
"291",1995-04-01,2.6,10800,11.52,189191,7.9,1.6,16.91,99773.4342306962,9.8,1.1709,"sweden"
"292",1995-05-01,2.9,6500,11.23,191169,8.2,1.40931497726245,18.7985682714841,102484.930334836,9.64,1.1384,"sweden"
"293",1995-06-01,2.8,9800,10.53,191209,8.41,1.01301431031014,19.0824754097915,103667.494607665,9.43,1.1693,"sweden"
"294",1995-07-01,2.6,13200,11,199998,8.41,0.6,18.27,103064,10.07,1.1588,"sweden"
"295",1995-08-01,2.5,6900,10.39,196610,8.66,0.327703853948518,16.8213812074536,100517.752202166,9.74,1.1556,"sweden"
"296",1995-09-01,2.3,4400,10.23,203563,8.91,0.227676906810423,15.0047005185617,96273.7878625286,9.63,1.1962,"sweden"
"297",1995-10-01,2.1,10800,9.36,202896,8.91,0.3,13.04,90677.5763689663,9.1,1.1868,"sweden"
"298",1995-11-01,2.2,10000,9.2,181699,8.91,0.528017755091625,11.2740550468496,84074.5871093559,8.8,1.1453,"sweden"
"299",1995-12-01,2.2,10600,8.75,178402,8.91,0.828129914300021,10.5605743678135,76810.2894715745,8.72,1.1437,"sweden"
"300",1996-01-01,2.1,6800,8.43,171320,8.91,1.1,11.88,69230.1528434994,8.2,1.1631,"sweden"
"301",1996-02-01,1.6,11200,8.31,171976,8.45,1.24541031087017,15.659435642185,61679.6466130076,7.5,1.1818,"sweden"
"302",1996-03-01,1.3,9600,8.83,168442,8.45,1.17461825080431,20.1126316398139,54504.2401679763,7.21,1.1967,"sweden"
"303",1996-04-01,1.4,11300,8.57,155882,8.05,0.8,22.9,48049.4028962828,6.66,1.1959,"sweden"
"304",1996-05-01,1,10800,8.2,152635,7.4,0.112563223649931,22.3785727547809,42660.6041858041,6.19,1.218,"sweden"
"305",1996-06-01,0.8,11400,8.45,159850,6.9,-0.582158473072804,19.6918620358937,38683.3134244174,6.22,1.2539,"sweden"
"306",1996-07-01,0.5,13600,8.14,146024,6.5,-0.900000000000001,16.68,36463,5.86,1.2579,"sweden"
"307",1996-08-01,0.4,8300,8.33,152026,6.1,-0.591959501766185,14.7681251905432,36235.823503914,5.77,1.232,"sweden"
"308",1996-09-01,0.1,7900,8.08,142102,5.55,0.0503119377832033,13.7214016980928,37800.7043414616,5.28,1.2029,"sweden"
"309",1996-10-01,0,8600,7.36,144194,5.25,0.6,12.89,40847.2531214303,4.87,1.2343,"sweden"
"310",1996-11-01,-0.2,10000,7.3,148672,5.05,0.740459968599996,11.8807783348983,45065.0804526072,4.76,1.2586,"sweden"
"311",1996-12-01,-0.4,10900,6.97,135789,4.6,0.595725536754805,11.32734598655,50143.7969437798,4.3,1.2752,"sweden"
"312",1997-01-01,-0.2,6900,6.7,140241,4.35,0.4,12.12,55773.0132037353,3.96,1.329,"sweden"
"313",1997-02-01,-0.1,9800,6.81,130332,4.1,0.344934442181018,14.7417244328268,61642.3398412611,4.16,1.3913,"sweden"
"314",1997-03-01,-0.2,10700,6.78,123798,4.1,0.451971100382761,18.0462513927442,67441.3874651445,4.2,1.4541,"sweden"
"315",1997-04-01,-0.3,9900,7.26,120364,4.1,0.7,20.48,72859.7666841728,4.36,1.4634,"sweden"
"316",1997-05-01,-0.1,12400,7.24,114157,4.1,1.0427652256389,20.955657267128,77587.0881071332,4.48,1.4618,"sweden"
"317",1997-06-01,0.1,11300,7.05,118013,4.1,1.33342709875119,20.2509817758065,81312.9623428132,4.45,1.4331,"sweden"
"318",1997-07-01,0.6,13200,6.63,112407,4.1,1.4,19.61,83727,4.44,1.4424,"sweden"
"319",1997-08-01,0.6,11600,6.37,102787,4.1,1.15067132193006,19.9167576097725,84669.6019303268,4.54,1.4824,"sweden"
"320",1997-09-01,1.1,6900,6.6,101005,4.1,0.814320504612492,20.6153770595855,84584.3299568102,4.54,1.5128,"sweden"
"321",1997-10-01,1.5,13000,6.14,109393,4.1,0.7,20.79,84065.5361453127,4.61,1.4702,"sweden"
"322",1997-11-01,1.5,13200,6.36,116233,4.1,0.998993931085295,19.8565715530413,83707.5725616967,4.89,1.4516,"sweden"
"323",1997-12-01,1.5,10000,6.22,103904,4.1,1.43151310502107,18.5582507265923,84104.7912718248,4.98,1.4069,"sweden"
"324",1998-01-01,1.6,9700,5.97,90988,4.1,1.6,17.97,85851.5443415593,5.01,1.4393,"sweden"
"325",1998-02-01,0.7,8700,5.6,89732,4.35,1.24964925002505,18.7680672891733,89542.1838367627,4.75,1.4748,"sweden"
"326",1998-03-01,0.6,12500,5.48,78329,4.35,0.696664112340278,20.0338422562676,95771.0618232975,4.6,1.4631,"sweden"
"327",1998-04-01,0.3,11700,5.31,82954,4.35,0.4,20.45,105132.530367026,4.74,1.4901,"sweden"
"328",1998-05-01,0.1,10300,5.37,103679,4.35,0.669075735481159,19.1789370680433,118220.941533811,4.73,1.5051,"sweden"
"329",1998-06-01,0.3,9700,5.08,107781,4.35,1.21516377895115,17.3019358038929,135630.647389515,4.44,1.479,"sweden"
"330",1998-07-01,0,13700,4.98,106248,4.35,1.6,16.38,157956,4.2,1.4949,"sweden"
"331",1998-08-01,-0.1,10600,4.91,110112,4.1,1.50738114138364,17.4628511053202,185490.135672927,4.2,1.5136,"sweden"
"332",1998-09-01,-0.6,6100,4.83,115613,4.1,1.10934743852177,19.5550811948274,217321.327683149,4.32,1.4933,"sweden"
"333",1998-10-01,-1.2,12900,4.75,130597,4.1,0.7,21.15,252236.633547319,4.29,1.4,"sweden"
"334",1998-11-01,-1,11700,4.67,127619,4.1,0.516214513799081,21.1578066588241,289023.110782087,3.97,1.3373,"sweden"
"335",1998-12-01,-1.1,10800,4.36,124234,4.1,0.565964985480282,20.1562579353161,326467.816904106,3.68,1.3852,"sweden"
"336",1999-01-01,-1.2,11400,4.17,136276,3.6,0.8,19.14,363357.809430028,3.53,1.3604,"sweden"
"337",1999-02-01,-0.2,10200,3.98,137311,3.4,1.14627932193855,18.8988852223464,398480.145876503,3.21,1.3856,"sweden"
"338",1999-03-01,-0.1,11100,4.4,142998,3.4,1.44160743437192,19.403590767612,430621.883760184,3.26,1.4272,"sweden"
"339",1999-04-01,0.1,12000,4.37,130172,3.15,1.5,20.42,458570.080597723,2.99,1.466,"sweden"
"340",1999-05-01,0.1,11700,4.17,133770,2.9,1.21348301326153,21.6677635629014,481111.79390577,2.92,1.4971,"sweden"
"341",1999-06-01,0.1,9600,4.6,140671,2.9,0.786123795550566,22.6816012164582,497034.081200979,3.13,1.5078,"sweden"
"342",1999-07-01,0.4,14900,5.04,137691,2.9,0.5,22.95,505124,3.45,1.5374,"sweden"
"343",1999-08-01,0.2,12000,5.33,141359,2.9,0.562751587978294,22.1982086741961,504553.405146484,3.61,1.5474,"sweden"
"344",1999-09-01,0.7,7000,5.51,152249,2.9,0.884267753796191,21.0985228850738,496033.340792074,3.53,1.5093,"sweden"
"345",1999-10-01,1,12700,5.75,150399,2.9,1.3,20.56,480659.648415412,3.98,1.5262,"sweden"
"346",1999-11-01,0.9,10500,5.75,149056,2.9,1.65402915334381,21.21532766624,459528.169495139,3.99,1.4896,"sweden"
"347",1999-12-01,0.9,11600,5.64,157797,2.9,1.82495333741282,22.5917146506538,433734.745509898,4.01,1.5543,"sweden"
"348",2000-01-01,1.3,9800,5.72,152987,3.25,1.7,23.94,404375.21793833,4.295,1.5841,"sweden"
"349",2000-02-01,0.4,7500,5.97,147479,3.25,1.24705772457239,24.6412214015845,372545.428259077,4.41,1.5903,"sweden"
"350",2000-03-01,0.9,11500,5.82,141005,3.25,0.756659637293269,24.5972111049034,339341.217950781,4.66,1.6348,"sweden"
"351",2000-04-01,1,14300,5.36,149744,3.75,0.6,23.84,305858.428492084,4.59,1.6636,"sweden"
"352",2000-05-01,0.7,11500,5.45,154337,3.75,1.00588809651479,22.4571941348293,273192.901361626,4.52,1.6657,"sweden"
"353",2000-06-01,1,12400,5.17,154267,3.75,1.63359329859929,20.7587001889919,242440.478038051,4.59,1.719,"sweden"
"354",2000-07-01,0.8,12600,5.27,147944,3.75,2,19.11,214697,4.68,1.642,"sweden"
"355",2000-08-01,0.8,9800,5.29,140907,3.75,1.76642692640549,17.9318539109501,190825.308555952,4.63,1.6519,"sweden"
"356",2000-09-01,0.9,5700,5.33,146939,3.75,1.17193013127254,17.866136287277,170756.24433374,4.59,1.7149,"sweden"
"357",2000-10-01,0.9,11100,5.24,149238,3.75,0.6,19.61,154187.647791034,4.53,1.7586,"sweden"
"358",2000-11-01,1,14200,5.18,155402,3.75,0.335811605270664,23.4535383695184,140817.359385504,4.3,1.7745,"sweden"
"359",2000-12-01,1.3,13100,4.99,157171,3.75,0.271278768903143,28.0586065137518,130343.219574819,4.48,1.7779,"sweden"
"360",2001-01-01,1,8100,4.74,155046,3.75,0.2,31.68,122463.068816651,4.31,1.6855,"sweden"
"361",2001-02-01,1.5,8000,4.73,152278,4,-0.0207844585992553,32.9562148331987,116874.747568669,4.08,1.6305,"sweden"
"362",2001-03-01,1.4,10400,4.86,162328,4,-0.279267429107334,32.060548768827,113276.096288542,4.11,1.6686,"sweden"
"363",2001-04-01,1.7,15000,4.74,166850,4,-0.4,29.55,111364.955433942,3.94,1.6908,"sweden"
"364",2001-05-01,2.6,9100,5.13,168807,4,-0.263784881984754,26.1378985939833,110839.165462538,4.175,1.7131,"sweden"
"365",2001-06-01,2.8,12100,5.42,160882,4,0.0235687253039689,23.1629021146441,111396.566832001,4.29,1.7528,"sweden"
"366",2001-07-01,2.7,16200,5.46,152465,4,0.3,22.12,112735,4.64,1.7856,"sweden"
"367",2001-08-01,2.7,9100,5.24,146431,4,0.449998060612346,23.9677463464237,114575.322435262,4.42,1.757,"sweden"
"368",2001-09-01,2.9,9200,5.11,141152,4.25,0.544251787150717,27.5189538837078,116730.459650742,4.36,1.6808,"sweden"
"369",2001-10-01,3,15200,5.31,142039,4.25,0.7,31.05,119036.354170451,3.85,1.6338,"sweden"
"370",2001-11-01,2.5,15500,4.92,148855,3.75,0.974903750646482,33.2237086129145,121328.948518401,3.69,1.6357,"sweden"
"371",2001-12-01,2.5,14200,5,156151,3.75,1.18831301498205,34.2486897579321,123444.185218602,3.88,1.6509,"sweden"
"372",2002-01-01,2.7,9800,5.34,157308,3.75,1.1,34.72,125218.006795066,3.95,1.6566,"sweden"
"373",2002-02-01,2.7,12400,5.35,157395,3.75,0.587423973838762,35.1266784611774,126486.355771804,4.17,1.6709,"sweden"
"374",2002-03-01,2.6,14200,5.42,171654,3.75,-0.00120755078263057,35.5336944919712,127085.174672827,4.34,1.697,"sweden"
"375",2002-04-01,2.7,13000,5.62,174743,3.75,-0.2,35.9,126850.406022147,4.68,1.6743,"sweden"
"376",2002-05-01,2.3,13200,5.58,169383,4,0.282807761405876,36.1429108757091,125617.992343775,4.68,1.6542,"sweden"
"377",2002-06-01,1.8,16500,5.58,183395,4.25,1.0424431140744,36.0131989408498,123223.876161722,4.795,1.5889,"sweden"
"378",2002-07-01,1.8,14900,5.39,179256,4.25,1.5,35.22,119504,4.65,1.5399,"sweden"
"379",2002-08-01,2,11100,5.19,177038,4.25,1.25541905461181,33.479455813764,114370.63318448,4.4,1.4718,"sweden"
"380",2002-09-01,1.8,8200,5.13,166553,4.25,0.624027687077641,30.5357319668518,108041.352248475,4.4,1.4972,"sweden"
"381",2002-10-01,1.7,12300,4.9,175301,4.25,0.1,26.14,100810.06052716,4.15,1.4931,"sweden"
"382",2002-11-01,2.3,12300,5.1,174873,4.25,0.0547752794061532,20.6303769803462,92970.6613557074,4.02,1.4932,"sweden"
"383",2002-12-01,2,12300,5.03,175429,4.25,0.368853545022448,16.692762080632,84817.0580692916,3.9,1.4658,"sweden"
"384",2003-01-01,2.1,8700,4.71,177227,4,0.8,17.6,76643.1540030861,3.58,1.4388,"sweden"
"385",2003-02-01,2.7,8900,4.55,171617,3.75,1.12918353146728,25.2179251537402,68742.8524922648,3.62,1.3765,"sweden"
"386",2003-03-01,3.3,9600,4.47,173239,3.75,1.2301877624622,35.7843308217315,61410.0568720013,3.36,1.3602,"sweden"
"387",2003-04-01,3,13000,4.62,169394,3.75,1,44.13,54938.6704774693,3.36,1.3614,"sweden"
"388",2003-05-01,2.2,13000,4.69,174987,3.5,0.421083187317305,46.5082927750633,49622.5966438427,3.37,1.3783,"sweden"
"389",2003-06-01,1.8,15200,4.19,175680,3.5,-0.182197187463832,44.8628775954049,45755.738706295,2.95,1.3111,"sweden"
"390",2003-07-01,1.6,13600,4.27,177551,3.5,-0.4,42.56,43632,2.71,1.3196,"sweden"
"391",2003-08-01,1.7,13200,4.51,176252,3,0.0235207563005329,42.206311153414,43446.1384610774,2.74,1.3611,"sweden"
"392",2003-09-01,1.6,7600,4.61,180071,2.75,0.728230617022762,43.3700847225746,44996.3304294307,2.9,1.3811,"sweden"
"393",2003-10-01,1.5,16500,4.4,179550,2.75,1.2,44.86,47981.6068459091,2.78,1.3743,"sweden"
"394",2003-11-01,1.3,14100,4.84,181226,2.75,1.08853749118427,45.6883144631324,52100.9986513622,2.94,1.3222,"sweden"
"395",2003-12-01,1.3,10800,4.88,183781,2.75,0.698904349002414,45.6815983291113,57053.5367866393,2.88,1.3318,"sweden"
"396",2004-01-01,1.3,11100,4.66,161106,2.75,0.5,44.87,62538.2521925898,2.79,1.2643,"sweden"
"397",2004-02-01,0.7,11900,4.58,164920,2.75,0.811218167851287,43.4504309940562,68254.1758100631,2.6,1.2391,"sweden"
"398",2004-03-01,-0.4,15800,4.47,164580,2.75,1.35392976474536,42.2868552943136,73900.3385799085,2.47,1.2448,"sweden"
"399",2004-04-01,-0.2,15300,4.26,171081,2.5,1.7,42.41,79175.7714429756,2.095,1.2778,"sweden"
"400",2004-05-01,0.2,15300,4.61,170014,2,1.54807131889207,44.4147763754576,83779.5053401135,2.23,1.2969,"sweden"
"401",2004-06-01,0.6,15300,4.65,168865,2,1.10389511053467,47.1528323454863,87410.5712121719,2.33,1.2839,"sweden"
"402",2004-07-01,0.4,20200,4.66,163953,2,0.7,49.04,89768,2.355,1.2503,"sweden"
"403",2004-08-01,0.6,14100,4.54,171246,2,0.58538544546934,48.895278318928,90653.6688739882,2.295,1.2452,"sweden"
"404",2004-09-01,0.5,6600,4.38,167753,2,0.674934237560402,47.1503338422599,90280.839922691,2.255,1.2623,"sweden"
"405",2004-10-01,0.5,13900,4.3,168980,2,0.8,44.64,88965.6214642036,2.29,1.2629,"sweden"
"406",2004-11-01,0.8,12400,4.22,166003,2,0.828905417749092,42.1833696080894,87024.1218166215,2.32,1.233,"sweden"
"407",2004-12-01,0.4,11500,4.03,168188,2,0.777849420705203,40.536573026215,84772.4492980401,2.19,1.1711,"sweden"
"408",2005-01-01,0.3,12800,3.9,162648,2,0.7,40.44,82526.7122265547,2.165,1.1465,"sweden"
"409",2005-02-01,0,9700,3.64,161827,2,0.639733624275033,42.2330951005661,80603.0189202607,2.04,1.1792,"sweden"
"410",2005-03-01,0.7,12600,3.75,163049,2,0.606260672211379,44.6515222010283,79317.4776972535,2.025,1.1918,"sweden"
"411",2005-04-01,0.1,13500,3.63,164924,2,0.6,46.03,78986.1968756284,2.09,1.1756,"sweden"
"412",2005-05-01,0.3,13200,3.28,172058,2,0.626974899965592,45.3453611007573,79925.2847734809,1.95,1.1954,"sweden"
"413",2005-06-01,0.1,11200,3.25,168648,2,0.715626408967799,44.1428937252274,82450.8497089063,1.83,1.2172,"sweden"
"414",2005-07-01,0.6,18600,2.99,184439,2,0.9,44.61,86879,1.545,1.2665,"sweden"
"415",2005-08-01,0.3,13500,3.05,185576,1.5,1.17829270178852,48.0006456815898,93409.9042142659,1.59,1.2945,"sweden"
"416",2005-09-01,0.6,9700,3.04,186479,1.5,1.4053077659915,51.8350510462103,101779.971916842,1.67,1.2629,"sweden"
"417",2005-10-01,0.6,13800,3.04,182246,1.5,1.4,52.7,111609.672922276,1.83,1.2671,"sweden"
"418",2005-11-01,0.5,9900,3.25,183334,1.5,1.06355799658401,48.6987228395502,122519.477045115,1.845,1.288,"sweden"
"419",2005-12-01,0.8,10400,3.38,183888,1.5,0.62610549002917,44.0002354232646,134129.854099904,1.975,1.311,"sweden"
"420",2006-01-01,0.9,7600,3.29,195393,1.5,0.4,44.29,146061.273901191,2.27,1.3053,"sweden"
"421",2006-02-01,0.6,15000,3.45,184231,1.5,0.597104941505046,53.0252037009502,157934.206263524,2.27,1.2773,"sweden"
"422",2006-03-01,0.6,10600,3.35,190813,1.75,1.02730731092886,64.7499331866572,169369.121001448,2.1,1.3052,"sweden"
"423",2006-04-01,1.1,21900,3.64,188822,2,1.4,71.78,179986.487929511,2.365,1.305,"sweden"
"424",2006-05-01,1.5,11700,3.91,201278,2,1.50357779295136,68.8437956899822,189406.776862259,2.415,1.283,"sweden"
"425",2006-06-01,1.6,12900,3.89,196525,2,1.44244304403317,60.3200318301065,197250.45761424,2.47,1.219,"sweden"
"426",2006-07-01,1.5,16500,4.04,181227,2,1.4,53,203138,2.82,1.2321,"sweden"
"427",2006-08-01,1.7,9100,3.82,191532,2.25,1.49599129409693,51.9862802057875,206812.501305985,2.945,1.2376,"sweden"
"428",2006-09-01,1.6,7900,3.69,176352,2.25,1.59551310553106,55.6266061595835,208507.568706236,3.119,1.2318,"sweden"
"429",2006-10-01,1.5,10600,3.63,184258,2.5,1.5,60.58,208579.436846691,3.101,1.2455,"sweden"
"430",2006-11-01,1.3,9300,3.66,185793,2.5,1.0939385121424,64.2625649683493,207384.340373291,3.165,1.2602,"sweden"
"431",2006-12-01,1.7,11900,3.57,190034,2.75,0.594023052361101,67.1187287167448,205278.513931974,3.23,1.2356,"sweden"
"432",2007-01-01,1.6,12400,3.78,189406,2.75,0.3,70.35,202618.19216868,3.457,1.2099,"sweden"
"433",2007-02-01,1.9,10000,4.03,189154,3,0.413439842518661,74.6127191800745,199759.609729348,3.572,1.2431,"sweden"
"434",2007-03-01,2,9100,3.79,191791,3,0.743209499839348,78.3825530475115,197059.001259918,3.431,1.2393,"sweden"
"435",2007-04-01,1.9,10800,3.92,198155,3.25,1,79.59,194872.601406329,3.532,1.2178,"sweden"
"436",2007-05-01,1.9,10000,4.11,198177,3.25,0.970820636301477,76.8932249780192,193556.64481452,3.677,1.2124,"sweden"
"437",2007-06-01,1.7,10200,4.27,190081,3.25,0.747953763096322,71.8610590932092,193467.36613043,3.833,1.2211,"sweden"
"438",2007-07-01,1.9,12000,4.47,197646,3.25,0.5,66.79,194961,3.872,1.233,"sweden"
"439",2007-08-01,1.9,5800,4.31,192895,3.5,0.373647982645803,63.6136401671079,198264.794265498,3.933,1.2069,"sweden"
"440",2007-09-01,1.8,2900,4.22,203896,3.5,0.427938410738328,62.8139513203926,203090.049554512,3.85,1.2027,"sweden"
"441",2007-10-01,2.2,5800,4.31,196620,3.5,0.7,64.51,209019.07969096,3.792,1.1852,"sweden"
"442",2007-11-01,2.7,9900,4.26,196062,3.75,1.16051335904124,68.655918057253,215634.19849876,4.019,1.1741,"sweden"
"443",2007-12-01,3.3,8300,4.19,197089,4,1.51436666802444,74.5460985881834,222517.719801831,3.996,1.1233,"sweden"
"444",2008-01-01,3.5,10100,4.34,198371,4,1.4,81.31,229251.95742409,4.134,1.1402,"sweden"
"445",2008-02-01,3.2,8900,3.95,194836,4,0.610224507115167,87.7604653816578,235419.225189455,3.789,1.1006,"sweden"
"446",2008-03-01,3.1,14600,3.99,209063,4,-0.444664342095354,91.443876549096,240601.836921844,4.082,1.089,"sweden"
"447",2008-04-01,3.4,8500,3.95,187300,4.25,-1.2,89.59,244382.106445175,4.053,1.0126,"sweden"
"448",2008-05-01,3.3,9400,4.12,204470,4.25,-1.24215212824265,80.9088870827826,246342.347583366,4.105,1.0138,"sweden"
"449",2008-06-01,3.9,8600,4.39,193048,4.25,-0.761635225568951,70.031728548766,246064.874160335,4.235,1.0448,"sweden"
"450",2008-07-01,4.2,7200,4.53,183723,4.25,-0.1,63.07,243132,4.328,1.0371,"sweden"
"451",2008-08-01,4.1,9000,4.22,197146,4.25,0.417643265114688,64.1936159168416,237257.991192209,4.645,1.0283,"sweden"
"452",2008-09-01,4.3,300,4.06,199095,4.5,0.531945985111901,69.806246292877,228684.922890533,4.394,1.0841,"sweden"
"453",2008-10-01,4.4,8800,3.81,262861,4.5,-2.77555756156289e-17,74.37,217786.82251447,3.949,1.1102,"sweden"
"454",2008-11-01,4,9000,3.45,213504,4.75,-1.27286537666055,73.6844270276289,204937.71748352,2.72,1.1429,"sweden"
"455",2008-12-01,2.5,4300,2.84,231439,3.75,-2.78837093710087,68.8988418352815,190511.635217184,2.19,1.191,"sweden"
"456",2009-01-01,0.9,7900,2.38,230424,3.75,-3.9,62.5,174882.603134961,1.21,1.1404,"sweden"
"457",2009-02-01,1.3,6600,2.98,236702,2,-4.11877435106508,56.7960833800501,158424.648656352,1.041,1.1267,"sweden"
"458",2009-03-01,0.9,8600,2.81,236861,2,-3.58586964411581,53.3809789585897,141511.799200856,0.46,1.1639,"sweden"
"459",2009-04-01,0.2,7800,2.99,228292,1,-2.6,53.67,124518.082187973,0.225,1.1555,"sweden"
"460",2009-05-01,-0.1,8000,3.24,231453,1,-1.45574092278281,58.1342024151337,107817.525037202,0.355,1.1481,"sweden"
"461",2009-06-01,-0.4,8000,3.74,220719,0.5,-0.431113449398836,63.46761270073,91784.1551680449,0.5,1.1076,"sweden"
"462",2009-07-01,-0.6,16700,3.45,311794,0.5,0.2,65.42,76792,0.475,1.0809,"sweden"
"463",2009-08-01,-0.9,8000,3.33,308009,0.5,0.271367671825972,61.0082180705264,63148.7045073315,0.447999009001257,1.078,"sweden"
"464",2009-09-01,-0.8,4300,3.3,333878,0.25,0.0473604787481961,52.3174591273791,50896.3838833581,0.455653897662667,1.0683,"sweden"
"465",2009-10-01,-1.6,4800,3.32,325630,0.25,-0.1,42.7,40010.7708761622,0.477073053538737,1.0391,"sweden"
"466",2009-11-01,-1.5,4800,3.25,332087,0.25,0.111010976219668,35.1751475249831,30467.5982338263,0.491364864183977,1.0213,"sweden"
"467",2009-12-01,-0.7,1900,3.19,325130,0.25,0.600930793665312,31.4303285675314,22242.598704433,0.477637717152895,1.0131,"sweden"
"468",2010-01-01,0.9,4400,3.28,334039,0.25,1.2,32.82,15311.5050360647,0.415,1.0301,"sweden"
"469",2010-02-01,0.6,6400,3.18,337830,0.25,1.75866249736943,39.8074881258374,9650.04997680387,0.35,1.0345,"sweden"
"470",2010-03-01,1.2,900,3.07,337379,0.25,2.20817560584982,49.2915969728656,5233.9662747331,0.467,1.0722,"sweden"
"471",2010-04-01,1.2,6400,3.05,331517,0.25,2.5,57.28,2038.98667793484,0.54,1.0666,"sweden"
"472",2010-05-01,1,5500,2.83,332615,0.25,2.59507977504335,60.6608258975933,40.8439344915678,0.5,1.069,"sweden"
"473",2010-06-01,1.2,2100,2.52,376853,0.25,2.49229270886135,59.8440242817471,-784.729207514218,0.57,1.1295,"sweden"
"474",2010-07-01,0.9,10200,2.57,407261,0.25,2.2,56.12,-462,0.655,1.1255,"sweden"
"475",2010-08-01,1.1,10000,2.65,408894,0.5,1.76101840245717,50.9084675430486,970.812884946108,0.71,1.053,"sweden"
"476",2010-09-01,0.9,-3400,2.14,399804,0.75,1.35598689203812,46.1463799742202,3419.68509455373,0.685,1.0388,"sweden"
"477",2010-10-01,1.4,7700,2.43,347945,0.75,1.2,43.9,6776.64085588188,0.72,1.0002,"sweden"
"478",2010-11-01,1.5,5200,2.75,326124,1,1.40899476327613,45.5453039302123,10933.7043959896,0.73,0.9686,"sweden"
"479",2010-12-01,1.8,9500,2.84,326624,1,1.70227824150467,49.6971224880387,15782.899941936,0.745232555257881,0.9847,"sweden"
"480",2011-01-01,2.3,8500,3.27,321091,1.25,1.7,54.28,21216.2517207799,0.811957802698324,0.9689,"sweden"
"481",2011-02-01,2.5,3500,3.34,323550,1.25,1.15855809999387,57.5299463657318,27125.7839595806,0.967086456607043,0.9565,"sweden"
"482",2011-03-01,2.5,9700,3.32,323611,1.5,0.379344586387622,58.9288337773287,33403.5208853969,1.24752923126975,0.95,"sweden"
"483",2011-04-01,2.9,7700,3.34,322509,1.5,-0.2,58.27,39941.486725288,1.69019684097217,0.9185,"sweden"
"484",2011-05-01,3.3,2300,3.21,311446,1.75,-0.25063457065901,55.7689846809346,46631.7057063129,2.332,0.8972,"sweden"
"485",2011-06-01,3.3,4000,2.91,311735,1.75,0.121084153685579,53.3301349952392,53366.2020555305,3.20984942263897,0.874,"sweden"
"486",2011-07-01,3.1,6800,2.91,318327,1.75,0.7,53.28,60037,4.36065582317478,0.8401,"sweden"
"487",2011-08-01,3.3,6900,2.52,323385,2,1.25879499745699,56.8170778734927,66544.7181426989,5.82132991589316,0.8214,"sweden"
"488",2011-09-01,3.4,4300,2.11,324172,2,1.52150398405525,60.6276632787514,72824.3525902789,7.62878241507981,0.78,"sweden"
"489",2011-10-01,3.2,9100,1.73,341916,2,1.2,60.27,78819.4938253103,9.81992403502045,0.8767,"sweden"
"490",2011-11-01,2.9,5100,1.95,342805,2,0.174713840090328,53.093074195465,84473.7323303634,12.4316654900008,0.8958,"sweden"
"491",2011-12-01,2.8,3300,1.71,343434,2,-0.999692682499165,43.6088415193847,89730.6585880084,15.5009174943066,0.9079,"sweden"
"492",2012-01-01,2.3,1700,1.55,343694,1.75,-1.6,38.12,94533.8630808156,19.0645907622235,0.9334,"sweden"
"493",2012-02-01,1.9,9800,1.63,340012,1.75,-1.13913183929978,40.9395142335362,98826.9362913553,23.1595960080372,0.9376,"sweden"
"494",2012-03-01,1.9,3800,1.81,349392,1.5,-0.074585105910439,48.4214150881544,102553.468702198,27.8228439460335,0.9118,"sweden"
"495",2012-04-01,1.5,2600,1.9,339984,1.5,0.899999999999999,54.93,105657.050795913,33.0912452904981,0.9131,"sweden"
"496",2012-05-01,1.3,3100,1.8,341040,1.5,1.25588759118286,56.2903503518718,108081.273055072,39.0017107557167,0.9133,"sweden"
"497",2012-06-01,1,9600,1.29,344183,1.5,1.12395903206685,54.1706833131829,109769.725962244,45.5911510559749,0.9383,"sweden"
"498",2012-07-01,1,8500,1.61,352448,1.5,0.8,51.7,110666,52.8964769055586,0.9576,"sweden"
"499",2012-08-01,0.7,1400,1.39,354327,1.5,0.519285178272039,51.2894547293469,110732.101581295,60.9545990187535,0.9783,"sweden"
"500",2012-09-01,0.7,3200,1.42,355278,1.5,0.275045273939353,52.4788146220768,110003.700840627,69.8024281098451,0.9681,"sweden"
"501",2012-10-01,0.4,5300,1.48,341977,1.25,0,54.09,108534.883842877,79.4768748931194,0.9386,"sweden"
"502",2012-11-01,0.4,6200,1.53,343166,1.25,-0.32562089686361,55.3199788788886,106379.736652927,90.0148500828619,0.9323,"sweden"
"503",2012-12-01,-0.1,2200,1.49,342110,1.25,-0.531547535231665,56.8659100503617,103592.34533566,101.453264393358,0.9388,"sweden"
"504",2013-01-01,-0.1,-400,1.54,337799,1,-0.4,59.8,100226.795955958,113.829028538895,0.9213,"sweden"
"505",2013-02-01,0,4600,1.99,410049,1,0.17208729807129,64.5332223476911,96337.1745787021,127.179053233756,0.9234,"sweden"
"506",2013-03-01,-0.2,5200,1.9,433255,1,0.828922644765083,68.8316192505503,91977.5672687754,141.540249192229,0.9212,"sweden"
"507",2013-04-01,0,6000,1.71,428546,1,1.1,69.8,87202.0600910597,156.949527128599,0.9466,"sweden"
"508",2013-05-01,-0.5,8300,1.52,440648,1,0.685419852726599,65.7478724710877,82064.7391104371,173.443797757151,0.9366,"sweden"
"509",2013-06-01,-0.2,3300,1.92,438277,1,-0.0322911919768156,59.8035388733628,76619.6903917899,191.059971792171,0.9557,"sweden"
"510",2013-07-01,-0.1,3700,2.2,436516,1,-0.5,56.3,70921,209.834959947946,0.9331,"sweden"
"511",2013-08-01,0.1,3400,2.19,430552,1,-0.324877820088796,58.1715840642543,65028.5539900114,229.80567293876,0.9449,"sweden"
"512",2013-09-01,0.1,1400,2.45,440904,1,0.244686567586623,62.7579289597021,59025.4383770148,251.009021478899,0.9261,"sweden"
"513",2013-10-01,0.1,4500,2.44,424550,1,0.8,66,53000.5391662628,273.48191628265,0.9231,"sweden"
"514",2013-11-01,-0.1,2600,2.29,423442,1,1.0252025387397,65.0806060867098,47042.742363008,297.261268064297,0.9025,"sweden"
"515",2013-12-01,0.1,3000,2.24,420451,1,0.975767143852544,62.149930473014,41240.9339725029,322.383987538128,0.9129,"sweden"
"516",2014-01-01,0.1,500,2.52,417209,0.75,0.8,60.6,35684,348.886985418426,0.8933,"sweden"
"517",2014-02-01,-0.2,3800,2.22,424657,0.75,0.627771368833718,62.572658255573,30458.7173634567,376.807172419478,0.9038,"sweden"
"518",2014-03-01,-0.2,6000,2.23,418758,0.75,0.515207819966162,65.2090158149087,25643.4266316497,406.18145925557,0.8937,"sweden"
"519",2014-04-01,-0.6,2300,2.13,432342,0.75,0.5,64.4,21314.3592860604,437.046756640988,0.8805,"sweden"
"520",2014-05-01,0,2400,1.99,424068,0.75,0.593341615555063,57.6732053354425,17547.7468081704,469.439975290016,0.8828,"sweden"
"521",2014-06-01,-0.2,-1600,1.8,433122,0.75,0.700438613319844,49.1028951562403,14419.820679461,503.398025916942,0.8883,"sweden"
"522",2014-07-01,0.2,5400,1.72,439895,0.75,0.7,44.4,12006.8123814139,538.95781923605,0.8958,"sweden"
"523",2014-08-01,0,1300,1.58,441162,0.25,0.524788094871956,47.4752611433979,10384.9533955104,576.156265961626,0.8978,"sweden"
"524",2014-09-01,-0.2,-3700,1.26,440783,0.25,0.323778467495204,55.0386628193894,9630.4752032321,615.030276807956,0.9098,"sweden"
"525",2014-10-01,-0.4,900,1.35,456827,0.25,0.3,62,9819.60928606042,655.616762489326,0.937,"sweden"
"526",2014-11-01,-0.1,100,1.19,457541,0,0.577876375327483,64.7109352761513,11028.5871254769,697.952633720022,0.9528,"sweden"
"527",2014-12-01,-0.2,-700,1.02,456976,0,0.967410479662305,65.2906017143502,13333.6402029629,742.074801214328,0.9642,"sweden"
"528",2015-01-01,-0.3,-400,0.93,486369,0,1.2,67.3,16811,788.020175686532,0.9753,"sweden"
"529",2015-02-01,-0.2,2800,0.64,486371,0,1.09333603344774,72.8624792334785,21536.8979980697,835.825667850918,0.9443,"sweden"
"530",2015-03-01,0.1,3500,0.71,486285,-0.1,0.81028331755928,78.3507821750617,27587.5656786534,885.528188421772,0.9361,"sweden"
"531",2015-04-01,0.2,3800,0.42,513312,-0.25,0.6,78.7,35039.2345232326,937.16464811338,0.9798,"sweden"
"532",2015-05-01,-0.2,5700,0.39,513531,-0.25,0.645075787177842,70.6835922343791,43968.1360132889,990.771957640028,0.9595,"sweden"
"533",2015-06-01,0.1,1900,0.66,514222,-0.25,0.861826620470945,58.4284918076253,54450.5016303036,1046.387027716,0.9316,"sweden"
"534",2015-07-01,-0.4,6000,0.98,496476,-0.25,1.1,47.9,66562.5628557583,1104.04676905559,0.9321,"sweden"
"535",2015-08-01,-0.1,800,0.741,497032,-0.35,1.22265711413719,44.6957444215977,80380.5511711344,1163.78809237307,0.9547,"sweden"
"536",2015-09-01,-0.2,-2700,0.696,497503,-0.35,1.14611390426064,52.9426580018446,95980.6980579135,1225.64790838273,0.9685,"sweden"
"537",2015-10-01,0.1,3000,0.7179,499081,-0.35,0.8,76.4,113439.234997577,1289.66312779886,0.9725,"sweden"
"538",2015-11-01,0.1,-1600,0.633,499958,-0.35,0.113945030984887,118.827029675323,132832.393471606,1355.87066133575,0.9687,"sweden"
"539",2015-12-01,0.1,-4000,0.752,499984,-0.35,-0.982421373155066,183.983006287073,154236.404961483,1424.30741970767,1.0098,"sweden"
"540",2016-01-01,0.1,4700,0.9933,493210,-0.35,-2.55946958279023,275.62718909451,177727.500948689,1495.01031362893,0.9951,"sweden"
"541",2016-02-01,0.8,NA,0.6209,493738,-0.35,-4.68756996829097,397.518837356892,203381.912914705,1568.01625381379,1.0082,"sweden"
"542",2016-03-01,NA,NA,0.5369,NA,-0.5,-7.43709290002767,553.417210333479,231275.872341012,1643.36215097655,0.9918,"sweden"
