"","Date","Infl_f","BOT_f","Yield_f","FER_f","Int_f","PrimeRate_f","GDPG_f","CA_f","FDI_f","Country","Exchange"
"1",1971-02-01,NA,NA,NA,NA,NA,8,-3.25963722083785,310.861212932936,399.356210092395,"uk",0.690703135792237
"2",1971-03-01,NA,NA,NA,NA,NA,8,-1.98138575253267,247.218559247248,306.710385271526,"uk",0.694830461367426
"3",1971-04-01,NA,104,NA,NA,NA,8,-0.9,220,241,"uk",0.667512182097323
"4",1971-05-01,NA,NA,NA,NA,NA,7,-0.0117762595361333,221.316646302302,198.076906129669,"uk",0.658154534684744
"5",1971-06-01,NA,NA,NA,NA,NA,7,0.686989172562632,243.279609265265,173.792955512385,"uk",0.651763018966304
"6",1971-07-01,NA,183,NA,NA,NA,7,1.2,278,164,"uk",0.651975485721737
"7",1971-08-01,NA,NA,NA,NA,NA,7,1.52497689346557,316.966083323324,164.250423940263,"uk",0.641930928232122
"8",1971-09-01,NA,NA,NA,NA,NA,7,1.63570839159254,349.174738874876,168.898741664517,"uk",0.6426735218509
"9",1971-10-01,NA,304,NA,NA,5,6,1.5,363,172,"uk",0.642013353877761
"10",1971-11-01,NA,NA,NA,NA,5,6,1.11557238937755,349.930131515512,169.106583294462,"uk",0.646997929606625
"11",1971-12-01,NA,NA,NA,NA,5,6,0.599806890696831,313.910324124119,161.760225977695,"uk",0.668091929449492
"12",1972-01-01,NA,231,NA,NA,5,6,0.1,262,153,"uk",0.668538574675759
"13",1972-02-01,NA,NA,NA,NA,5,6,-0.235414599123916,203.350427651664,145.101020659665,"uk",0.65235827516472
"14",1972-03-01,NA,NA,NA,NA,5,6,-0.253454472898385,155.480260924944,137.282576646925,"uk",0.660414740457007
"15",1972-04-01,NA,78,NA,NA,5,6,0.2,138,128,"uk",0.639222705190488
"16",1972-05-01,NA,NA,NA,NA,5,6,1.15571563674774,159.075565285238,117.044889622433,"uk",0.634075201318876
"17",1972-06-01,NA,NA,NA,NA,5,6,2.15104803793374,181.094558102032,109.553911879051,"uk",0.622122682593007
"18",1972-07-01,NA,91,NA,NA,5,7,2.6,155,112,"uk",0.613873542050338
"19",1972-08-01,NA,NA,NA,NA,6,7,2.11995945954035,52.3843482444208,127.386087517269,"uk",0.598802395209581
"20",1972-09-01,NA,NA,NA,NA,6,7,1.141854913756,-72.5621970367763,144.835109170206,"uk",0.585960389077698
"21",1972-10-01,NA,-165,NA,NA,6,7,0.299999999999999,-145,150,"uk",0.591436006624083
"22",1972-11-01,NA,NA,NA,NA,6,8.5,0.112594673239009,-116.279624929588,133.855204752936,"uk",0.593753710960694
"23",1972-12-01,NA,NA,NA,NA,7.5,8.5,0.633384158894111,-42.5124366215937,108.661206995681,"uk",0.59708621925006
"24",1973-01-01,NA,-18,NA,NA,7.5,10,1.8,-6.00000000000003,92,"uk",0.601539942252166
"25",1973-02-01,NA,NA,NA,NA,9,9.75,3.42966184750362,-62.4139966742171,98.341241619137,"uk",0.603937673632081
"26",1973-03-01,NA,NA,NA,NA,8.75,9.75,4.85794178400089,-160.906574995367,129.705248032256,"uk",0.607164541590771
"27",1973-04-01,NA,-226,NA,NA,8.75,9.5,5.3,-224,185,"uk",0.61038881767686
"28",1973-05-01,NA,NA,NA,NA,8.5,9.25,4.25394312193171,-199.286610595766,258.150199140887,"uk",0.62111801242236
"29",1973-06-01,NA,NA,NA,NA,8.25,8.75,2.34966351991714,-134.639041174715,323.147430504926,"uk",0.621195179525407
"30",1973-07-01,NA,-263,NA,NA,7.75,8.5,0.5,-103,349,"uk",0.629524708844822
"31",1973-08-01,NA,NA,NA,NA,7.5,12.5,-0.571360261156391,-155.43956094272,316.613517372871,"uk",0.644953240890035
"32",1973-09-01,NA,NA,NA,NA,11.5,12.5,-0.897336604410207,-255.537260305772,254.482807725818,"uk",0.65880492786086
"33",1973-10-01,NA,-457,NA,NA,11.5,12.5,-0.7,-345,203,"uk",0.645452785128768
"34",1973-11-01,NA,NA,NA,NA,11.5,12.25,-0.235168743972814,-382.621812300021,197.358694330592,"uk",0.653722952212852
"35",1973-12-01,NA,NA,NA,NA,11.25,14,0.10634956439035,-395.545250935531,251.958375628839,"uk",0.653125204101626
"36",1974-01-01,NA,-720,NA,NA,13,14,-0.0999999999999999,-428,376,"uk",0.663129973474801
"37",1974-02-01,NA,NA,NA,NA,13,13.75,-1.06203883702643,-511.443560227567,561.470223823279,"uk",0.646245314721468
"38",1974-03-01,NA,NA,NA,NA,12.75,13.5,-2.12065424574378,-626.244698915066,731.498504573642,"uk",0.626370184779204
"39",1974-04-01,NA,-959,NA,NA,12.5,13.5,-2.4,-740,792,"uk",0.61938680706101
"40",1974-05-01,NA,NA,NA,NA,12.5,13,-1.33149072273629,-825.455798641562,685.019669635553,"uk",0.62625250501002
"41",1974-06-01,NA,NA,NA,NA,12,12.75,0.424415566732938,-875.957434885688,497.121680150667,"uk",0.621890547263682
"42",1974-07-01,NA,-1101,NA,NA,11.75,12.75,1.9,-890,351,"uk",0.6201165819174
"43",1974-08-01,NA,NA,NA,NA,11.75,12.75,2.35096469093456,-871.140652613593,334.339986523398,"uk",0.636051392952551
"44",1974-09-01,NA,NA,NA,NA,11.75,12.75,1.92669568251573,-843.184820801443,394.792552601467,"uk",0.6413134098634
"45",1974-10-01,NA,-938,NA,NA,11.75,12.5,0.999999999999999,-835,445,"uk",0.64283877603497
"46",1974-11-01,NA,NA,NA,NA,11.5,12.5,-0.0612569298908374,-862.500109422585,421.212976863447,"uk",0.627982918864607
"47",1974-12-01,NA,NA,NA,NA,11.5,12.5,-0.908976074573655,-889.78476339002,354.115516850874,"uk",0.625
"48",1975-01-01,NA,-951,NA,NA,11.5,12.5,-1.2,-868,298,"uk",0.631951466127401
"49",1975-02-01,NA,NA,NA,NA,11.5,12,-0.754085119519359,-764.377428214585,291.030328245036,"uk",0.632751202227284
"50",1975-03-01,NA,NA,NA,NA,11,11.5,-0.0426432360729685,-610.490940453291,306.85649110615,"uk",0.644163875289874
"51",1975-04-01,NA,-482,NA,NA,10.5,11,0.3,-454,303,"uk",0.641560274587798
"52",1975-05-01,NA,NA,NA,NA,10,10.75,-0.152032221661355,-338.582770311668,254.591636082335,"uk",0.632671137542705
"53",1975-06-01,NA,NA,NA,NA,9.75,11,-0.990821351504842,-291.992215537556,207.199259465268,"uk",0.634195839675292
"54",1975-07-01,NA,-252,NA,NA,10,11,-1.6,-338,224,"uk",0.634075201318876
"55",1975-08-01,NA,NA,NA,NA,10,12,-1.52297117902041,-479.58778683504,342.047571870067,"uk",0.611396429444852
"56",1975-09-01,NA,NA,NA,NA,11,12,-0.942219506055812,-636.577234433523,493.902026588335,"uk",0.618888476296571
"57",1975-10-01,NA,-624,NA,NA,11,12,-0.2,-708,586,"uk",0.616560823725261
"58",1975-11-01,NA,NA,NA,NA,11,13,0.429102122928171,-622.36237864447,555.884743104062,"uk",0.612294881214793
"59",1975-12-01,NA,NA,NA,NA,12,12.75,0.94118085720957,-426.069217098724,465.525967514726,"uk",0.610537883875695
"60",1976-01-01,NA,-179,NA,NA,11.5,12.25,1.4,-195,408,"uk",0.6188501763723
"61",1976-02-01,NA,NA,NA,NA,11.25,11.5,1.81767379841884,2.07433844995771,446.413455713684,"uk",0.620193500372116
"62",1976-03-01,NA,NA,NA,NA,10,10.5,1.99971829943975,124.817065791382,523.99410335276,"uk",0.633633253073121
"63",1976-04-01,NA,146,NA,NA,9.25,10,1.7,140,554,"uk",0.641231163834562
"64",1976-05-01,NA,NA,NA,NA,9,11.5,0.807610090803893,32.0279878076024,478.239211818978,"uk",0.626527159952384
"65",1976-06-01,NA,NA,NA,NA,10.5,12.5,-0.247461462375989,-144.162009029767,352.719841296458,"uk",0.63023886052814
"66",1976-07-01,NA,-396,NA,NA,11.5,12.5,-0.9,-316,262,"uk",0.641395676993137
"67",1976-08-01,NA,NA,NA,NA,11.5,12.5,-0.744410457930703,-425.223326717404,266.29636367707,"uk",0.638528829576655
"68",1976-09-01,NA,NA,NA,NA,11.5,12.5,-0.013576153639499,-470.798659301944,328.459864794744,"uk",0.653423941453215
"69",1976-10-01,NA,-475,NA,NA,11.5,14,0.9,-466,387,"uk",0.677139761646804
"70",1976-11-01,NA,NA,NA,NA,13,16,1.6515132224004,-425.875421678726,399.982740880149,"uk",0.681709727997818
"71",1976-12-01,NA,NA,NA,NA,15,15.75,2.08695126211917,-372.569279688381,403.699958783826,"uk",0.652230628750326
"72",1977-01-01,NA,-333,NA,NA,14.75,15.25,2.1,-330,454,"uk",0.664098817904104
"73",1977-02-01,NA,NA,NA,NA,14.25,13.25,1.64576497573651,-317.349060641765,584.180080209742,"uk",0.640286848508132
"74",1977-03-01,NA,NA,NA,NA,12.25,13,0.925030364422073,-334.850147870456,737.332892662544,"uk",0.618888476296571
"75",1977-04-01,NA,-89,NA,NA,12,10.5,0.2,-378,834,"uk",0.616294835449279
"76",1977-05-01,NA,NA,NA,NA,9.5,9.75,-0.308647199420514,-434.172780198658,819.296938280883,"uk",0.60244593047774
"77",1977-06-01,NA,NA,NA,NA,8.25,9,-0.546331979066725,-458.252351052018,736.635137232666,"uk",0.616827041697508
"78",1977-07-01,NA,39,NA,NA,8,9,-0.5,-397,654,"uk",0.612632481774184
"79",1977-08-01,NA,NA,NA,NA,8,9,-0.181546548424823,-219.589448193233,620.780314814875,"uk",0.604887490926688
"80",1977-09-01,NA,NA,NA,NA,8,8,0.297334588881863,15.1558483748228,611.978410258644,"uk",0.610575161802418
"81",1977-10-01,NA,777,NA,NA,7,7,0.8,226,584,"uk",0.610910868104344
"82",1977-11-01,NA,NA,NA,NA,6,6,1.20150005978647,345.049091490109,512.878098755913,"uk",0.648592554157478
"83",1977-12-01,NA,NA,NA,NA,5,8,1.42366029020594,357.777105700875,453.154925436461,"uk",0.679717237629146
"84",1978-01-01,NA,706,NA,NA,7,8,1.4,263,479,"uk",0.705716302046577
"85",1978-02-01,NA,NA,NA,NA,7,7.5,1.11258334631596,80.2449340846488,629.670253124437,"uk",0.693385106087921
"86",1978-03-01,NA,NA,NA,NA,6.5,7.5,0.737653879924003,-88.1161230301733,804.772258365883,"uk",0.691467293597013
"87",1978-04-01,NA,448,NA,NA,6.5,7.5,0.5,-119,869,"uk",0.673219334859297
"88",1978-05-01,NA,NA,NA,NA,6.5,8.5,0.555573962357076,59.3415425416662,732.292740598192,"uk",0.652443400535004
"89",1978-06-01,NA,NA,NA,NA,7.5,10,0.784983449357306,313.317016049448,485.570855914823,"uk",0.593049460324991
"90",1978-07-01,NA,809,NA,NA,9,11,1,458,265,"uk",0.556390140766706
"91",1978-08-01,NA,NA,NA,NA,10,11,1.06512080425573,371.46296982276,176.566191890203,"uk",0.530082162735224
"92",1978-09-01,NA,NA,NA,NA,10,11,1.05574565598011,183.773984758307,205.536910567416,"uk",0.502815768302494
"93",1978-10-01,NA,597,NA,NA,10,11,1.1,87.9999999999998,307,"uk",0.508543531326281
"94",1978-11-01,NA,NA,NA,NA,10,11,1.25060948728667,207.251022611736,433.405454803959,"uk",0.508905852417303
"95",1978-12-01,NA,NA,NA,NA,10,13.5,1.25870059338893,384.809267139547,526.651872185881,"uk",0.504642712959225
"96",1979-01-01,NA,827,NA,NA,12.5,13.5,0.8,394,526,"uk",0.499625281039221
"97",1979-02-01,NA,NA,NA,NA,12.5,13.5,-0.234225420069069,89.4218286191836,405.404581486554,"uk",0.509009467576097
"98",1979-03-01,NA,NA,NA,NA,12.5,15,-1.09054802953583,-349.233275538719,277.5963414298,"uk",0.507562683991473
"99",1979-04-01,NA,-406,NA,NA,13,14,-0.8,-661,290,"uk",0.496007142502852
"100",1979-05-01,NA,NA,NA,NA,13,13,1.14925515595257,-655.5679667181,533.865108138715,"uk",0.483068450799478
"101",1979-06-01,NA,NA,NA,NA,12,13,3.44052856179144,-425.246535355044,875.740539872698,"uk",0.489021468042447
"102",1979-07-01,NA,543,NA,NA,12,15,4.3,-133,1126,"uk",0.495441934205311
"103",1979-08-01,NA,NA,NA,NA,14,15,2.58905664811063,82.7018901050694,1146.80165262525,"uk",0.497265042267529
"104",1979-09-01,NA,NA,NA,NA,14,15,-0.290084736148441,181.367565107041,1007.44149907941,"uk",0.491279783836895
"105",1979-10-01,NA,631,NA,NA,14,15,-2.3,147,829,"uk",0.503347259274173
"106",1979-11-01,NA,NA,NA,NA,14,15,-2.00177804469138,-15.6840381466218,714.854207286203,"uk",0.503981453482512
"107",1979-12-01,NA,NA,NA,NA,14,18,-0.350559987568046,-219.112613962009,697.567537883747,"uk",0.503043412646511
"108",1980-01-01,NA,479,NA,NA,17,18,1.1,-355,792,"uk",0.513505186402383
"109",1980-02-01,NA,NA,14.11,NA,17,18,1.18101849361786,-352.076848629693,991.22596267438,"uk",0.510490581448772
"110",1980-03-01,NA,NA,14.26,NA,17,18,0.262695056790997,-287.139331481227,1201.17723827449,"uk",0.510542706897432
"111",1980-04-01,NA,654,14.11,NA,17,18,-0.9,-274,1306,"uk",0.50945030312293
"112",1980-05-01,NA,NA,13.22,NA,17,18,-1.6815551890393,-379.638196964235,1228.05675683109,"uk",0.522875816993464
"113",1980-06-01,NA,NA,12.99,NA,17,18,-1.97429431367002,-483.700430483452,1042.57536087013,"uk",0.532907007727152
"114",1980-07-01,NA,790,13.37,NA,17,18,-1.8,-419,863,"uk",0.530813737459525
"115",1980-08-01,NA,NA,12.8,NA,17,17,-1.23627921894214,-77.9259190689241,782.361824816063,"uk",0.527955229396547
"116",1980-09-01,NA,NA,13.77,NA,16,17,-0.58403632062945,408.829942303926,812.039836763512,"uk",0.542211137016754
"117",1980-10-01,NA,1968,13.01,NA,16,17,-0.2,851,943,"uk",0.5424464334147
"118",1980-11-01,NA,NA,12.76,NA,16,17,-0.325179787044006,1116.63816953623,1143.97742538614,"uk",0.535131374752502
"119",1980-12-01,NA,NA,12.74,NA,16,15,-0.73770855196033,1307.08436497145,1294.78381059434,"uk",0.565610859728507
"120",1981-01-01,NA,2331,14.2,NA,14,15,-1.1,1582,1253,"uk",0.57332874670336
"121",1981-02-01,NA,NA,13.87,NA,14,15,-1.15559422547443,2035.92879647957,943.987732898656,"uk",0.5720823798627
"122",1981-03-01,NA,NA,13.49,NA,14,15,-0.972536878936635,2502.94370892137,564.232328266527,"uk",0.565418975460816
"123",1981-04-01,NA,2946,13.15,NA,14,13,-0.7,2752,378,"uk",0.572803299347004
"124",1981-05-01,NA,NA,13.26,NA,12,13,-0.448739607354554,2612.64664454549,559.219791167391,"uk",0.576402098103637
"125",1981-06-01,NA,NA,13.44,NA,12,13,-0.175847635996833,2156.80746600972,920.472061524735,"uk",0.566540139368874
"126",1981-07-01,NA,2340,14.95,NA,12,13,0.2,1517,1184,"uk",0.553587245349867
"127",1981-08-01,NA,NA,15.21,NA,12,13,0.706108210448206,829.929069782897,1148.05902835771,"uk",0.557289344627731
"128",1981-09-01,NA,NA,15.14,NA,12,13.69,1.15370520070175,249.048649261965,914.953499708607,"uk",0.571200091392015
"129",1981-10-01,NA,1180,15.93,NA,12,15,1.3,-68,663,"uk",0.550145788633988
"130",1981-11-01,NA,NA,15.8,NA,14,16.13,0.994677135932099,-18.9555162696767,538.544095401777,"uk",0.538822134813298
"131",1981-12-01,NA,NA,15.19,NA,15,15.56,0.457323129486149,276.923862868345,560.04727297417,"uk",0.5273983439692
"132",1982-01-01,NA,1548,15.66,NA,15,15.38,0,645,714,"uk",0.52512734338077
"133",1982-02-01,NA,NA,14.53,NA,14.5,14.88,-0.13296490232475,930.374476777291,969.20903447963,"uk",0.529913624079275
"134",1982-03-01,NA,NA,14.53,NA,14,14.63,0.0318170961684752,1057.10775111651,1223.7462972836,"uk",0.531999787200085
"135",1982-04-01,NA,1518,13.46,NA,13.5,14.25,0.4,969,1358,"uk",0.518510836876491
"136",1982-05-01,NA,NA,13.61,NA,13,14.13,0.859404695589125,649.716868419772,1290.65680371674,"uk",0.537432149191165
"137",1982-06-01,NA,NA,13.17,NA,13,14.13,1.22651959695106,242.385873406374,1093.59716752105,"uk",0.553189135365381
"138",1982-07-01,NA,1091,12.97,NA,13,13.63,1.3,-70,877,"uk",0.557506829458661
"139",1982-08-01,NA,NA,13.28,NA,12.5,12.63,0.962012786634917,-147.908617123044,725.793380283042,"uk",0.54935999560512
"140",1982-09-01,NA,NA,11.9,NA,11.5,11.63,0.428771182693944,-25.6512447420013,623.902069669227,"uk",0.542358173337672
"141",1982-10-01,NA,1490,11.47,NA,10.5,11.13,0,219,530,"uk",0.547075879424476
"142",1982-11-01,NA,NA,10.67,NA,10.5,10.63,-0.092641027313977,515.880563035369,417.058564039981,"uk",0.559910414333707
"143",1982-12-01,NA,NA,11.43,NA,9.5,11,0.110247524125016,825.256142598668,315.238998246485,"uk",0.554600410404304
"144",1983-01-01,NA,2041,11,NA,10.25,11,0.5,1115,269,"uk",0.547615136082361
"145",1983-02-01,NA,NA,11.57,NA,10.25,12,0.960403174472843,1336.86784646305,312.75014133481,"uk",0.535532587157929
"146",1983-03-01,NA,NA,11.98,NA,11,12,1.34505353562081,1378.14519286585,440.697492900388,"uk",0.547795124623391
"147",1983-04-01,NA,1145,11.06,NA,11,11.56,1.5,1110,637,"uk",0.570906599680292
"148",1983-05-01,NA,NA,10.74,NA,10.5,11.06,1.33621351460779,491.018421482799,881.274203954111,"uk",0.591821033319524
"149",1983-06-01,NA,NA,10.47,NA,10,11.06,1.02435314820657,-170.540617765759,1134.97103015196,"uk",0.595521676989042
"150",1983-07-01,NA,649,11.38,NA,10,10.56,0.8,-479,1355,"uk",0.619003404518725
"151",1983-08-01,NA,NA,11.85,NA,9.5,10.56,0.831779804133038,-184.719310172025,1491.30119099689,"uk",0.627391931739758
"152",1983-09-01,NA,NA,11.61,NA,9.5,10.56,1.02049683451587,377.795055974966,1465.93690501027,"uk",0.61648480364959
"153",1983-10-01,NA,1193,10.83,NA,9.5,10.56,1.2,728,1194,"uk",0.602083207899332
"154",1983-11-01,NA,NA,11.34,NA,9.5,10.06,1.24777837997117,540.895856242339,670.483995021274,"uk",0.616370808678501
"155",1983-12-01,NA,NA,10.96,NA,9,10.06,1.21588173595216,113.656690162191,209.985053510645,"uk",0.635364381472775
"156",1984-01-01,NA,801,10.93,NA,9,10.06,1.2,-101,207,"uk",0.631911532385466
"157",1984-02-01,NA,NA,10.84,NA,9,10.06,1.25118075005635,193.728477795262,848.873940029121,"uk",0.621929224454257
"158",1984-03-01,NA,NA,10.43,NA,9,10.06,1.24190214760141,670.985590783678,1494.34510316937,"uk",0.618238021638331
"159",1984-04-01,NA,1022,11.08,NA,9,9.56,1,848,1295,"uk",0.630397780999811
"160",1984-05-01,NA,NA,11.31,NA,8.75,9.56,0.436387508692319,394.893936280316,-230.535310693314,"uk",0.636496722041881
"161",1984-06-01,NA,NA,12.02,NA,8.75,10.06,-0.20571254858001,-406.63609033394,-2095.47657729923,"uk",0.642054574638844
"162",1984-07-01,NA,-31,11.75,NA,9.25,9.88,-0.6,-1122,-2946,"uk",0.642549636959455
"163",1984-08-01,NA,NA,13.03,NA,9.25,13,-0.511545599640441,-1411.19311180542,-1895.95491947809,"uk",0.650702758979698
"164",1984-09-01,NA,NA,11.72,NA,12,11.5,-0.07090380513322,-1312.55234055903,70.1167615831182,"uk",0.64246707356248
"165",1984-10-01,NA,9,11.26,NA,10.5,11.5,0.5,-959,1500,"uk",0.673990698928355
"166",1984-11-01,NA,NA,11.01,NA,10.5,11.5,1.00609118616574,-496.899266836428,1382.94758119825,"uk",0.6850253459378
"167",1984-12-01,NA,NA,10.39,NA,10.5,10.5,1.35969813948326,-126.376769652165,474.083605040833,"uk",0.693048721325109
"168",1985-01-01,NA,-308,11.6,NA,9.75,10.5,1.5,-61.0000000000002,-29.9999999999993,"uk",0.702740688685875
"169",1985-02-01,NA,NA,11.76,NA,9.75,14.88,1.4094030771997,-412.987598626648,692.90533542581,"uk",0.702888873269136
"170",1985-03-01,NA,NA,11.59,NA,14,14.88,1.24322235831129,-889.162803054532,1967.47474417948,"uk",0.698226504678118
"171",1985-04-01,NA,-138,11.14,NA,14,13.88,1.2,-1095,2744,"uk",0.693818080899188
"172",1985-05-01,NA,NA,10.89,NA,13.5,13.38,1.3970372457762,-764.076264582905,2293.87552154295,"uk",0.696572861521315
"173",1985-06-01,NA,NA,10.68,NA,12.75,13.38,1.62667168653084,-142.379425537114,1172.90630713015,"uk",0.689607613268051
"174",1985-07-01,NA,1968,11.33,NA,12.75,13.38,1.6,396,258,"uk",0.683153436261784
"175",1985-08-01,NA,NA,10.73,NA,11.5,12.38,1.13578127302884,567.292656958266,185.999985809794,"uk",0.695797383801837
"176",1985-09-01,NA,NA,10.51,NA,11.5,12.38,0.4834242288987,449.01383853632,633.492619892501,"uk",0.706813683912921
"177",1985-10-01,NA,1724,10.27,NA,11.5,12.38,4.44089209850063e-16,209,1037,"uk",0.713266761768902
"178",1985-11-01,NA,NA,10.19,NA,11.5,12.38,-0.0475697452989502,-4.05732621312336,985.865275958614,"uk",0.701016473887136
"179",1985-12-01,NA,NA,10.14,NA,11.5,12.38,0.247038805281774,-118.046298978539,680.715805892435,"uk",0.696961248954558
"180",1986-01-01,NA,1529,10.78,NA,11.5,12.38,0.7,-79.9999999999999,475,"uk",0.692281066112842
"181",1986-02-01,NA,NA,11.03,NA,11.5,13.38,1.14709030075956,122.010721968301,622.909280726121,"uk",0.688468158347676
"182",1986-03-01,NA,NA,10.58,NA,12.5,13.38,1.50249462404828,335.763949970427,981.607119500722,"uk",0.676818950930626
"183",1986-04-01,NA,675,9.28,NA,12.5,12.38,1.7,368,1309,"uk",0.683573723426071
"184",1986-05-01,NA,NA,8.94,NA,11.5,11.38,1.69254187559405,85.0144383399179,1427.12723076653,"uk",0.701360639640903
"185",1986-06-01,NA,NA,9.31,NA,10.5,10.88,1.50964936519178,-408.676167569834,1414.55941980838,"uk",0.68936991589687
"186",1986-07-01,NA,-281,9.49,NA,10,10.88,1.2,-949,1414,"uk",0.697544642857143
"187",1986-08-01,NA,NA,9.74,NA,10,10.88,0.834594048716078,-1395.58699384649,1523.50772213368,"uk",0.671636778830009
"188",1986-09-01,NA,NA,9.61,NA,10,10.88,0.573722729999431,-1702.8740945059,1662.56260867316,"uk",0.663305916688777
"189",1986-10-01,NA,-1016,11.16,NA,10,10.88,0.6,-1849,1706,"uk",0.66260270341903
"190",1986-11-01,NA,NA,11.16,NA,10,11.88,1.00611896657867,-1815.14794443543,1580.87891773577,"uk",0.662690523525514
"191",1986-12-01,NA,NA,11.38,NA,11,11.88,1.52508934444013,-1594.6793062584,1423.15310846196,"uk",0.631991404916893
"192",1987-01-01,NA,-813,10.74,NA,11,11.88,1.8,-1184,1421,"uk",0.632951452623584
"193",1987-02-01,NA,NA,10.4,NA,11,11.88,1.58907823311738,-625.413821004373,1680.19882914544,"uk",0.625
"194",1987-03-01,NA,NA,9.88,NA,11,11.88,1.11110507742524,-144.816087867895,1976.93606859013,"uk",0.60960741282614
"195",1987-04-01,NA,443,9.31,NA,11,10.88,0.7,-14,2005,"uk",0.619885940986858
"196",1987-05-01,NA,NA,9.03,NA,10,10.38,0.619049582433272,-400.048623398929,1583.6590990158,"uk",0.617093489663684
"197",1987-06-01,NA,NA,8.97,NA,9.5,9.88,0.849008864377421,-1051.20449041817,1034.10261717753,"uk",0.603427468018344
"198",1987-07-01,NA,-655,9.19,NA,9,9.88,1.3,-1611,803,"uk",0.615498245829999
"199",1987-08-01,NA,NA,9.81,NA,9,9.88,1.85694565937175,-1826.65094465917,1198.97958960618,"uk",0.622742558226429
"200",1987-09-01,NA,NA,10.28,NA,9,10.88,2.30397057617618,-1860.10669120018,1978.50531455162,"uk",0.634880325058726
"201",1987-10-01,NA,-903,10.22,NA,10,10.88,2.4,-1977,2760,"uk",0.626959247648903
"202",1987-11-01,NA,NA,9.37,NA,10,10.38,2.01242703933898,-2365.71796833476,3262.86698700392,"uk",0.619041723412158
"203",1987-12-01,NA,NA,9.6,NA,9.5,9.88,1.44251623832525,-2905.66504107739,3610.43168017156,"uk",0.62154266890422
"204",1988-01-01,NA,-1979,9.68,NA,9,9.38,1.1,-3399,4027,"uk",0.616788996484303
"205",1988-02-01,NA,NA,9.48,NA,8.5,9.38,1.25630914623529,-3696.40310792771,4628.62653645221,"uk",0.614401572868027
"206",1988-03-01,NA,NA,9.39,NA,8.5,9.88,1.62966817422653,-3842.64055189766,5098.36055735473,"uk",0.606134076857801
"207",1988-04-01,NA,-2653,9.22,NA,9,9.38,1.8,-3931,5011,"uk",0.598515681110845
"208",1988-05-01,NA,NA,9.44,NA,8.5,8.88,1.4845585979421,-4027.63256291738,4113.5898301502,"uk",0.602010715790741
"209",1988-06-01,NA,NA,9.72,NA,8,8.38,0.949922175879751,-4090.14312170236,2842.16312744654,"uk",0.590179414542021
"210",1988-07-01,NA,-3222,10.13,NA,7.5,9.88,0.6,-4049,1805,"uk",0.594424300065387
"211",1988-08-01,NA,NA,10.12,NA,9.5,11.38,0.716567573107423,-3892.65923299538,1461.16229109514,"uk",0.611920205605189
"212",1988-09-01,NA,NA,10.44,NA,10.5,12.88,1.09286534447669,-3841.52770203366,1672.83878471094,"uk",0.608383524974144
"213",1988-10-01,NA,-4028,10.18,NA,12,12.88,1.4,-4174,2153,"uk",0.605913717886573
"214",1988-11-01,NA,NA,9.88,NA,12,12.88,1.38991185036895,-5036.28606065666,2664.68693139517,"uk",0.610426077402027
"215",1988-12-01,NA,NA,10.37,NA,12,13.88,1.13787570547274,-6045.85718127413,3171.22247445042,"uk",0.597978831549363
"216",1989-01-01,NA,-5262,10.31,NA,13,13.88,0.8,-6688,3686,"uk",0.601720921836452
"217",1989-02-01,4.9,NA,9.56,NA,13,13.88,0.512673914305673,-6610.67800585948,4224.23813147233,"uk",0.60945880058508
"218",1989-03-01,5,NA,9.83,NA,13,13.88,0.333409611410109,-6112.56209138834,4808.45650267256,"uk",0.611620795107034
"219",1989-04-01,5,-5079,9.92,NA,13,13.88,0.3,-5655,5463,"uk",0.602518527444719
"220",1989-05-01,5.3,NA,9.95,NA,13,13.88,0.422355455371324,-5593.9648788684,6144.47165382661,"uk",0.592101367754159
"221",1989-06-01,5.3,NA,10.3,NA,13,14.75,0.598856219257192,-5863.93149020955,6538.5070704149,"uk",0.612369871402327
"222",1989-07-01,5.2,-5103,10.27,NA,14,14.75,0.7,-6294,6263,"uk",0.624492599762693
"223",1989-08-01,5.2,NA,9.74,NA,14,14.75,0.634941301246069,-6715.35136755583,5124.50488285085,"uk",0.62363579669473
"224",1989-09-01,5,NA,10.1,NA,14,14.84,0.46746180785742,-6967.48972555124,3684.21891937155,"uk",0.599017611117767
"225",1989-10-01,5.2,-5269,10.58,NA,14,14.75,0.3,-6892,2692,"uk",0.607939692382516
"226",1989-11-01,5.5,NA,10.52,NA,14,15.88,0.219360821125881,-6414.66668794534,2709.10140736259,"uk",0.61267001592942
"227",1989-12-01,5.5,NA,10.56,NA,15,15.88,0.249815067831645,-5798.07257054845,3542.35799283966,"uk",0.613760510648745
"228",1990-01-01,5.5,-3407,10.26,NA,15,15.88,0.4,-5389,4810,"uk",0.621272365805169
"229",1990-02-01,5.7,NA,10.96,NA,15,15.88,0.66168948832448,-5437.27817695912,6118.23763584692,"uk",0.615157480314961
"230",1990-03-01,5.9,NA,11.42,NA,15,15.88,0.959203846741924,-5804.92369595868,7025.20096112168,"uk",0.602954476936991
"231",1990-04-01,6,-4114,12.11,NA,15,15.88,1.2,-6257,7077,"uk",0.600997656109141
"232",1990-05-01,6.4,NA,12.84,NA,15,15.88,1.29684418853916,-6575.25764125522,6063.76286406453,"uk",0.601576129459183
"233",1990-06-01,6.8,NA,11.85,NA,15,15.88,1.18373991557103,-6608.1956085798,4751.69001452549,"uk",0.630397780999811
"234",1990-07-01,6.9,-3792,11.37,NA,15,15.88,0.8,-6221,4151,"uk",0.6413134098634
"235",1990-08-01,6.8,NA,11.46,NA,15,15.88,0.143526350111463,-5369.06162839036,4890.04424122828,"uk",0.645202916317182
"236",1990-09-01,7.7,NA,11.8,NA,15,15.88,-0.553422768285293,-4368.59016601843,6069.70564744302,"uk",0.643915003219575
"237",1990-10-01,8.1,-2368,11.86,NA,15,15.88,-1,-3626,6409,"uk",0.648676699532953
"238",1990-11-01,8.1,NA,11.41,NA,15,14.88,-1.00057921861464,-3425.90325259074,5068.43054139271,"uk",0.659978880675818
"239",1990-12-01,7.8,NA,10.86,NA,14,14.88,-0.740419212800224,-3565.70298660575,2974.4503586654,"uk",0.659630606860158
"240",1991-01-01,7.6,-1790,10.95,NA,14,14.88,-0.5,-3721,1495,"uk",0.654835963591121
"241",1991-02-01,7.1,NA,10.25,NA,14,14.88,-0.485653920097336,-3633.14017606149,1595.49285246014,"uk",0.651041666666667
"242",1991-03-01,7,NA,10.18,NA,14,13.88,-0.607122602736033,-3306.44973941042,2631.23365863614,"uk",0.65410779696494
"243",1991-04-01,6.9,-1537,10.14,NA,13,13.38,-0.7,-2811,3555,"uk",0.649139889646219
"244",1991-05-01,8.5,NA,10.24,NA,12.5,12.88,-0.6456939898849,-2237.0545616818,3586.33878950747,"uk",0.64
"245",1991-06-01,8.2,NA,10.4,NA,12,12.38,-0.50886815403342,-1755.64620390072,3011.8742660493,"uk",0.633753723303124
"246",1991-07-01,8.4,-641,10.52,NA,11.5,12.38,-0.4,-1558,2385,"uk",0.64143681847338
"247",1991-08-01,8.3,NA,10.15,NA,11.5,11.88,-0.394533083326025,-1753.30824387796,2119.70754506555,"uk",0.638243553740107
"248",1991-09-01,7.7,NA,9.93,NA,11,11.88,-0.427775151500657,-2122.63211165335,2072.38038827778,"uk",0.626880641925777
"249",1991-10-01,7.1,-745,9.59,NA,11,11.38,-0.4,-2365,1960,"uk",0.627037873087534
"250",1991-11-01,6.8,NA,9.68,NA,10.5,11.38,-0.242840343477665,-2267.9717220656,1606.75695615627,"uk",0.62996094242157
"251",1991-12-01,7.1,NA,9.85,NA,10.5,11.38,-0.013364573297285,-1973.23275689327,1265.67825491366,"uk",0.62216138866422
"252",1992-01-01,7.2,-988,9.73,NA,10.5,11.38,0.2,-1711,1297,"uk",0.624921884764404
"253",1992-02-01,7,-376,9.44,NA,10.5,11.38,0.325153716495944,-1659.3604234152,1902.00537105012,"uk",0.636132315521629
"254",1992-03-01,6.9,-288,9.28,NA,10.5,11.38,0.355307518763872,-1787.88130521801,2646.16585132684,"uk",0.635081925568398
"255",1992-04-01,7.1,-105,9.88,NA,10.5,11.38,0.3,-2014,2936,"uk",0.641560274587798
"256",1992-05-01,4.7,-571,9.18,NA,10.5,11.38,0.182966218234629,-2265.17917686619,2393.92526334697,"uk",0.629247420085578
"257",1992-06-01,4.3,-309,8.95,NA,10.5,10.88,0.0847270908343913,-2508.98276297543,1505.95463607527,"uk",0.622509960159363
"258",1992-07-01,3.8,-589,9.18,NA,10,10.88,0.1,-2723,974.000000000001,"uk",0.638528829576655
"259",1992-08-01,3.6,-885,9.31,NA,10,10.88,0.287425855009983,-2887.10805430522,1289.21950148794,"uk",0.64842432888082
"260",1992-09-01,3.2,-930,9.65,NA,10,10.88,0.561339673454119,-2990.33579102843,2099.7563451128,"uk",0.646537790133833
"261",1992-10-01,3,-575,8.98,NA,10,9.88,0.8,-3024,2843,"uk",0.655222120298781
"262",1992-11-01,2.9,-632,8.17,NA,9,8.88,0.911774806169884,-2980.3515688759,3090.41895292348,"uk",0.664805212072863
"263",1992-12-01,2.6,-532,8.58,NA,8,7.88,0.925469770904689,-2855.37777661455,2949.79776125129,"uk",0.67462726843419
"264",1993-01-01,2.6,-905,8.26,NA,7,7.88,0.9,-2646,2663,"uk",0.670286212212615
"265",1993-02-01,2.2,-416,8.09,NA,7,6.88,0.880289735125297,-2373.67085537637,2438.80839052185,"uk",0.676041103299081
"266",1993-03-01,2.4,-495,7.79,NA,6,6.88,0.855299761445643,-2157.96791732817,2353.68223951168,"uk",0.670106546940964
"267",1993-04-01,2.5,-293,7.72,NA,6,6.88,0.8,-2143,2451,"uk",0.670555890833501
"268",1993-05-01,2.5,-733,8.11,NA,6,6.88,0.704103290365966,-2407.37241702602,2763.79192943358,"uk",0.675310642895732
"269",1993-06-01,2.5,-521,8.11,NA,6,6.88,0.6162941462757,-2767.67647999868,3283.69550292422,"uk",0.665646009452173
"270",1993-07-01,2.4,-498,7.65,NA,6,6.88,0.6,-2975,3992,"uk",0.655823714585519
"271",1993-08-01,2.6,-741,7.31,NA,6,6.88,0.692185992299727,-2858.32095800103,4784.32018804015,"uk",0.670510929328148
"272",1993-09-01,2.9,-43,6.8,NA,6,6.88,0.823968097895999,-2558.17801452896,5213.57278582848,"uk",0.668672684720829
"273",1993-10-01,3,-412,6.89,NA,6,6.88,0.9,-2293,4747,"uk",0.663042036865137
"274",1993-11-01,2.6,-201,6.85,NA,6,6.88,0.86048607376846,-2211.52893615504,3115.11250359103,"uk",0.646120049105124
"275",1993-12-01,2.3,-283,6.64,NA,6,6.38,0.787833462140303,-2183.75961003363,1101.49483524332,"uk",0.64737489480158
"276",1994-01-01,2.4,-256,6.1,NA,5.5,6.38,0.8,-2010,-247,"uk",0.684134911404529
"277",1994-02-01,2.7,31,6.22,NA,5.5,6.38,0.97327712003384,-1574.41514923067,-191.54798018203,"uk",0.69468565474123
"278",1994-03-01,2.5,-356,6.9,NA,5.5,6.13,1.21729064613538,-1096.59836015133,774.558984309337,"uk",0.65252854812398
"279",1994-04-01,2.2,-420,7.51,NA,5.25,6.13,1.4,-880,1850,"uk",0.644745325596389
"280",1994-05-01,2,-287,7.85,NA,5.25,6.13,1.42788692757766,-1109.92157803341,2425.44978750746,"uk",0.654964631909877
"281",1994-06-01,2,-771,8.66,NA,5.25,6.13,1.36152247183669,-1499.06917158326,2659.56552381563,"uk",0.604997277512251
"282",1994-07-01,2,-179,8.64,NA,5.25,6.13,1.3,-1642,2903,"uk",0.541565123206066
"283",1994-08-01,1.7,-511,8.67,NA,5.25,6.13,1.31147146595181,-1271.4911312283,3355.85994126329,"uk",0.514562107646393
"284",1994-09-01,1.9,225,8.49,NA,5.25,6.13,1.34032317022157,-673.199027589705,3616.06780931704,"uk",0.521457996558377
"285",1994-10-01,1.5,-130,8.81,NA,5.25,6.63,1.3,-271,3131,"uk",0.539054498409789
"286",1994-11-01,1.5,73,8.73,NA,5.75,6.63,1.13363461602249,-342.66945260896,1627.18452151345,"uk",0.552638850511191
"287",1994-12-01,1.8,15,8.46,NA,5.75,6.63,0.903110773202973,-581.579162502366,-52.2441684911992,"uk",0.569281566662871
"288",1995-01-01,2,-655,8.71,NA,5.75,7.13,0.7,-535,-784.999999999999,"uk",0.580113702285648
"289",1995-02-01,2.4,590,8.54,NA,6.25,7.13,0.591027106995249,63.7244972196942,152.253824534764,"uk",0.562492968837889
"290",1995-03-01,2.4,704,8.62,NA,6.25,7.63,0.543530033262839,736.960122043616,1887.0570127959,"uk",0.552791597567717
"291",1995-04-01,2.6,787,8.5,NA,6.75,7.63,0.5,821,3148,"uk",0.547285464098074
"292",1995-05-01,2.3,-161,8.4,NA,6.75,7.63,0.428182881922436,-112.895202936483,3026.09647664379,"uk",0.561924027871432
"293",1995-06-01,2.5,-543,7.92,NA,6.75,7.63,0.396843167819745,-1553.59465900543,2062.05315434462,"uk",0.580349370320933
"294",1995-07-01,2.6,-610,8.46,NA,6.75,7.63,0.5,-2755,1159,"uk",0.579206487112656
"295",1995-08-01,2.6,-401,8.22,NA,6.75,7.63,0.781426550500193,-3150.14368547376,1040.10100963082,"uk",0.593788967400986
"296",1995-09-01,2.6,-602,8.1,NA,6.75,7.63,1.083912110273,-2888.5814860219,1708.65629575154,"uk",0.605583479682674
"297",1995-10-01,3,-595,8.13,NA,6.75,7.63,1.2,-2299,2988,"uk",0.606170818936776
"298",1995-11-01,2.9,-735,7.95,NA,6.75,7.63,1.00166647163235,-1675.78931442772,4620.42541075886,"uk",0.580113702285648
"299",1995-12-01,2.8,503,7.56,NA,6.75,7.63,0.678619502199381,-1176.15347098104,6024.06240338997,"uk",0.571526547408127
"300",1996-01-01,3,205,7.42,NA,6.75,7.38,0.5,-923,6536,"uk",0.549028220050511
"301",1996-02-01,2.7,-309,7.48,NA,6.5,7.13,0.645240896303753,-982.40276051905,5761.86401400042,"uk",0.509139045873428
"302",1996-03-01,2.7,-411,7.96,NA,6.25,7.13,0.934943214262812,-1193.10092635024,4381.42742402192,"uk",0.516902718908301
"303",1996-04-01,2.6,-334,8.18,NA,6.25,6.94,1.1,-1337,3343,"uk",0.520318434882148
"304",1996-05-01,2.6,-383,8.03,NA,6,6.94,0.954406980189678,-1260.74779164423,3345.93334805428,"uk",0.509113124936361
"305",1996-06-01,2.4,147,8.15,NA,6,6.94,0.644570603712336,-1069.96134213654,4093.74641904086,"uk",0.513980263157895
"306",1996-07-01,2.4,72,7.9,NA,6,6.69,0.4,-935,5041,"uk",0.532084707885495
"307",1996-08-01,2.3,159,7.91,NA,5.75,6.69,0.388983034789388,-977.420887718862,5702.77296415285,"uk",0.525955924893494
"308",1996-09-01,2.3,379,7.91,NA,5.75,6.69,0.534922519035993,-1123.57222362213,5836.21652944425,"uk",0.552547242789258
"309",1996-10-01,2.3,41,7.67,NA,5.75,6.69,0.7,-1251,5259,"uk",0.584692743963047
"310",1996-11-01,2.5,633,7.61,NA,5.75,6.94,0.782253473245362,-1259.23532414699,4028.82664718619,"uk",0.596160724931442
"311",1996-12-01,2.6,392,7.35,NA,6,6.94,0.823146727551099,-1135.74976337494,3163.53561133027,"uk",0.610798924993892
"312",1997-01-01,2.3,204,7.51,NA,6,6.94,0.9,-890,3921,"uk",0.615574022776239
"313",1997-02-01,2.1,1081,7.4,NA,6,6.94,1.06348455371065,-544.823000878352,6997.69822488016,"uk",0.589587878073227
"314",1997-03-01,1.9,683,7.25,NA,6,6.94,1.2576757559448,-176.576871026258,10844.5299141236,"uk",0.60562015503876
"315",1997-04-01,1.7,275,7.64,NA,6,6.94,1.4,125,13351,"uk",0.626370184779204
"316",1997-05-01,1.6,196,7.44,NA,6,6.94,1.42677127487501,301.305105438178,13001.1211940339,"uk",0.63588960956378
"317",1997-06-01,1.6,423,7.19,NA,6,7.25,1.34985395237342,418.279469702193,10656.9373247681,"uk",0.62996094242157
"318",1997-07-01,1.7,227,7.1,NA,6.25,7.5,1.2,573,7775,"uk",0.636334712058543
"319",1997-08-01,2,856,6.95,NA,6.5,7.75,1.01461553197448,798.047023570085,5531.15033231749,"uk",0.627077193202483
"320",1997-09-01,2,555,7.07,NA,6.75,8,0.85772324937634,868.014547773043,3978.38745347064,"uk",0.614703712810425
"321",1997-10-01,1.8,377,6.44,NA,7,8,0.8,493,2889,"uk",0.643915003219575
"322",1997-11-01,1.9,135,6.54,NA,7,8,0.881433263893732,-467.011718237035,2192.49969891833,"uk",0.613233580670878
"323",1997-12-01,1.9,-184,6.5,NA,7,8.25,1.01925305012122,-1552.48580894251,2447.29063912711,"uk",0.587958607714017
"324",1998-01-01,1.7,-165,6.29,NA,7.25,8.25,1.1,-2154,4369,"uk",0.58363487802031
"325",1998-02-01,1.5,490,6.04,NA,7.25,8.25,1.04483659763578,-1883.00015062194,8241.96198312029,"uk",0.570320520132314
"326",1998-03-01,1.6,-215,6.1,NA,7.25,8.25,0.91341269828693,-1234.40464533632,12625.3388789098,"uk",0.563793200654
"327",1998-04-01,1.7,-240,5.9,NA,7.25,8.25,0.8,-924,15647,"uk",0.547705115565779
"328",1998-05-01,1.8,-330,5.83,NA,7.25,8.25,0.77255367889649,-1412.83953112704,16038.2819982301,"uk",0.552944429084877
"329",1998-06-01,2,-957,5.7,NA,7.25,8.25,0.793762823397729,-2143.04375786034,14944.3908822707,"uk",0.575109270761445
"330",1998-07-01,1.7,-954,5.85,NA,7.25,8.5,0.8,-2302,14114,"uk",0.593824228028504
"331",1998-08-01,1.4,-836,5.76,NA,7.5,8.5,0.750133871963446,-1359.3454285736,14790.6507646999,"uk",0.589448865310934
"332",1998-09-01,1.3,-275,5.3,NA,7.5,8.5,0.693017489603637,86.283380481389,16197.3568512666,"uk",0.586475866518093
"333",1998-10-01,1.4,-676,4.85,NA,7.5,8.5,0.7,1154,17052,"uk",0.562809545249887
"334",1998-11-01,1.4,-385,5.06,NA,7.5,8.25,0.812096018434911,1157.48050468069,16487.5223503778,"uk",0.534902380315592
"335",1998-12-01,1.4,-631,4.68,NA,7.25,7.75,0.948982033002538,188.650976675526,15297.1076385889,"uk",0.53242466191034
"336",1999-01-01,1.6,-654,4.36,NA,6.75,7.25,1,-1466,14689,"uk",0.545553737043099
"337",1999-02-01,1.6,-1502,4.17,NA,6.25,7,0.882963535778392,-3483.61362718619,15432.4450189741,"uk",0.568763508133318
"338",1999-03-01,1.4,-1432,4.63,NA,6,6.5,0.629572896904727,-5395.85025014645,16540.6940758594,"uk",0.555277916597257
"339",1999-04-01,1.7,-1193,4.58,NA,5.5,6.5,0.3,-6698,16588,"uk",0.546806649168854
"340",1999-05-01,1.5,-1204,4.6,NA,5.5,6.25,-0.0254316430299592,-7044.76673667668,14771.4753515034,"uk",0.563253351357441
"341",1999-06-01,1.3,-632,4.86,NA,5.25,6.25,-0.185792139139966,-6728.50923534897,12779.6716135292,"uk",0.601684717208183
"342",1999-07-01,1.3,-1396,5.06,NA,5.25,6,5.55111512312578e-17,-6201,12924,"uk",0.608050589809072
"343",1999-08-01,1.3,-1529,5.33,35741.5,5,6,0.618763036341445,-5836.91201869969,16653.0239453826,"uk",0.625156289072268
"344",1999-09-01,1.2,-928,5.18,35492.6,5,6,1.38026232632181,-5702.52021586508,21963.9157663201,"uk",0.621504039776259
"345",1999-10-01,1.2,-591,5.61,35702.5,5,6.25,1.9,-5787,25991,"uk",0.613948919449902
"346",1999-11-01,1.1,-817,5.4,37634.6,5.25,6.25,1.90963875692344,-6046.7333366727,26742.9103484478,"uk",0.600024000960038
"347",1999-12-01,1.2,-1046,5.22,41452,5.25,6.5,1.60548357459349,-6306.92841970921,25725.5171730422,"uk",0.613008030405198
"348",2000-01-01,1.1,-1408,5.48,42444.6,5.5,6.5,1.3,-6360,25319,"uk",0.62802235759593
"349",2000-02-01,0.8,-1663,5.73,36231.3,5.5,6.75,1.22786712114999,-6090.00648646136,27047.1865126781,"uk",0.654450261780105
"350",2000-03-01,0.9,-1456,5.45,35190.4,5.75,7,1.31261819011906,-5747.58092011288,29008.4970229927,"uk",0.664275275674239
"351",2000-04-01,0.6,-893,5.24,35737.6,6,7,1.4,-5675,28445,"uk",0.694782185784756
"352",2000-05-01,0.6,-1632,5.21,37153.6,6,7,1.3677816473655,-6088.12960637076,24003.0843415807,"uk",0.702345835089198
"353",2000-06-01,0.5,-1446,5.17,39146.5,6,7,1.22182144270804,-6697.19234428371,19946.4206609131,"uk",0.701065619742008
"354",2000-07-01,0.8,-1136,5.17,41308.3,6,7,1,-7086,21943,"uk",0.68036467546605
"355",2000-08-01,0.9,-2356,5.22,41527.4,6,7,0.741747030128743,-6991.21582879633,33043.365009888,"uk",0.672902227306372
"356",2000-09-01,0.6,-1610,5.33,42026.4,6,7,0.492688631641387,-6760.90896201154,45828.2647777993,"uk",0.663525977042001
"357",2000-10-01,1,-1714,5.19,42925.8,6,7,0.3,-6896,50261,"uk",0.662910175671197
"358",2000-11-01,1,-1369,5.16,43480.1,6,7,0.202267269156563,-7681.26633770318,39849.8259892376,"uk",0.657418973111564
"359",2000-12-01,1.1,-1378,4.88,46315.1,6,7,0.203720327022712,-8536.91254841088,22282.8165241859,"uk",0.667334000667334
"360",2001-01-01,0.8,-1611,4.88,48146.6,6,7,0.3,-8667,8793.00000000001,"uk",0.681477443096633
"361",2001-02-01,0.9,-1324,4.83,45721,6,7,0.475109819170932,-7586.16326483541,7484.96066279108,"uk",0.699447436525145
"362",2001-03-01,0.8,-1433,4.88,42009.8,6,6.75,0.666504134341837,-6051.32973323384,13949.5061624941,"uk",0.702049985959
"363",2001-04-01,0.9,-1506,4.85,42907,5.75,6.75,0.8,-5130,20649,"uk",0.692185228767218
"364",2001-05-01,1.2,-1783,5.11,43088.3,5.75,6.5,0.823219380085635,-5535.63615851074,21788.8128410795,"uk",0.694637399277577
"365",2001-06-01,1.7,-2107,5.22,43011.8,5.5,6.25,0.771003876350679,-6565.54629643153,18546.3440110228,"uk",0.703482237073514
"366",2001-07-01,1.7,-2347,5.32,42494,5.25,6.25,0.7,-7163,13842,"uk",0.733030347456385
"367",2001-08-01,1.4,-2064,5.03,40921.6,5.25,6.25,0.650531179005048,-6605.18099001052,10036.973158076,"uk",0.722491149483419
"368",2001-09-01,1.8,-3101,4.86,42720.9,5.25,6,0.597628508403596,-5504.92952548447,7255.59927489602,"uk",0.724270297675092
"369",2001-10-01,1.3,-1690,4.9,43164.9,5,5.75,0.5,-4809,5063,"uk",0.780762023735166
"370",2001-11-01,1.2,-1632,4.45,40412.8,4.75,5.5,0.337618866857138,-5174.93617774349,3111.03526735705,"uk",0.801089481695105
"371",2001-12-01,0.8,-1803,4.66,40688.4,4.5,5,0.175519127071975,-6103.4393053343,1398.51814865233,"uk",0.807950230265816
"372",2002-01-01,1.1,-2557,5.06,39375.7,4,5,0.1,-6806,11,"uk",0.888651915044877
"373",2002-02-01,1.6,-2406,4.89,37308.5,4,5,0.169363723936772,-6733.07429901551,-906.780894170913,"uk",0.914829384319824
"374",2002-03-01,1.5,-2761,5,38554.9,4,5,0.329924612938134,-6290.97991984501,-973.338536172,"uk",0.887232721142756
"375",2002-04-01,1.5,-2573,5.29,38946.2,4,5,0.5,-6125,252,"uk",0.843099232779698
"376",2002-05-01,1.4,-2677,5.19,40207.8,4,5,0.614555867025403,-6637.76662619446,3151.7920130303,"uk",0.806972240154939
"377",2002-06-01,0.8,-1928,5.26,40620.8,4,5,0.675152791545859,-7261.30768195231,7876.13229233197,"uk",0.819940964250574
"378",2002-07-01,0.6,-2434,5.02,43285.6,4,5,0.7,-7185,14517,"uk",0.795988219374353
"379",2002-08-01,1.1,-2464,4.86,42175.7,4,5,0.709449844998651,-5919.19252954,22598.7980272349,"uk",0.761498629302467
"380",2002-09-01,1,-2460,4.62,42878.9,4,5,0.732427183841394,-4258.12268567906,29375.6241816589,"uk",0.757575757575758
"381",2002-10-01,1,-1782,4.37,42964.4,4,5,0.8,-3317,31534,"uk",0.726216412490922
"382",2002-11-01,1.4,-2547,4.55,43471.6,4,5,0.921718827054065,-3825.12992231221,27098.3862484005,"uk",0.719735137469411
"383",2002-12-01,1.5,-3188,4.67,44366.9,4,5,1.02106439901449,-4968.20157533144,19445.0006106619,"uk",0.703729767769177
"384",2003-01-01,1.7,-2060,4.39,42469.3,4,5,1,-5546,13288,"uk",0.686954729683314
"385",2003-02-01,1.3,-1977,4.27,40476.5,4,5,0.807378550488791,-4750.76926269262,11886.2866087926,"uk",0.693625580911424
"386",2003-03-01,1.6,-1758,4.17,41938.7,4,4.75,0.579611516396941,-3344.58953151369,12677.7437460639,"uk",0.710429099175902
"387",2003-04-01,1.5,-2323,4.29,42481.2,3.75,4.75,0.5,-2482,11645,"uk",0.697447342725624
"388",2003-05-01,1.4,-774,4.35,41174.7,3.75,4.75,0.689507711731512,-2991.68191580618,6161.35620531804,"uk",0.677231477719084
"389",2003-06-01,1.3,-2214,4.07,42657.3,3.75,4.75,1.019748794657,-4398.88474305823,-837.197817139773,"uk",0.668047297748681
"390",2003-07-01,1.1,-2913,4.16,42046.7,3.75,4.75,1.3,-5903,-5024,"uk",0.667289470172161
"391",2003-08-01,1.3,-1828,4.49,41778,3.75,4.5,1.39014615814072,-6840.02159260118,-3355.67439302769,"uk",0.665513110608279
"392",2003-09-01,1.4,-1816,4.6,42354.8,3.5,4.5,1.35250441608615,-7092.35297773487,2078.01048545814,"uk",0.654750212793819
"393",2003-10-01,1.4,-3016,4.51,45142.8,3.5,4.5,1.3,-6679,7904,"uk",0.645994832041344
"394",2003-11-01,1.4,-2524,5.02,44277.2,3.5,4.5,1.31287061866859,-5703.86134341872,11258.1191445705,"uk",0.636051392952551
"395",2003-12-01,1.3,-2614,5.07,45752.8,3.5,4.75,1.34060391136876,-4610.407049706,11311.7114308628,"uk",0.650999283900788
"396",2004-01-01,1.3,-2199,4.79,46078.6,3.75,4.75,1.3,-3927,7745,"uk",0.671140939597315
"397",2004-02-01,1.4,-3493,4.89,45621.2,3.75,4.75,1.13614914496271,-4024.607107798,1080.60522215304,"uk",0.65235827516472
"398",2004-03-01,1.3,-2127,4.76,44842.7,3.75,5,0.907302160661022,-4644.61141603372,-4789.26361631665,"uk",0.634678852500635
"399",2004-04-01,1.1,-2099,4.75,45752.6,4,5,0.7,-5371,-5130,"uk",0.618811881188119
"400",2004-05-01,1.1,-2724,4.98,44522.7,4,5,0.575866134813907,-5898.96948464853,2854.90441126177,"uk",0.612707554684149
"401",2004-06-01,1.5,-2823,5.15,44502.2,4,5.25,0.496854112653816,-6368.55469356651,14209.5652566261,"uk",0.589553118735998
"402",2004-07-01,1.6,-3036,5.09,44889.3,4.25,5.5,0.4,-7031,22040,"uk",0.58411214953271
"403",2004-08-01,1.4,-3028,5.09,43492.5,4.5,5.5,0.24927520467055,-7977.29273138564,21538.925280948,"uk",0.579710144927536
"404",2004-09-01,1.3,-3017,4.91,44468.3,4.5,5.75,0.116392499834825,-8657.39203192245,16245.8544416642,"uk",0.576236026276363
"405",2004-10-01,1.1,-2488,4.83,45293.1,4.75,5.75,0.0999999999999999,-8361,11787,"uk",0.569378807720777
"406",2004-11-01,1.2,-3156,4.74,46348,4.75,5.75,0.260366379837225,-6714.63736758667,12288.6907612424,"uk",0.552364118426867
"407",2004-12-01,1.5,-2657,4.59,48760.6,4.75,5.75,0.50424255467355,-4692.09940096592,15877.7206804207,"uk",0.564334085778781
"408",2005-01-01,1.7,-2315,4.57,49388.6,4.75,5.75,0.7,-3604,19181,"uk",0.553924555475544
"409",2005-02-01,1.6,-3401,4.6,48076.9,4.75,5.75,0.757407424128698,-4285.45409456398,19630.4227851936,"uk",0.541418516513265
"410",2005-03-01,1.7,-2952,4.73,49284.1,4.75,5.75,0.75182246665616,-5669.58073458425,17877.8183922085,"uk",0.530222693531283
"411",2005-04-01,1.9,-2885,4.69,47991.1,4.75,5.75,0.8,-6214,15380,"uk",0.525403246992066
"412",2005-05-01,1.9,-3445,4.52,48866.4,4.75,5.75,0.976670590314651,-4920.80551341666,14078.3958757609,"uk",0.525624178712221
"413",2005-06-01,1.9,-2579,4.31,47717.5,4.75,5.75,1.18846757870181,-2969.9850681045,17852.8946396341,"uk",0.543271581463574
"414",2005-07-01,2,-2196,4.16,47634.5,4.75,5.75,1.3,-2086,31068,"uk",0.551085638708255
"415",2005-08-01,2.3,-2933,4.31,45293.6,4.75,5.75,1.22479910350159,-3434.73125917678,54816.6974154664,"uk",0.54935999560512
"416",2005-09-01,2.4,-3933,4.15,45301.6,4.75,5.5,1.07208499631437,-5947.73825225701,77105.8993455513,"uk",0.53370336766825
"417",2005-10-01,2.5,-2908,4.28,46779.7,4.5,5.5,1,-7998,82671,"uk",0.506636943965954
"418",2005-11-01,2.3,-2447,4.33,46075.1,4.5,5.5,1.10931818086418,-8408.86204246882,62346.5552031142,"uk",0.478835472131776
"419",2005-12-01,2.1,-2966,4.23,46515.3,4.5,5.5,1.27134058418885,-7805.13599694155,31363.7672374201,"uk",0.459706707120857
"420",2006-01-01,1.9,-2935,4.1,46246,4.5,5.5,1.3,-7262,11053,"uk",0.44804874770375
"421",2006-02-01,1.9,-3511,4.14,48233.4,4.5,5.5,1.07126150637503,-7550.7835339109,16227.5262165213,"uk",0.435900788980428
"422",2006-03-01,2,-3214,4.18,46783.5,4.5,5.5,0.709219333596904,-8227.42146368051,35632.2539269907,"uk",0.416163802072496
"423",2006-04-01,1.8,-1784,4.4,47759.4,4.5,5.5,0.4,-8544,51495,"uk",0.426275629822243
"424",2006-05-01,2,-2480,4.64,49268.3,4.5,5.5,0.279709867709786,-8019.411229295,50943.7473382081,"uk",0.417693496512259
"425",2006-06-01,2.2,-2992,4.6,51643.7,4.5,5.5,0.28437467401613,-7239.77074092901,40707.142980543,"uk",0.413821642871922
"426",2006-07-01,2.5,-1983,4.72,47481.3,4.5,5.5,0.3,-7058,32414,"uk",0.416458437447943
"427",2006-08-01,2.4,-3308,4.6,48469.8,4.5,5.5,0.246936059822865,-8048.94191927948,34051.4473936093,"uk",0.421869726628417
"428",2006-09-01,2.5,-3718,4.51,49483.2,4.5,5.75,0.182911599968205,-9675.1252022331,39039.877854541,"uk",0.421371987190292
"429",2006-10-01,2.4,-2807,4.52,49750.8,4.75,5.75,0.2,-11121,37158,"uk",0.428100518001627
"430",2006-11-01,2.4,-2922,4.51,50811.7,4.75,5.75,0.358471818924679,-11770.9322046982,22058.3519762436,"uk",0.434404865334492
"431",2006-12-01,2.7,-3372,4.51,52180.3,4.75,6,0.591386333518457,-11808.9506723608,2888.79004573757,"uk",0.452611568751697
"432",2007-01-01,3,-3108,4.74,51783.6,5,6,0.8,-11619,-7328.99999999999,"uk",0.453617600362894
"433",2007-02-01,2.7,-3004,4.97,51754.6,5,6.25,0.911769257071013,-11471.9588915574,147.959516231185,"uk",0.436852911624656
"434",2007-03-01,2.8,-3136,4.79,51983.5,5.25,6.25,0.958950473365374,-11186.4424786939,16947.8138143606,"uk",0.441676604390265
"435",2007-04-01,3.1,-3598,4.96,51076.1,5.25,6.25,1,-10468,30420,"uk",0.454400872449675
"436",2007-05-01,2.8,-2187,5.04,53314.8,5.25,6.25,1.07963633797645,-9197.9729698128,31383.7729217946,"uk",0.468340202322967
"437",2007-06-01,2.5,-2660,5.25,51787.6,5.25,6.5,1.18762658783486,-7960.87200545602,24537.6584005237,"uk",0.466461423640265
"438",2007-07-01,2.4,-2611,5.46,51161.1,5.5,6.5,1.3,-7517,18050,"uk",0.455249021214604
"439",2007-08-01,1.9,-3123,5.21,51957.4,5.5,6.75,1.38450020583799,-8301.88996993212,18042.2450928866,"uk",0.447067238912732
"440",2007-09-01,1.8,-2935,5.03,49384.8,5.75,6.75,1.37572836048036,-9451.99542540792,22448.2562872482,"uk",0.442517036905921
"441",2007-10-01,1.8,-3354,5,51820.9,5.75,6.75,1.2,-9779,27155,"uk",0.473507268336569
"442",2007-11-01,2.1,-3371,4.92,55449.7,5.75,6.75,0.826807283116043,-8446.50418749578,29138.8022622146,"uk",0.485743430320105
"443",2007-12-01,2.1,-3542,4.63,57148.1,5.75,6.75,0.398348859132593,-6025.77592254194,29733.4275615945,"uk",0.48227634434531
"444",2008-01-01,2.1,-3212,4.5,57938.8,5.75,6.5,0.1,-3440,31362,"uk",0.490725291981549
"445",2008-02-01,2.2,-3809,4.47,59258.6,5.5,6.5,0.0527151061422869,-1481.61179860328,35476.5088212181,"uk",0.498952200379204
"446",2008-03-01,2.5,-3516,4.46,60747.9,5.5,6.25,0.119765091878161,-420.049032572449,39644.403836744,"uk",0.49867850196978
"447",2008-04-01,2.5,-3024,4.35,61352.9,5.25,6.25,0.0999999999999999,-394,40462,"uk",0.503499320275918
"448",2008-05-01,3,-2972,4.67,61416.2,5.25,6,-0.148778818796301,-1395.0486180911,35613.014304765,"uk",0.50999592003264
"449",2008-06-01,3.3,-2561,4.97,60641.9,5,6,-0.532964782200791,-2826.36128050159,27130.7719062443,"uk",0.49813200498132
"450",2008-07-01,3.8,-2853,5.13,60613.7,5,6,-0.9,-3944,18136,"uk",0.51033426894616
"451",2008-08-01,4.4,-3107,4.81,56206.5,5,6,-1.13537760873486,-4227.89743273603,11762.1376634258,"uk",0.515304544986087
"452",2008-09-01,4.7,-3140,4.47,53885.5,5,6,-1.27679485196389,-4053.46880838415,11193.4715012419,"uk",0.527732334160114
"453",2008-10-01,5.2,-2274,4.44,53140.5,5,6,-1.4,-4020,19627,"uk",0.544306553450904
"454",2008-11-01,4.5,-2010,4.53,50201,5,5.5,-1.56897000552352,-4529.17646577958,37812.7313378281,"uk",0.5500247511138
"455",2008-12-01,4.1,-2270,3.77,52436.1,4.5,4,-1.8005965506844,-5192.28200448032,56712.7124591586,"uk",0.540628209979997
"456",2009-01-01,3.1,-1036,3.09,53905.7,3,3,-2.1,-5423,64842,"uk",0.524796641301496
"457",2009-02-01,3,-2322,3.91,49132.4,2,2.5,-2.43689051731921,-4905.50781525676,54019.6406889655,"uk",0.515570220664054
"458",2009-03-01,3.2,-1943,3.62,48637.4,1.5,2,-2.63933746381703,-4405.95872925014,29280.6416250867,"uk",0.51671575466336
"459",2009-04-01,2.9,-2392,3.16,49287.6,1,1.5,-2.5,-4961,-1036,"uk",0.539199827456055
"460",2009-05-01,2.3,-2775,3.51,49855.4,0.5,1.5,-1.90198644371817,-7139.71819911929,-28679.2940936899,"uk",0.550115524260095
"461",2009-06-01,2.2,-1843,3.75,54387.6,0.5,1.5,-1.09020174219564,-9640.9571525932,-45750.2789595053,"uk",0.564620857094461
"462",2009-07-01,1.8,-1977,3.69,52643.2,0.5,1.5,-0.4,-10696,-44438,"uk",0.57369055131662
"463",2009-08-01,1.8,-1581,3.8,52517.6,0.5,1.5,-0.077385930030332,-9098.21198085867,-21102.6865364279,"uk",0.574811749152153
"464",2009-09-01,1.6,-1317,3.56,64202.8,0.5,1.5,-0.0109666785115418,-5889.28673445113,11210.6964351568,"uk",0.580517821897132
"465",2009-10-01,1.1,-1738,3.68,65745.2,0.5,1.5,-4.44089209850063e-16,-2673,35286,"uk",0.581699726601128
"466",2009-11-01,1.5,-1998,3.72,66173.7,0.5,1.5,0.107826460135795,-782.878321890466,38760.7439431053,"uk",0.581902822228688
"467",2009-12-01,1.9,-1656,3.62,68731.5,0.5,1.5,0.271105493278839,-471.451465157846,28687.1228485077,"uk",0.58173356602676
"468",2010-01-01,2.9,-1831,4.11,66357.2,0.5,1.5,0.4,-1721,16971,"uk",0.582275532782113
"469",2010-02-01,3.5,-2969,4,65240.3,0.5,1.5,0.434968978376041,-4320.83028713502,12562.8959491918,"uk",0.584692743963047
"470",2010-03-01,3,-1298,4.03,66675.4,0.5,1.5,0.437655816507298,-7288.35184936193,12591.9603189604,"uk",0.583975706610605
"471",2010-04-01,3.4,-3002,3.94,69276.6,0.5,1.5,0.5,-9448,11232,"uk",0.59580552907531
"472",2010-05-01,3.7,-2351,3.86,71132.2,0.5,1.5,0.678223552285967,-9966.28201105094,4644.11670457185,"uk",0.610463341676332
"473",2010-06-01,3.4,-2574,3.54,71812,0.5,1.5,0.885678648099378,-9377.99298924628,-3061.40856879391,"uk",0.610612444281614
"474",2010-07-01,3.2,-1738,3.31,71157.7,0.5,1.5,1,-8560,-5787,"uk",0.578971746178786
"475",2010-08-01,3.1,-3317,3.42,72702.7,0.5,1.5,0.929914590257867,-8248.7083353279,517.266862150398,"uk",0.560915413955576
"476",2010-09-01,3.1,-3004,2.92,73258.2,0.5,1.5,0.708518479984079,-8618.67619365297,11710.7109932522,"uk",0.560224089635854
"477",2010-10-01,3.1,-2962,3.06,77115.8,0.5,1.5,0.4,-9704,21605,"uk",0.566893424036281
"478",2010-11-01,3.2,-3114,3.19,77001.2,0.5,1.5,0.0761921607566384,-11342.7364994893,25276.1862171969,"uk",0.553127938492173
"479",2010-12-01,3.3,-3305,3.34,75965.4,0.5,1.5,-0.160493308776433,-12588.7837176233,22857.8608920813,"uk",0.541623788116774
"480",2011-01-01,3.7,-3218,3.51,78800.8,0.5,1.5,-0.2,-12300,15748,"uk",0.514721021206506
"481",2011-02-01,4,-908,3.76,82035.7,0.5,1.5,0.0134649148637271,-9794.71603708519,5782.54382461746,"uk",0.493534695489093
"482",2011-03-01,4.4,284,3.69,85296.6,0.5,1.5,0.318639940306839,-6233.15189881663,-3450.71011713283,"uk",0.49295080350981
"483",2011-04-01,4,-957,3.69,85507.3,0.5,1.5,0.5,-3236,-7926,"uk",0.494535384006726
"484",2011-05-01,4.5,-1329,3.5,90515.9,0.5,1.5,0.414392624232897,-2071.91787068845,-5019.84299714823,"uk",0.488185901191174
"485",2011-06-01,4.5,-3421,3.3,90333.8,0.5,1.5,0.2081557697713,-2601.42350192496,2282.1277245982,"uk",0.486192143134967
"486",2011-07-01,4.2,-3412,3.38,91167.1,0.5,1.5,0.1,-4333,9592,"uk",0.479984640491504
"487",2011-08-01,4.4,-3151,2.87,93653.2,0.5,1.5,0.236371995612092,-6685.01988756842,13398.1614973088,"uk",0.472969777231235
"488",2011-09-01,4.5,-1971,2.83,98057.6,0.5,1.5,0.474662906533887,-8715.41335274277,13694.19921874,"uk",0.457770656900893
"489",2011-10-01,5.2,-3070,2.43,93107,0.5,1.5,0.6,-9392,11350,"uk",0.438538788755865
"490",2011-11-01,5,-1073,2.44,97571.6,0.5,1.5,0.466045319244661,-8146.92850496378,7465.01182272782,"uk",0.430941607412196
"491",2011-12-01,4.8,-2710,2.3,96931.8,0.5,1.5,0.200600011500559,-6269.66382784469,4056.92725229355,"uk",0.421816341165057
"492",2012-01-01,4.2,-1542,1.98,93857.2,0.5,1.5,0,-5514,3373,"uk",0.413564929693962
"493",2012-02-01,3.6,-3385,1.97,96382.9,0.5,1.5,-0.000553272590735107,-7088.71053702089,6790.12454511325,"uk",0.417397111611988
"494",2012-03-01,3.4,-2839,2.06,98937,0.5,1.5,0.0896037141305429,-10022.486891434,12203.7584387524,"uk",0.42331625957753
"495",2012-04-01,3.5,-3433,2.11,96786.9,0.5,1.5,0.0999999999999999,-12799,16639,"uk",0.429295097449987
"496",2012-05-01,3,-4081,2.02,98708,0.5,1.5,-0.0712396362891277,-14266.1552728786,17944.304811634,"uk",0.430070531567177
"497",2012-06-01,2.8,-1509,1.49,98380.9,0.5,1.5,-0.251607460615323,-14728.7960138265,17261.5575112152,"uk",0.42863266180883
"498",2012-07-01,2.4,-3246,1.66,99265.9,0.5,1.5,-0.2,-14856,16556,"uk",0.431685732786531
"499",2012-08-01,2.6,-1129,1.4,98987.3,0.5,1.5,0.222548854784283,-15171.0757788722,17099.1376898323,"uk",0.426330150068213
"500",2012-09-01,2.5,-3867,1.64,100944,0.5,1.5,0.74645575796038,-15614.2549791857,17387.5300349054,"uk",0.418480080348175
"501",2012-10-01,2.2,-2500,1.72,103157,0.5,1.5,1,-15980,15224,"uk",0.418375031378127
"502",2012-11-01,2.7,-2350,1.86,103854,0.5,1.5,0.740303476411255,-16142.9490190399,9534.92220681463,"uk",0.414301694493931
"503",2012-12-01,2.7,-3600,1.77,104210,0.5,1.5,0.239858502847877,-16298.44332869,3740.87790471884,"uk",0.418655279243071
"504",2013-01-01,2.7,-2530,1.82,103972,0.5,1.5,-0.1,-16722,2386,"uk",0.427240878407246
"505",2013-02-01,2.7,-1415,2.09,104749,0.5,1.5,0.00512612845958496,-17470.0170338572,8283.28459402031,"uk",0.439579761747769
"506",2013-03-01,2.8,-2414,1.97,101761,0.5,1.5,0.37188800842589,-17722.4161504989,17321.1805684415,"uk",0.449640287769784
"507",2013-04-01,2.8,-2703,1.76,103392,0.5,1.5,0.7,-16440,23657,"uk",0.431518080607577
"508",2013-05-01,2.4,-2211,1.67,101238,0.5,1.5,0.768821639380034,-13206.1680307166,23129.9023800671,"uk",0.418935902806871
"509",2013-06-01,2.7,-2727,2.01,101337,0.5,1.5,0.676293167152265,-10094.7068841293,18306.4368585524,"uk",0.411658159064713
"510",2013-07-01,2.9,-352,2.44,100782,0.5,1.5,0.6,-9802,13435,"uk",0.413513625273953
"511",2013-08-01,2.8,-3661,2.54,102832,0.5,1.5,0.667735462168426,-14026.8293617949,11492.6244042298,"uk",0.403926162297532
"512",2013-09-01,2.7,-3896,2.78,103418,0.5,1.5,0.808124508150236,-20477.5711277986,10370.8868121639,"uk",0.394088669950739
"513",2013-10-01,2.7,-4303,2.72,105000,0.5,1.5,0.9,-25865,6690,"uk",0.388168620448723
"514",2013-11-01,2.2,-4025,2.62,106015,0.5,1.5,0.856532808242558,-27707.0330406223,-1555.69629328264,"uk",0.395163202402592
"515",2013-12-01,2.1,-3954,2.77,106845,0.5,1.5,0.728245837283828,-26750.1567528246,-10875.3544775784,"uk",0.402625115754721
"516",2014-01-01,2,-2072,3.03,106247,0.5,1.5,0.6,-24548,-16404,"uk",0.404465296877528
"517",2014-02-01,1.9,-4307,2.71,105858,0.5,1.5,0.539466638194677,-22443.11254979,-14805.542934803,"uk",0.411997363216875
"518",2014-03-01,1.7,-3663,2.72,108125,0.5,1.5,0.545558809381119,-20933.727786829,-8859.43186481336,"uk",0.424394177311887
"519",2014-04-01,1.6,-1997,2.74,110884,0.5,1.5,0.6,-20307,-2874,"uk",0.42645741822679
"520",2014-05-01,1.8,-2645,2.67,107265,0.5,1.5,0.681896935275032,-20776.5167602179,-6.39122676479656,"uk",0.425260472039124
"521",2014-06-01,1.5,-3221,2.57,107265,0.5,1.5,0.759889295562068,-22261.598766526,1191.00786275775,"uk",0.417571404710205
"522",2014-07-01,1.9,-2995,2.67,111781,0.5,1.5,0.8,-24608,3317,"uk",0.409668168783286
"523",2014-08-01,1.6,-4258,2.74,110748,0.5,1.5,0.781093768853345,-27533.0796685978,8047.0708048251,"uk",0.408129948575626
"524",2014-09-01,1.5,-3453,2.37,110417,0.5,1.5,0.733402526889128,-30240.6178878076,13363.4374508194,"uk",0.409048144966663
"525",2014-10-01,1.2,-3386,2.43,107248,0.5,1.5,0.7,-31806,16325,"uk",0.389241368572652
"526",2014-11-01,1.3,-2552,2.24,109774,0.5,1.5,0.708542804126403,-31620.4238246501,15111.9228222792,"uk",0.382789771857296
"527",2014-12-01,1,-1406,1.92,111157,0.5,1.5,0.725019115399939,-30338.337089651,12389.4275191499,"uk",0.38311240517968
"528",2015-01-01,0.5,-2486,1.75,107216,0.5,1.5,0.7,-28930,11944,"uk",0.381956380581338
"529",2015-02-01,0.3,-1230,1.36,108998,0.5,1.5,0.603253533159562,-28102.6324402091,16268.6453134655,"uk",0.384068825133464
"530",2015-03-01,0,-2939,1.78,113860,0.5,1.5,0.481335826325932,-27511.2930128478,22682.4450651738,"uk",0.389029371717565
"531",2015-04-01,0,-3093,1.57,122383,0.5,1.5,0.4,-26548,27211,"uk",0.395788807092535
"532",2015-05-01,-0.1,-1202,1.88,123228,0.5,1.5,0.404368989161275,-24657.3797478469,26138.6070349698,"uk",0.401074880680223
"533",2015-06-01,0.1,-1270,1.8,125450,0.5,1.5,0.457044986703741,-21494.490858958,16784.3477757105,"uk",0.401670951156812
"534",2015-07-01,0,-885,2.024,122936,NA,1.5,0.5,-16767,-3273.99999999999,"uk",0.404956669636349
"535",2015-08-01,0.1,-4575,1.882,125620,NA,1.5,0.490381621306448,-10182.5738376395,-36458.658514384,"uk",0.410745091596155
"536",2015-09-01,0,-3160,1.962,128022,NA,1.5,0.446039782414659,-1448.87903854325,-85191.8499896638,"uk",0.413479429398387
"537",2015-10-01,-0.1,-979,1.762,129700,NA,1.5,0.4,9726.41773062214,-151895.796648062,"uk",0.413428146188192
"538",2015-11-01,-0.1,-3507,1.922,131322,NA,1.5,0.382252673761081,23635.64980319,-238992.720711799,"uk",0.413445239178071
"539",2015-12-01,0.1,-4031,1.825,NA,NA,1.5,0.410647735489477,40571.1505124937,-348904.8444031,"uk",0.413582033996443
"540",2016-01-01,0.2,-2709,1.96,NA,NA,NA,0.5,60825.2531918664,-484054.389944185,"uk",0.413445239178071
"541",2016-02-01,NA,NA,1.56,NA,NA,NA,0.665124282107467,84690.2911746417,-646863.579557276,"uk",0.413599139713789
"542",2016-03-01,NA,NA,1.403,NA,NA,NA,0.920835396626691,112458.597794153,-839754.635464597,"uk",0.415662149804639
