"","Date","Infl_d","BOT_d","Yield_d","FER_d","Int_d","PrimeRate_d","1Y_Yield","GDPG_d","CA_d","FDI_d","Country"
"1",1971-02-01,5.3,110,6.09,14699,NA,6.29,29.521168807174,2743.11438836244,-837.376849906196,383949.486052834,"usa"
"2",1971-03-01,5,238,6.14,14534,NA,5.88,18.7440230784252,1543.42600225856,-178.38283872791,378957.306349316,"usa"
"3",1971-04-01,4.7,269,5.53,14342,NA,5.44,11.1,683,196,374008.587346252,"usa"
"4",1971-05-01,4.2,-70,6.08,14307,NA,5.28,6.12243290523186,107.206751957141,338.623518129387,369103.139043642,"usa"
"5",1971-06-01,4.4,-89,6.38,13811,NA,5.46,3.34465512745409,-238.58337149965,302.339567512103,364240.771441486,"usa"
"6",1971-07-01,4.6,-292,6.7,13504,NA,5.5,2.3,-409,140,359421.294539783,"usa"
"7",1971-08-01,4.4,-222,6.85,13283,NA,5.91,2.45890812090986,-463.179977541737,-85.1050405037113,354644.518338535,"usa"
"8",1971-09-01,4.6,-210,6.28,12128,5.5,6,3.04024914705158,-478.289005595468,-267.932241890381,349910.252837741,"usa"
"9",1971-10-01,4.1,345,6,12130,5.13,6,3.2,-536,-293,345218.308037401,"usa"
"10",1971-11-01,3.8,-699,5.87,12146,5.13,5.9,2.40860127779538,-695.449804753157,-97.018170929357,340568.493937515,"usa"
"11",1971-12-01,3.3,-159,5.93,12130,5.13,5.53,1.39434828433961,-925.630976488848,174.537548197569,335960.620538083,"usa"
"12",1972-01-01,3.3,-187,5.89,12315,4.5,5.49,1.2,-1173,324,331394.497839105,"usa"
"13",1972-02-01,3.3,-262,6.09,13084,3.5,5.18,2.55113121235307,-1391.79858122341,220.399946443361,326869.935840581,"usa"
"14",1972-03-01,3.5,-549,6.04,12535,3.5,4.75,4.9045799378122,-1567.40931067136,-0.440173122116164,322386.744542512,"usa"
"15",1972-04-01,3.5,-547,6.12,12475,5.5,4.75,7.4,-1693,-136,317944.733944896,"usa"
"16",1972-05-01,3.5,-595,6.14,12473,5.5,4.97,9.26835535427383,-1761.28179627912,-43.8038370663109,313543.714047734,"usa"
"17",1972-06-01,3.2,-602,6.05,13345,5.5,5,10.1058504829301,-1763.13918823311,178.445366513118,309183.494851026,"usa"
"18",1972-07-01,2.7,-495,6.15,13339,5.5,5.04,9.6,-1689,373,304863.886354772,"usa"
"19",1972-08-01,2.9,-312,6.12,13090,5.5,5.25,7.69026218536642,-1543.00015958602,422.741327747808,300584.698558973,"usa"
"20",1972-09-01,2.9,-351,6.42,13123,5.5,5.27,5.32386998231923,-1384.10801047026,373.066114477051,296345.741463627,"usa"
"21",1972-10-01,3.2,-257,6.54,13217,5.5,5.5,3.7,-1285,310,292146.825068735,"usa"
"22",1972-11-01,3.4,-378,6.41,13312,5.5,5.73,3.70392923759381,-1283.42126908049,301.134822371376,287987.759374297,"usa"
"23",1972-12-01,3.7,-631,6.28,13306,5.5,5.75,4.96533625445966,-1277.39173284882,340.327212615713,283868.354380314,"usa"
"24",1973-01-01,3.4,-400,6.41,13150,5.5,5.79,6.8,-1130,403,279788.420086784,"usa"
"25",1973-02-01,3.6,-301,6.52,13053,5.5,6,8.5717986420361,-755.611060388296,469.941604988911,275747.766493709,"usa"
"26",1973-03-01,3.9,-425,6.64,13196,6,6.02,9.83700722206437,-273.695428504843,543.402812837874,271746.203601087,"usa"
"27",1973-04-01,4.6,-115,6.73,13201,6.75,6.3,10.2,145,631,267783.54140892,"usa"
"28",1973-05-01,5.1,163,6.7,13173,7.25,6.61,9.36443174981734,387.458103226271,732.20986878409,263859.589917206,"usa"
"29",1973-06-01,5.5,-113,6.93,13185,8.25,7.01,7.43107930172731,571.580854275597,813.950424921681,259974.159125947,"usa"
"30",1973-07-01,6,-18,6.94,13183,8.25,7.49,4.6,873,835,256127.059035141,"usa"
"31",1973-08-01,5.7,204,7.43,13188,9.25,8.3,1.25936324758345,1411.77864748321,769.589290245101,252318.09964479,"usa"
"32",1973-09-01,7.4,200,7.25,13193,10.5,9.23,-1.45021331786249,2085.70534473579,653.758450438364,248547.090954892,"usa"
"33",1973-10-01,7.4,944,6.9,13198,9,9.86,-2.2,2737,539,244813.842965449,"usa"
"34",1973-11-01,7.8,733,6.71,14368,9,9.94,-0.283366221632601,3222.90878832237,479.729266531804,241118.16567646,"usa"
"35",1973-12-01,8.3,339,6.69,14373,9,9.75,2.51792211787081,3460.78295196643,542.052810361901,237459.869087924,"usa"
"36",1974-01-01,8.7,802,6.9,14378,9,9.75,3.8,3383,795,233838.763199843,"usa"
"37",1974-02-01,9.4,574,7,14565,9,9.73,1.98150904635437,2960.17879181992,1248.19734733139,230254.658012216,"usa"
"38",1974-03-01,10,83,7.01,14643,9,9.21,-1.22888256102816,2315.90358813923,1673.65993774366,226707.363525043,"usa"
"39",1974-04-01,10.4,-299,7.41,14588,10,8.85,-3.3,1612,1784,223196.689738323,"usa"
"40",1974-05-01,10.1,-10,7.66,14642,10,10.02,-2.49822551934041,986.190859212765,1409.92578858709,219722.446652058,"usa"
"41",1974-06-01,10.7,-695,7.52,14870,13,11.25,-0.280169651535954,479.787880661843,854.529660885667,216284.444266247,"usa"
"42",1974-07-01,10.9,-433,7.64,14946,13,11.54,1.1,110,539,212882.49258089,"usa"
"43",1974-08-01,11.5,-793,7.89,14912,9.25,11.97,0.0743559939702567,-116.608895337649,749.951350172118,209516.401595987,"usa"
"44",1974-09-01,10.9,-967,8.11,15460,9.25,12,-2.18006846245765,-236.0551107866,1235.70290019515,206185.981311538,"usa"
"45",1974-10-01,11.9,-485,7.94,15893,9.25,12,-3.8,-295,1610,202891.041727543,"usa"
"46",1974-11-01,12.1,-211,7.79,15890,9.25,11.68,-3.4917910491332,-299.125648232539,1583.86140331704,199631.392844002,"usa"
"47",1974-12-01,12.2,-133,7.64,15839,9.25,10.83,-2.24029723937419,-90.1970671450737,1257.39947907447,196406.844660915,"usa"
"48",1975-01-01,12.3,-654,7.4,15884,9.25,10.5,-1.6,531,828,193217.207178282,"usa"
"49",1975-02-01,11.8,-356,7.53,15948,8,10.05,-2.59978439003003,1665.4077845641,470.158592115297,190062.290396103,"usa"
"50",1975-03-01,11.2,970,7.46,16132,7,8.96,-4.16614998745301,3020.88041640393,266.810294618063,186941.904314378,"usa"
"51",1975-04-01,10.3,1291,8.01,16256,6,7.93,-4.7,4207,278,183855.858933107,"usa"
"52",1975-05-01,10.2,999,8.31,16183,5.25,7.5,-3.07573805741333,4913.67969516131,514.541265258814,180803.96425229,"usa"
"53",1975-06-01,9.5,1279,8.04,16280,5.25,7.4,-0.0617694774804267,5152.15688301083,790.322305416236,177786.030271927,"usa"
"54",1975-07-01,9.4,1946,7.96,16242,6.5,7.07,3.1,5014,870,174801.866992019,"usa"
"55",1975-08-01,9.7,949,8.2,16084,6.5,7.15,5.38051439746112,4621.31787923509,611.083754256853,171851.284412564,"usa"
"56",1975-09-01,8.6,1046,8.22,16117,6.5,7.66,6.60211678626361,4218.38094044164,242.493076309585,168934.092533563,"usa"
"57",1975-10-01,7.9,899,8.48,16292,6.5,7.88,6.8,4080,85.9999999999999,166050.101355016,"usa"
"58",1975-11-01,7.4,920,7.91,16568,4.88,7.96,6.15368046756885,4362.93767678722,361.975569565626,163199.120876924,"usa"
"59",1975-12-01,7.4,1169,8.14,16592,4.88,7.53,5.41996899909267,4751.76379966706,885.186870826904,160380.961099285,"usa"
"60",1976-01-01,6.9,817,7.76,16226,4.88,7.26,5.5,4813,1369,157595.4320221,"usa"
"61",1976-02-01,6.7,-4,7.8,16623,4.88,7,6.9121711396709,4256.4869691716,1591.71767118435,154842.34364537,"usa"
"62",1976-03-01,6.3,-143,7.77,16662,4.75,6.75,8.64393314329164,3365.34163866789,1591.38907001243,152121.505969093,"usa"
"63",1976-04-01,6.1,-482,7.66,16941,4.75,6.75,9.3,2566,1471,149432.728993271,"usa"
"64",1976-05-01,6,-333,7.67,17437,4.75,6.75,7.93837571448828,2161.37370578563,1321.19078273403,146775.822717902,"usa"
"65",1976-06-01,6.2,313,7.96,17955,5.5,6.75,5.43022435366671,1960.27705306877,1183.21981208634,144150.597142988,"usa"
"66",1976-07-01,6,-613,7.86,18477,5.5,7.2,3.1,1648,1086,141556.862268527,"usa"
"67",1976-08-01,5.4,-674,7.86,18245,5.13,7.25,1.96395563200561,1021.64783731552,1046.25993862029,138994.428094521,"usa"
"68",1976-09-01,5.7,-547,7.66,18586,5.13,7.01,1.80553981241191,325.587186094069,1031.99094090146,136463.104620968,"usa"
"69",1976-10-01,5.5,-766,7.55,18946,5.13,7,2.1,-84.0000000000005,999,133962.70184787,"usa"
"70",1976-11-01,5.5,-709,7.42,19013,5.13,6.77,2.41691286860039,8.146056063392,919.547240562598,131493.029775226,"usa"
"71",1976-12-01,4.9,-1020,7.01,19416,5,6.5,2.70317195224122,253.596424777177,831.705313196713,129053.898403035,"usa"
"72",1977-01-01,4.9,-787,6.81,18747,5.88,6.35,3,163,790,126645.117731299,"usa"
"73",1977-02-01,5.2,-744,7.4,19087,5.88,6.25,3.36098548618541,-592.565394902425,830.180728758949,124266.497760017,"usa"
"74",1977-03-01,5.9,-2817,7.45,19122,5.88,6.25,3.88917978603064,-1700.30621853611,912.891510015394,121917.848489189,"usa"
"75",1977-04-01,6.4,-2352,7.42,19121,5.88,6.25,4.7,-2687,980,119598.979918814,"usa"
"76",1977-05-01,7,-1851,7.45,18868,5.88,6.25,5.83914518665796,-3184.69929126851,990.359474031234,117309.702048894,"usa"
"77",1977-06-01,6.7,-626,7.38,19194,5.88,6.41,7.07344223696957,-3246.55673581792,970.765683778749,115049.824879428,"usa"
"78",1977-07-01,6.9,-3259,7.2,19156,5.88,6.75,8.1,-3031,965,112819.158410416,"usa"
"79",1977-08-01,6.8,-1908,7.42,18927,5.88,6.75,8.63058191533089,-2713.23003261614,1000.34433807908,110617.512641858,"usa"
"80",1977-09-01,6.6,-2466,7.28,19056,5.88,6.83,8.43556978460961,-2535.54091226628,1038.08279190665,108444.697573754,"usa"
"81",1977-10-01,6.6,-1748,7.41,18989,6,7.13,7.3,-2757,1023,106300.523206104,"usa"
"82",1977-11-01,6.4,-3311,7.62,19047,6.25,7.52,5.15334196683331,-3542.41761530398,924.040951430227,104184.799538908,"usa"
"83",1977-12-01,6.7,-2971,7.55,19155,6.5,7.75,2.50279714311051,-4679.57591141327,806.792037483555,102097.336572166,"usa"
"84",1978-01-01,6.7,-2339,7.78,19312,6.5,7.75,8.88178419700125e-16,-5862,761,100037.944305878,"usa"
"85",1978-02-01,6.8,-3429,7.94,19455,6.5,7.93,-1.64765348636783,-6798.173580242,854.41778212594,98006.4327400437,"usa"
"86",1978-03-01,6.4,-4307,8.04,19373,6.75,8,-1.50972132001461,-7256.4147013399,1066.82313223321,96002.6118746638,"usa"
"87",1978-04-01,6.6,-2806,8.15,19191,6.75,8,1.4,-7020,1356,94026.2917097379,"usa"
"88",1978-05-01,6.5,-2806,8.24,18843,6.75,8,7.32245716382319,-6012.99917483912,1681.62125339935,92077.282245266,"usa"
"89",1978-06-01,7,-2173,8.42,18965,7.25,8.27,13.5175696184294,-4722.65417211602,2010.91543358362,90155.3934812482,"usa"
"90",1978-07-01,7.4,-1623,8.62,18864,7.5,8.63,16.5,-3777,2313,88260.4354176844,"usa"
"91",1978-08-01,7.7,-2908,8.56,18832,7.75,9,13.9948618681121,-3595.86675743857,2552.28238946185,86392.2180545746,"usa"
"92",1978-09-01,7.8,-1802,8.39,18783,7.88,9.01,8.56907247592652,-3766.2649064923,2674.32994824714,84550.5513919188,"usa"
"93",1978-10-01,8.3,-1639,8.56,18850,8.25,9.41,4,-3667,2620,82735.2454297171,"usa"
"94",1978-11-01,8.9,-1815,8.96,18935,8.75,9.94,3.03883610446917,-2867.23749911031,2359.8047443088,80946.1101679694,"usa"
"95",1978-12-01,8.9,-1408,8.86,17968,9.75,10.94,4.3320664037904,-1697.58249821108,1982.87588453892,79182.9556066757,"usa"
"96",1979-01-01,9,-1631,9.15,18650,9.88,11.55,5.5,-679,1608,77445.5917458361,"usa"
"97",1979-02-01,9.3,-3194,8.95,20469,10,11.75,4.76831223252976,-209.664727601682,1349.16529996963,75733.8285854505,"usa"
"98",1979-03-01,9.9,-954,9.17,20292,10,11.75,2.78414339039336,-196.590285848557,1301.16651359718,74047.4761255189,"usa"
"99",1979-04-01,10.1,-1002,9.11,21658,10,11.75,0.799999999999999,-424,1554,72386.3443660413,"usa"
"100",1979-05-01,10.5,-1822,9.35,21403,10.25,11.75,-0.186159108662265,-687.214701594074,2136.05257433121,70750.2433070178,"usa"
"101",1979-06-01,10.9,-2448,9.06,22299,10.25,11.75,-0.194565891289781,-825.945247283579,2829.27287588716,69138.9829484483,"usa"
"102",1979-07-01,10.9,-2122,8.81,21268,10.25,11.65,0.5,-691,3354,67552.3732903328,"usa"
"103",1979-08-01,11.3,-1208,9.01,20044,10.25,11.54,1.58002790582301,-204.476466022021,3514.32810640923,65990.2243326714,"usa"
"104",1979-09-01,11.8,-2703,9.24,20046,11.38,11.91,2.55708313772872,426.371274982874,3449.3716124838,64452.3460754639,"usa"
"105",1979-10-01,12.2,-2587,9.44,18557,11.38,12.9,2.9,923,3382,62938.5485187105,"usa"
"106",1979-11-01,12.1,-2362,10.72,18016,11.5,14.39,2.30678822611097,1046.8613064229,3468.19055558741,61448.6416624112,"usa"
"107",1979-12-01,12.6,-1866,10.38,19285,15.5,15.55,1.39215926630082,719.386073278011,3596.35178528875,59982.4355065658,"usa"
"108",1980-01-01,13.3,-3194,10.33,18956,14,15.3,0.999999999999999,-98,3588,58539.7400511745,"usa"
"109",1980-02-01,13.9,-3541,11.11,20989,14,15.25,1.60022659714052,-1354.37616707698,3352.13189346334,57120.3652962372,"usa"
"110",1980-03-01,14.2,-4629,12.69,20887,14,15.63,2.16687238966059,-2640.84149402084,3147.66569080566,55724.1212417539,"usa"
"111",1980-04-01,14.8,-2542,12.6,21491,20,18.31,1.3,-3459,3321,54350.8178877247,"usa"
"112",1980-05-01,14.7,-803,10.71,21645,11.5,19.77,-1.80769461467305,-3414.94923070756,4077.20779648514,53000.2652341495,"usa"
"113",1980-06-01,14.4,-2550,10.2,21918,11.5,16.57,-5.59298215827653,-2532.76083793538,5056.0595255627,51672.2732810283,"usa"
"114",1980-07-01,14.4,-1526,9.43,21943,10.75,12.63,-7.9,-940.999999999999,5756,50366.6520283612,"usa"
"115",1980-08-01,13.1,-172,10.25,21845,9.5,11.48,-7.17315184215204,1140.17308990724,5806.81469837386,49083.211476148,"usa"
"116",1980-09-01,12.9,117,10.83,22691,9.5,11.12,-4.25790671951744,3124.21817909571,5363.65176249909,47821.7616243889,"usa"
"117",1980-10-01,12.6,-356,11.83,22994,10,12.23,-0.6,4333,4713,46582.1124730839,"usa"
"118",1980-11-01,12.8,-512,12.42,23966,12,13.79,2.62252420550344,4305.29390811565,4094.94081742682,45364.0740222328,"usa"
"119",1980-12-01,12.6,-543,12.42,25673,13.75,16.06,5.30238681412405,3447.51775118216,3563.92601703351,44167.4562718358,"usa"
"120",1981-01-01,12.5,-1578,12.41,26756,18,20.35,7.6,2383,3128,42992.0692218928,"usa"
"121",1981-02-01,11.8,-2940,12.67,28316,18,20.16,9.47935131643458,1615.83646281534,2820.19980969665,41837.7228724038,"usa"
"122",1981-03-01,11.4,-1354,13.41,29682,16,19.43,10.1187298333916,1173.19229765713,2773.53305825574,40704.2272233689,"usa"
"123",1981-04-01,10.5,1023,13.1,30410,16,18.05,8.5,963,3146,39591.392274788,"usa"
"124",1981-05-01,10,-1482,14.08,29693,16,17.15,4.24155201023971,908.804685067425,3982.11179563842,38499.0280266611,"usa"
"125",1981-06-01,9.8,-1352,13.4,29395,16,19.61,-0.492120962505282,996.601947078211,4872.423231425,37426.9444789883,"usa"
"126",1981-07-01,9.6,-1274,13.85,29582,15.5,20.03,-2.9,1228,5294,36374.9516317694,"usa"
"127",1981-08-01,10.8,375,14.65,28867,15.5,20.39,-1.18630009813417,1577.981833952,4982.72337812005,35342.8594850046,"usa"
"128",1981-09-01,10.8,-3011,15.37,29265,15.5,20.5,2.4238280907036,1915.02954365966,4709.73697900723,34330.4780386939,"usa"
"129",1981-10-01,11,-523,15.82,29715,15.5,20.08,4.7,2081,5505,33337.6172928371,"usa"
"130",1981-11-01,10.1,-2919,14.61,30248,15.5,18.45,3.30735208600069,1946.93464579126,7904.06876595547,32364.0872474344,"usa"
"131",1981-12-01,9.6,-2360,13.22,31001,13,16.84,-0.506895104012813,1500.6132116165,10464.8881118053,31409.6979024857,"usa"
"132",1982-01-01,8.9,134,13.96,30075,13,15.75,-4.6,759,11251,30474.2592579911,"usa"
"133",1982-02-01,8.4,-2895,14.11,30097,15,15.75,-7.17644157920191,-157.868565265175,9013.26081731735,29557.5813139504,"usa"
"134",1982-03-01,7.6,138,13.94,30061,15,16.56,-7.82958100798568,-717.667575310834,5251.78464784547,28659.4740703638,"usa"
"135",1982-04-01,6.8,-462,14.14,29944,15,16.5,-6.5,-285,2154,27779.7475272312,"usa"
"136",1982-05-01,6.5,1322,13.84,31556,13,16.5,-3.41640058400787,1422.46554119537,1323.18426107144,26918.2116845527,"usa"
"137",1982-06-01,6.7,-1322,13.77,30914,13,16.5,0.0400339507703613,3274.79783036758,2026.0103338498,26074.6765423282,"usa"
"138",1982-07-01,7.1,-1333,14.4,30671,13,16.5,2.2,3789,2945,25248.9521005577,"usa"
"139",1982-08-01,6.4,-720,13.66,31227,13,16.26,1.92722910041856,1981.59899307629,3096.92806432283,24440.8483592412,"usa"
"140",1982-09-01,5.9,-4398,12.79,31232,11,14.39,0.217593353052385,-1132.78300541874,2835.58142416272,23650.1753183787,"usa"
"141",1982-10-01,5,-2192,11.99,30993,9.5,13.5,-1.4,-4040,2849,22876.7429779703,"usa"
"142",1982-11-01,5.1,-3419,11.12,31712,10,12.52,-1.73696026211083,-5545.15780979683,3575.84422237798,22120.3613380159,"usa"
"143",1982-12-01,4.6,-2124,11.25,34006,9.5,11.85,-0.965962918535456,-5730.36951239632,4457.25656209191,21380.8403985156,"usa"
"144",1983-01-01,3.8,-1891,10.31,33957,9,11.5,0.4,-4997,4685,20657.9901594692,"usa"
"145",1983-02-01,3.7,-1798,10.77,33935,8.5,11.16,1.93542676283958,-3791.52330944453,3743.06541653562,19951.6206208769,"usa"
"146",1983-03-01,3.5,-1395,10.21,34232,8.5,10.98,3.56477683960796,-2740.85005610709,2284.35529043262,19261.5417827386,"usa"
"147",1983-04-01,3.6,-1741,10.6,34261,8.5,10.5,5.3,-2517,1254,18587.5636450544,"usa"
"148",1983-05-01,3.9,-2975,10.24,34173,8.5,10.5,7.08414209964141,-3581.11932279544,1341.67188925733,17929.4962078242,"usa"
"149",1983-06-01,3.5,-4947,10.85,33931,9.63,10.5,8.58463333788139,-5550.85989280496,2215.21116506651,17287.1494710479,"usa"
"150",1983-07-01,2.6,-3113,10.92,33877,9.63,10.5,9.4,-7833,3287,16660.3334347258,"usa"
"151",1983-08-01,2.5,-4621,11.73,33372,9.63,10.5,9.29096780155773,-9918.74014011447,4052.50628569431,16048.8580988576,"usa"
"152",1983-09-01,2.6,-5411,11.79,32624,9.63,10.89,8.66706017923683,-11636.9696319323,4339.54079004208,15452.5334634435,"usa"
"153",1983-10-01,2.9,-4473,11.39,33066,9.5,11,8.1,-12901,4059,14871.1695284834,"usa"
"154",1983-11-01,2.9,-6858,11.7,33273,9.5,11,8.01494965709063,-13710.9201167467,3227.34000500248,14304.5762939774,"usa"
"155",1983-12-01,3.3,-5610,11.61,33655,9.5,11,8.25082964887497,-14413.9282461324,2283.25530439481,13752.5637599253,"usa"
"156",1984-01-01,3.8,-5236,11.78,33748,9.5,11,8.5,-15444,1771,13214.9419263273,"usa"
"157",1984-02-01,4.2,-7917,11.63,33888,9.5,11,8.52701134785755,-17090.4312447507,2108.54110170317,12691.5207931833,"usa"
"158",1984-03-01,4.6,-8814,12,34818,9.5,11,8.38517678081885,-19063.7988650195,3208.69725163794,12182.1103604934,"usa"
"159",1984-04-01,4.8,-8644,12.5,34975,9.5,11.21,8.2,-20930,4858,11686.5206282574,"usa"
"160",1984-05-01,4.6,-10176,12.79,34585,10.5,11.93,8.04367161814586,-22325.0956449914,6756.2733659626,11204.5615964755,"usa"
"161",1984-06-01,4.2,-7656,13.87,34713,10.5,12.39,7.77512989451631,-23165.8022197156,8256.511244609,10736.0432651477,"usa"
"162",1984-07-01,4.2,-7193,13.82,34547,10.5,12.6,7.2,-23439,8625,10280.7756342738,"usa"
"163",1984-08-01,4.2,-11938,12.89,34391,11,13,6.20941329067012,-23230.1491382467,7455.0321011131,9838.568703854,"usa"
"164",1984-09-01,4.3,-8501,12.85,34760,11,13,5.03652586333812,-23019.0292931553,5647.92443659272,9409.23247388821,"usa"
"165",1984-10-01,4.3,-9957,12.46,34307,11.75,12.97,4,-23384,4432,8992.57694437645,"usa"
"166",1984-11-01,4.3,-8292,11.77,34570,11.75,12.58,3.35571225621068,-24639.3448390589,4662.89452588129,8588.41211531871,"usa"
"167",1984-12-01,4.1,-8856,11.59,34728,10,11.77,3.10839628176082,-26043.0435706262,5705.49471272381,8196.547986715,"usa"
"168",1985-01-01,3.9,-6711,11.54,34934,9,11.06,3.2,-26589,6552,7816.79455856532,"usa"
"169",1985-02-01,3.5,-8740,11.14,34380,8.25,10.61,3.53810805485753,-25659.9900240363,6456.68609165805,7448.96183086966,"usa"
"170",1985-03-01,3.5,-9976,11.92,34273,8.25,10.5,3.89285197258156,-24194.2779058216,5722.13374954908,7092.85980362803,"usa"
"171",1985-04-01,3.7,-9527,11.63,35493,9,10.5,4,-23519,4913,6748.29847684043,"usa"
"172",1985-05-01,3.7,-10553,11.39,35493,8.5,10.5,3.72518885769255,-24560.6209907219,4471.39814452357,6415.08785050685,"usa"
"173",1985-06-01,3.8,-11308,10.28,35782,8.25,10.31,3.45352916124626,-26642.9188801617,4349.26658537615,6093.03792462731,"usa"
"174",1985-07-01,3.8,-12024,10.23,36087,7.75,9.78,3.7,-28689,4376,5781.95869920179,"usa"
"175",1985-08-01,3.6,-9305,10.55,37071,7.75,9.5,4.74632169955746,-29898.340827891,4425.27688580323,5481.66017423029,"usa"
"176",1985-09-01,3.3,-8747,10.32,37154,7.75,9.5,5.94117953058156,-30575.8984253834,4547.91102005742,5191.95234971283,"usa"
"177",1985-10-01,3.1,-14119,10.28,38294,8,9.5,6.4,-31303,4839,4912.64522564939,"usa"
"178",1985-11-01,3.2,-10235,9.99,41657,8,9.5,5.55248730704056,-32477.756438455,5317.49431226351,4643.54880203998,"usa"
"179",1985-12-01,3.5,-12418,9.62,42851,8,9.5,4.08545642013122,-33765.4133442304,5697.75600106084,4384.47307888459,"usa"
"180",1986-01-01,3.8,-15873,8.98,43186,8,9.5,3,-34648,5618,4135.22805618324,"usa"
"181",1986-02-01,3.9,-11684,9.04,43673,7.75,9.5,2.99187722042843,-34775.0778627334,4880.52364292052,3895.62373393591,"usa"
"182",1986-03-01,3.1,-9987,8.14,45504,7.75,9.5,3.53551330741207,-34466.3370865837,3943.95386458811,3665.4701121426,"usa"
"183",1986-04-01,2.3,-10766,7.37,44919,7.75,9.1,3.8,-34209,3431,3444.57719080333,"usa"
"184",1986-05-01,1.6,-10936,7.36,46492,7.25,8.83,3.22444825569016,-34381.9321106115,3773.96667160996,3232.75496991808,"usa"
"185",1986-06-01,1.5,-9778,8.06,45249,6.75,8.5,2.32804590577604,-34930.5716427681,4643.53965169783,3029.81344948686,"usa"
"186",1986-07-01,1.8,-9333,7.33,46595,6.88,8.5,1.9,-35692,5520,2835.56262950966,"usa"
"187",1986-08-01,1.6,-10746,7.32,47430,6.88,8.16,2.46218160866278,-36519.0455466725,6096.68374471372,2649.8125099865,"usa"
"188",1986-09-01,1.6,-11660,6.92,48161,6.38,7.9,3.46711788429858,-37327.524490492,6919.14678787982,2472.37309091736,"usa"
"189",1986-10-01,1.8,-12964,7.43,48087,5.88,7.5,4.1,-38049,8746,2303.05437230224,"usa"
"190",1986-11-01,1.5,-10567,7.31,47089,5.88,7.5,3.78608456891799,-38623.1449619578,11961.187238424,2141.66635414116,"usa"
"191",1986-12-01,1.3,-12713,7.2,47825,5.88,7.5,2.91088996443704,-39022.0711360048,15449.984307894,1988.0190364341,"usa"
"192",1987-01-01,1.1,-10849,7.22,48516,5.88,7.5,2.1,-39226,17723,1841.92241918107,"usa"
"193",1987-02-01,1.5,-12886,7.16,49387,6,7.5,1.8490356712208,-39244.5968277186,17680.8265608494,1703.18650238207,"usa"
"194",1987-03-01,2.1,-10889,7.17,49360,6,7.5,2.13376670239769,-39205.3020766001,15783.9900546183,1571.62128603709,"usa"
"195",1987-04-01,3,-11340,7.48,48824,6,7.5,2.8,-39265,12883,1447.03677014614,"usa"
"196",1987-05-01,3.8,-11365,8.18,46592,6.5,7.75,3.65851348693954,-39520.5047642048,9899.95096262281,1329.24295470922,"usa"
"197",1987-06-01,3.9,-12671,8.5,45913,6.5,8.14,4.37996915189811,-39828.3501872244,8043.27769585504,1218.04983972632,"usa"
"198",1987-07-01,3.7,-12058,8.37,45140,6.75,8.25,4.6,-39985,8593,1113.26742519745,"usa"
"199",1987-08-01,3.9,-11755,8.65,44319,6.75,8.25,4.14283630694697,-39883.8285599068,12209.962181252,1014.70571112261,"usa"
"200",1987-09-01,4.3,-12961,9,45915,6.75,8.25,3.58709743075061,-39805.8527300577,17078.306569369,922.174697501799,"usa"
"201",1987-10-01,4.4,-11646,9.59,45071,6.75,8.7,3.7,-40129,20763,835.484384335012,"usa"
"202",1987-11-01,4.5,-13741,8.86,46201,7.25,9.07,4.91828943342074,-41008.8846998718,21416.6077197768,754.444771622252,"usa"
"203",1987-12-01,4.5,-11516,9.03,46779,6.88,8.78,6.35682631028462,-41711.8685221744,19542.0886192617,678.86585936352,"usa"
"204",1988-01-01,4.4,-11195,8.85,45798,6.88,8.75,6.8,-41282,16230,608.557647558815,"usa"
"205",1988-02-01,4,-9821,8.24,42954,6.88,8.75,5.48770966307379,-39108.3733813469,12565.3847174187,543.330136208136,"usa"
"206",1988-03-01,3.9,-11881,8.2,43064,6.63,8.51,3.4818936244072,-35960.2657738374,9611.22784247303,482.993325311485,"usa"
"207",1988-04-01,3.9,-8626,8.55,43186,6.5,8.5,2.3,-32952,8425,427.357214868861,"usa"
"208",1988-05-01,3.9,-7960,8.87,42730,6.75,8.5,2.96050154391373,-30938.1402932593,9607.44600314089,376.231804880265,"usa"
"209",1988-06-01,3.9,-7345,9.19,41949,6.75,8.84,4.48596956245696,-29734.2165306243,11932.4074182536,329.427095345695,"usa"
"210",1988-07-01,4,-9898,8.8,41028,7.25,9,5.4,-28896,13717,286.753086265153,"usa"
"211",1988-08-01,4.1,-7593,9.11,43876,7.5,9.29,4.69250638349351,-28119.6580382084,13825.6831218696,248.019777638637,"usa"
"212",1988-09-01,4,-9098,9.22,47779,7.75,9.84,3.21867257020942,-27662.9421777395,13312.2906326609,213.037169466149,"usa"
"213",1988-10-01,4.2,-7776,8.86,47788,8.25,10,2.3,-27924,13778,181.615261747688,"usa"
"214",1988-11-01,4.2,-7652,8.62,50204,8.25,10,2.86206551470484,-29093.2645909441,16259.3029908623,153.564054483254,"usa"
"215",1988-12-01,4.2,-9127,9.07,48944,8.25,10.05,4.24674756411279,-30530.3110547142,19533.9485696213,128.693547672847,"usa"
"216",1989-01-01,4.4,-9624,9.13,47802,8.38,10.5,5.4,-31387,21815,106.813741316468,"usa"
"217",1989-02-01,4.7,-7287,8.98,48190,8.75,10.5,5.5333056317612,-31055.8761906079,21825.0308406071,87.7346354141151,"usa"
"218",1989-03-01,4.8,-8223,9.29,49373,8.75,10.93,4.92026309926535,-29892.2210108113,20324.6558295945,71.2662299657896,"usa"
"219",1989-04-01,5,-7221,9.27,49854,9.75,11.5,4.1,-28492,18584,57.2185249714913,"usa"
"220",1989-05-01,5.1,-6128,9.03,50304,9.75,11.5,3.51582306936148,-27315.4899058834,17528.8699430057,45.4015204312202,"usa"
"221",1989-06-01,5.4,-8253,8.64,54941,9.75,11.5,3.22775559438135,-26280.2123094482,16707.798482371,35.6252163449761,"usa"
"222",1989-07-01,5.2,-6518,8.07,60504,9.75,11.07,3.2,-25168,15325,27.6996127127592,"usa"
"223",1989-08-01,5,-6800,7.8,63462,9.63,10.98,3.34784653523734,-23866.6827043768,13016.9338318147,21.4347095345694,"usa"
"224",1989-09-01,4.7,-7732,8.3,62364,9,10.5,3.39093674543147,-22688.0778995442,11149.0391298103,16.6405068104067,"usa"
"225",1989-10-01,4.3,-6600,8.28,68418,9,10.5,3,-22050,11519,13.1270045402711,"usa"
"226",1989-11-01,4.5,-7531,7.91,70809,9,10.5,2.02982782672619,-22230.1866840168,15139.8021371429,10.7042027241627,"usa"
"227",1989-12-01,4.7,-7631,7.87,72560,8.5,10.5,1.07146038685575,-22946.0686849675,19885.6375909804,9.18210136208134,"usa"
"228",1990-01-01,4.6,-4571,7.92,74609,8.5,10.5,0.899999999999999,-23775,22846,8.37070045402711,"usa"
"229",1990-02-01,5.2,-7454,8.41,75506,8.25,10.11,1.98099030600605,-24328.8668558523,21994.2650270213,8.08,"usa"
"230",1990-03-01,5.3,-5141,8.56,74174,8.25,10,3.54174022566407,-24357.6843976229,18839.3364321939,8.12,"usa"
"231",1990-04-01,5.2,-6330,8.63,76303,8.25,10,4.5,-23646,15774,8.35,"usa"
"232",1990-05-01,4.7,-5281,9.02,76283,8.25,10,4.09435909739777,-22149.1236703516,14551.3970140314,8.58,"usa"
"233",1990-06-01,4.4,-5617,8.62,77028,8.25,10,2.84676389567318,-20505.4159467633,14366.0907543181,8.22,"usa"
"234",1990-07-01,4.7,-4522,8.41,77299,8.25,10,1.6,-19524,13773,8.05,"usa"
"235",1990-08-01,4.8,-6480,8.33,77906,8.25,10,0.967499230328806,-19750.7495738522,11816.5543242606,7.72,"usa"
"236",1990-09-01,5.6,-6706,8.86,78909,8,10,0.645278265717306,-20678.5407042128,9499.2264764595,7.76,"usa"
"237",1990-10-01,6.2,-6500,8.8,80024,8,10,0.1,-21537,8313,7.69,"usa"
"238",1990-11-01,6.3,-6486,8.63,82852,8,10,-1.02361527797225,-21491.507663869,9163.71902225942,7.43,"usa"
"239",1990-12-01,6.3,-6587,8.29,83060,7.75,10,-2.36861769928314,-19450.4582734225,10612.6700065105,7.31,"usa"
"240",1991-01-01,6.1,-3288,8.07,83316,7.5,10,-3.4,-14258,10635,6.82,"usa"
"241",1991-02-01,5.7,-4216,8.02,85009,7,9.52,-3.68044552584721,-5566.77532622721,8027.42143855354,6.51,"usa"
"242",1991-03-01,5.3,-2999,8.06,82798,6.25,9.05,-3.16340006117734,3736.59602012512,4872.90831231317,6.41,"usa"
"243",1991-04-01,4.9,-1710,8.04,78003,6.25,9,-1.9,9957,4076,6.28,"usa"
"244",1991-05-01,4.9,-702,8.01,78297,5.75,9,-0.0434915075277957,10486.5719317408,7374.63226056346,6.06,"usa"
"245",1991-06-01,5,-1382,8.08,78263,5.75,8.5,1.84444016621472,7066.44456329242,11840.3263738664,6.16,"usa"
"246",1991-07-01,4.7,-1152,8.23,74940,5.75,8.5,3.1,2525,13378,6.32,"usa"
"247",1991-08-01,4.4,-1303,8.14,74816,5.75,8.5,3.2618189633658,-851.697585921257,9343.45692660003,6.19,"usa"
"248",1991-09-01,3.8,-1805,7.85,73514,5.75,8.5,2.67823198891106,-2946.85575477627,2896.04545148051,5.72,"usa"
"249",1991-10-01,3.4,-2090,7.45,74731,5.5,8.2,1.9,-4186,-1354,5.42,"usa"
"250",1991-11-01,2.9,-1303,7.45,74508,5,8,1.39991935776829,-4934.59640287061,-207.941448445078,5.1,"usa"
"251",1991-12-01,3,-63,7.41,74651,5,7.58,1.33892817443735,-5317.87339603917,3886.97330169305,4.69,"usa"
"252",1992-01-01,3.1,-1671,6.69,77719,4.75,7.21,1.8,-5401,7072,4.12,"usa"
"253",1992-02-01,2.6,-2026,7.29,75867,4,6.5,2.77924434630177,-5313.32421000373,6581.19775606916,4.23,"usa"
"254",1992-03-01,2.8,-831,7.25,75089,4,6.5,3.92531457259882,-5440.9099203263,4019.83911952506,4.35,"usa"
"255",1992-04-01,3.2,-2641,7.53,74657,4,6.5,4.8,-6234,2086,4.54,"usa"
"256",1992-05-01,3.2,-3109,7.59,74712,4,6.5,5.07939955332094,-7949.55120155893,2695.74301676102,4.4,"usa"
"257",1992-06-01,3,-3919,7.36,74587,3.75,6.5,4.89685057220441,-10071.3758115445,4637.07762761412,4.24,"usa"
"258",1992-07-01,3.1,-2824,7.12,77092,3.75,6.5,4.5,-11890,5916,4.05,"usa"
"259",1992-08-01,3.2,-2781,6.69,77371,3.75,6.02,4.1142685515256,-12928.2117245013,5170.34869540526,3.62,"usa"
"260",1992-09-01,3.1,-4455,6.66,78475,3.25,6,3.87617202747242,-13637.8460927549,3565.33185149996,3.47,"usa"
"261",1992-10-01,3,-3530,6.35,78527,3.25,6,3.9,-14703,2898,3.06,"usa"
"262",1992-11-01,3.2,-3520,6.78,74206,3,6,4.2042669813174,-16508.3056041396,4388.71405346977,3.54,"usa"
"263",1992-12-01,3,-3968,6.93,72232,3,6,4.42438724383183,-18240.5361137322,6951.07644786753,3.83,"usa"
"264",1993-01-01,2.9,-5603,6.68,71324,3,6,4.1,-18787,8922,3.61,"usa"
"265",1993-02-01,3.3,-3871,6.37,71962,3,6,2.97607093061219,-17501.380673755,9134.86916478972,3.39,"usa"
"266",1993-03-01,3.2,-3596,6.08,72847,3,6,1.61887158979286,-15602.8613041681,8408.9549496225,3.32,"usa"
"267",1993-04-01,3.1,-6777,6.02,74378,3,6,0.800000000000001,-14777,8060,3.32,"usa"
"268",1993-05-01,3.2,-6445,6.03,75644,3,6,1.03589374067826,-16157.0605897293,8994.62410218618,3.26,"usa"
"269",1993-06-01,3.2,-4369,6.14,76711,3,6,1.82234861921895,-18667.1297807065,10482.9556054943,3.62,"usa"
"270",1993-07-01,3,-6929,5.77,73969,3,6,2.4,-20679,11386,3.45,"usa"
"271",1993-08-01,2.8,-6382,5.8,74139,3,6,2.25813188445253,-21077.7473376981,11027.5233153544,3.53,"usa"
"272",1993-09-01,2.8,-5581,5.47,75230,3,6,1.88062282222024,-20801.5825359688,10582.3337395113,3.38,"usa"
"273",1993-10-01,2.7,-7031,5.38,75835,3,6,2,-21302,11688,3.39,"usa"
"274",1993-11-01,2.8,-6594,5.41,74549,3,6,3.07972686965977,-23514.9500594784,15224.4307845442,3.47,"usa"
"275",1993-12-01,2.7,-7016,5.79,74043,3,6,4.50701194375194,-26314.2067420851,19040.8946216455,3.65,"usa"
"276",1994-01-01,2.7,-5719,5.79,73406,3,6,5.4,-28058,20229,3.63,"usa"
"277",1994-02-01,2.5,-6207,5.64,74243,3,6,5.17110878505653,-27639.4524243884,16878.2720649874,3.53,"usa"
"278",1994-03-01,2.5,-9245,6.2,75766,3,6,4.40984792129051,-26091.2571623575,11069.9025887215,4.03,"usa"
"279",1994-04-01,2.5,-6466,6.75,76810,3.25,6.06,4,-24981,5883,4.5,"usa"
"280",1994-05-01,2.4,-7887,7.04,76565,3.5,6.45,4.52472687900298,-25454.9439466718,3690.18465921008,5.07,"usa"
"281",1994-06-01,2.3,-7728,7.16,74420,3.75,6.99,5.36470748219713,-26974.0609047813,4038.12465309807,5.38,"usa"
"282",1994-07-01,2.5,-8380,7.32,75731,4.25,7.25,5.6,-28578,5767,5.51,"usa"
"283",1994-08-01,2.8,-8739,7.09,75444,4.25,7.25,4.64109481004264,-29577.2532704058,7941.73003891305,5.37,"usa"
"284",1994-09-01,2.9,-8303,7.19,75740,4.25,7.51,3.22021103880988,-30365.6844037025,10526.1913914788,5.56,"usa"
"285",1994-10-01,3,-8310,7.6,76532,4.75,7.75,2.4,-31608,13709,5.96,"usa"
"286",1994-11-01,2.6,-9158,7.8,78171,4.75,7.75,2.88867165860424,-33662.9688976308,17383.5248147674,6.18,"usa"
"287",1994-12-01,2.7,-9615,7.91,74000,4.75,8.15,3.97667058478559,-35665.6088878162,20262.1468180237,6.91,"usa"
"288",1995-01-01,2.7,-8456,7.83,74335,5.5,8.5,4.6,-36445,20762,7.2,"usa"
"289",1995-02-01,2.8,-9324,7.59,76028,5.5,8.5,4.00421855554041,-35263.5378057377,17958.1336649805,6.84,"usa"
"290",1995-03-01,2.9,-8817,7.21,81440,6,9,2.67310662204776,-33116.8800450326,13557.2583734633,6.44,"usa"
"291",1995-04-01,2.9,-9708,7.19,86762,6,9,1.4,-31434,9924,6.49,"usa"
"292",1995-05-01,3.1,-9609,7.05,88756,6,9,0.81297263775265,-31219.9909905297,8853.05163642173,6.32,"usa"
"293",1995-06-01,3.2,-9090,6.32,90548,6,9,0.879051075171521,-31784.4264876091,9859.37524367851,5.8,"usa"
"294",1995-07-01,3,-10623,6.2,90063,6,9,1.4,-32013,11888,5.65,"usa"
"295",1995-08-01,2.8,-7688,6.43,91535,6,8.8,2.16981681937492,-31066.8315654769,14002.6968263696,5.67,"usa"
"296",1995-09-01,2.6,-6704,6.31,86648,5.75,8.75,2.9514298180069,-29208.7473378645,15742.2036147856,5.65,"usa"
"297",1995-10-01,2.5,-5924,6.15,87152,5.75,8.75,3.5,-26977,16764,5.65,"usa"
"298",1995-11-01,2.8,-6114,6,86224,5.75,8.75,3.6299823069699,-24899.6457105256,16988.6055025443,5.55,"usa"
"299",1995-12-01,2.6,-6514,5.77,85756,5.75,8.75,3.39300743057867,-23463.9545313032,17388.699186068,5.36,"usa"
"300",1996-01-01,2.5,-6271,5.57,85831,5.75,8.65,2.9,-23147,19200,5.18,"usa"
"301",1996-02-01,2.7,-8465,5.58,82718,5.25,8.5,2.3250687675603,-24194.770777606,23030.807089379,4.9,"usa"
"302",1996-03-01,2.7,-7319,6.15,84270,5.25,8.25,2.09505897819693,-25928.916018404,26979.7403816831,5.23,"usa"
"303",1996-04-01,2.8,-7756,6.33,84212,5.25,8.25,2.7,-27440,28518,5.41,"usa"
"304",1996-05-01,2.9,-8744,6.64,83710,5.25,8.25,4.3623352153815,-28125.9748827541,25961.3513251247,5.62,"usa"
"305",1996-06-01,2.9,-9259,6.8,83468,5.25,8.25,6.23416406404101,-28614.3443580436,21003.820768681,5.77,"usa"
"306",1996-07-01,2.8,-7460,6.71,83455,5.25,8.25,7.2,-29840,16184,5.7,"usa"
"307",1996-08-01,3,-10132,6.79,85099,5.25,8.25,6.52188666721,-32321.848209896,13570.8616841962,5.85,"usa"
"308",1996-09-01,2.9,-10357,6.94,76781,5.25,8.25,4.97198846934273,-34914.8546975696,13354.9024695186,5.91,"usa"
"309",1996-10-01,3,-10195,6.7,75509,5.25,8.25,3.7,-36058,15257,5.71,"usa"
"310",1996-11-01,3,-6635,6.36,75557,5.25,8.25,3.53159959725999,-34792.3730184026,18837.3500862387,5.44,"usa"
"311",1996-12-01,3.3,-7268,6.04,75444,5.25,8.25,3.99640057710657,-32567.4961109373,23013.4212050963,5.38,"usa"
"312",1997-01-01,3.3,-10475,6.41,75089,5.25,8.25,4.3,-31435,26542,5.51,"usa"
"313",1997-02-01,3,-11269,6.5,68200,5.25,8.25,3.89986309189819,-32741.7337905676,28469.3305634416,5.58,"usa"
"314",1997-03-01,3,-9776,6.59,67482,5.25,8.25,3.26092774074951,-35015.4201179404,28999.4867841704,5.67,"usa"
"315",1997-04-01,2.8,-8383,6.91,67222,5.25,8.3,3.1,-36079,28626,6.02,"usa"
"316",1997-05-01,2.5,-8086,6.71,65873,5.5,8.5,3.89487396107319,-34442.8029304383,27699.1054377726,5.9,"usa"
"317",1997-06-01,2.2,-8394,6.64,68054,5.5,8.5,5.16729586730278,-31366.7123061898,25995.8538804443,5.78,"usa"
"318",1997-07-01,2.3,-7154,6.5,67813,5.5,8.5,6.2,-28798,23150,5.67,"usa"
"319",1997-08-01,2.2,-7033,6.01,66120,5.5,8.5,6.44286328603127,-28280.5359691609,19305.3217595422,5.45,"usa"
"320",1997-09-01,2.2,-8743,6.37,66640,5.5,8.5,6.01433323448381,-29744.5825091521,16645.6902866449,5.59,"usa"
"321",1997-10-01,2.2,-9269,6.1,67148,5.5,8.5,5.2,-32717,17865,5.47,"usa"
"322",1997-11-01,2.1,-9089,5.82,68036,5.5,8.5,4.27811733924616,-36619.9420818069,24332.1260425772,5.36,"usa"
"323",1997-12-01,1.8,-9786,5.87,67112,5.5,8.5,3.49759341698422,-40456.7354349794,32115.8664544575,5.52,"usa"
"324",1998-01-01,1.7,-11289,5.73,69954,5.5,8.5,3.1,-43126,35960,5.51,"usa"
"325",1998-02-01,1.6,-10776,5.51,70003,5.5,8.5,3.22985254216926,-43929.6586665744,32403.3592553344,5.24,"usa"
"326",1998-03-01,1.4,-11564,5.69,70632,5.5,8.5,3.64344124572747,-43782.8461213007,25164.9920436733,5.41,"usa"
"327",1998-04-01,1.4,-12880,5.66,69353,5.5,8.5,4,-44004,19759,5.41,"usa"
"328",1998-05-01,1.4,-13940,5.67,70328,5.5,8.5,4.05432434392864,-45588.9417704141,19874.103602752,5.4,"usa"
"329",1998-06-01,1.7,-14202,5.58,70723,5.5,8.5,3.94345641492073,-48243.0282279661,21897.4987041828,5.42,"usa"
"330",1998-07-01,1.7,-13247,5.43,71161,5.5,8.5,3.9,-51349,20391,5.38,"usa"
"331",1998-08-01,1.7,-13949,5.49,72261,5.5,8.5,4.11210934137543,-54351.9446221398,12997.1522595835,5.38,"usa"
"332",1998-09-01,1.6,-16028,5.03,73544,5.5,8.5,4.59014050199701,-56946.3372631311,9681.42054700283,4.95,"usa"
"333",1998-10-01,1.5,-14820,4.41,75676,5.5,8.49,5.3,-58889,23490,4.41,"usa"
"334",1998-11-01,1.5,-14815,4.61,79183,5.25,8.12,6.14168273501408,-60027.4649262121,60701.7318033585,4.18,"usa"
"335",1998-12-01,1.5,-15173,4.77,77683,5,7.89,6.75153713264676,-60572.104200991,100526.041330028,4.53,"usa"
"336",1999-01-01,1.6,-14745,4.64,81761,4.75,7.75,6.7,-60824,115405,4.53,"usa"
"337",1999-02-01,1.7,-15946,4.65,80677,4.75,7.75,5.73967823708676,-61078.0845619009,88668.4020084639,4.51,"usa"
"338",1999-03-01,1.6,-18786,5.27,75321,4.75,7.75,4.35185911556407,-61604.6903773494,47196.9326514033,4.88,"usa"
"339",1999-04-01,1.7,-17900,5.23,74359,4.75,7.75,3.2,-62668,28759,4.72,"usa"
"340",1999-05-01,2.3,-18254,5.35,73694,4.75,7.75,2.78108579812036,-64463.8634928512,58212.956459082,4.78,"usa"
"341",1999-06-01,2.1,-20229,5.71,72121,4.75,7.75,2.92621159028212,-66914.800956278,108776.931768062,4.97,"usa"
"342",1999-07-01,2,-23115,5.8,71689,5,7.75,3.3,-69875,140759,5.07,"usa"
"343",1999-08-01,2.1,-23421,5.9,73305,5,8,3.66560820006141,-73137.5725778056,126410.327710764,5.13,"usa"
"344",1999-09-01,2.3,-22977,6.03,72649,5,8.06,4.18033156034448,-76251.3280197606,85754.4513874587,5.3,"usa"
"345",1999-10-01,2.6,-22899,5.88,73414,5.25,8.25,5.1,-78704,50758,5.22,"usa"
"346",1999-11-01,2.6,-23531,6,73230,5.25,8.25,6.4675925127451,-80253.9943440746,44860.8438089745,5.43,"usa"
"347",1999-12-01,2.6,-25224,6.16,72318,5.25,8.37,7.47468439056218,-81742.4054831981,57395.8182376583,5.7,"usa"
"348",2000-01-01,2.7,-26337,6.43,71516,5.5,8.5,7.1,-84281,69169,5.98,"usa"
"349",2000-02-01,2.7,-27088,6.66,69898,5.5,8.5,4.83068841562487,-88518.413008859,66324.0748311162,6.3,"usa"
"350",2000-03-01,3.2,-29930,6.54,69309,5.5,8.73,2.18759754407345,-93250.7537511507,56355.1645507968,6.2,"usa"
"351",2000-04-01,3.8,-31154,6.02,70789,5.75,8.83,1.2,-96811,52094,6.28,"usa"
"352",2000-05-01,3.1,-28800,6.21,66587,6,9,3.13187604697765,-98086.7980649339,62290.6346443385,6.24,"usa"
"353",2000-06-01,3.2,-29813,6.29,67160,6,9.24,6.18603654425512,-98184.468401088,79368.4124480433,6.37,"usa"
"354",2000-07-01,3.7,-30966,6.02,67955,6.5,9.5,7.8,-98765,91669,6.08,"usa"
"355",2000-08-01,3.7,-31426,6.03,66516,6.5,9.5,6.2306962853534,-100996.913249924,91113.8680730112,6.07,"usa"
"356",2000-09-01,3.4,-30035,5.88,65333,6.5,9.5,3.0127007233505,-104078.854125979,83943.7041755484,6.22,"usa"
"357",2000-10-01,3.5,-34018,5.79,66256,6.5,9.5,0.499999999999999,-106717,79979,6.07,"usa"
"358",2000-11-01,3.4,-33224,5.75,65257,6.5,9.5,0.363857330127262,-107966.919305741,85781.4115821351,6.12,"usa"
"359",2000-12-01,3.4,-32607,5.44,65523,6.5,9.5,1.54464204382435,-108281.744724627,94877.2523312446,5.92,"usa"
"360",2001-01-01,3.4,-33454,5.1,67647,6.5,9.5,2.3,-108464,97534,5.32,"usa"
"361",2001-02-01,3.7,-34817,5.15,67542,5.5,9.05,1.41757809784125,-108969.483601186,87337.6707836337,4.6,"usa"
"362",2001-03-01,3.5,-29349,5.02,66486,5.5,8.5,-0.194972602351609,-108867.09290144,71148.4346476215,4.47,"usa"
"363",2001-04-01,2.9,-32732,4.93,64222,5.5,8.32,-1.1,-106879,59145,4.09,"usa"
"364",2001-05-01,3.3,-31217,5.33,64731,5,7.8,-0.330466017788574,-102442.59073396,58146.8682462931,3.94,"usa"
"365",2001-06-01,3.6,-27446,5.4,65254,4.5,7.24,1.19821132854505,-97856.1058918361,61536.7127819732,3.63,"usa"
"366",2001-07-01,3.2,-29140,5.4,64847,4,6.98,2.1,-96133,59338,3.72,"usa"
"367",2001-08-01,2.7,-30081,5.03,65736,3.75,6.75,1.41539708442415,-99034.4867963073,45068.1895645273,3.53,"usa"
"368",2001-09-01,2.7,-28171,4.92,67852,3.75,6.67,-0.10898382293969,-103312.816864549,26220.7142244857,3.41,"usa"
"369",2001-10-01,2.6,-31141,4.57,70963,3.5,6.28,-1.3,-104468,13783,2.49,"usa"
"370",2001-11-01,2.1,-30839,4.26,69707,3,5.53,-1.27186306064879,-99616.5361548847,15407.3734955978,2.07,"usa"
"371",2001-12-01,1.9,-29737,4.74,69157,2.5,5.1,-0.288201962712215,-92340.8859092269,25405.7636534175,2.06,"usa"
"372",2002-01-01,1.6,-26839,5.04,68654,2,4.84,1.1,-87840,34755,2.17,"usa"
"373",2002-02-01,1.1,-29355,5.03,67532,1.75,4.75,2.39798108409691,-89868.9611767464,36498.9090456741,2.29,"usa"
"374",2002-03-01,1.1,-32287,4.92,67357,1.75,4.75,3.33586574786262,-96407.3802392841,31949.3052359186,2.25,"usa"
"375",2002-04-01,1.5,-30825,5.41,67574,1.75,4.75,3.7,-103991,24485,2.7,"usa"
"376",2002-05-01,1.6,-33666,5.09,67844,1.75,4.75,3.38734613166854,-109771.952471463,17070.0643957799,2.35,"usa"
"377",2002-06-01,1.2,-33921,5.04,69579,1.75,4.75,2.73733156385431,-113367.92646697,11009.6079955007,2.34,"usa"
"378",2002-07-01,1.1,-34900,4.82,74696,1.75,4.75,2.2,-115013,7194,2.06,"usa"
"379",2002-08-01,1.5,-33650,4.46,74751,1.75,4.75,2.08596772256224,-115100.00671518,6358.38892676187,1.8,"usa"
"380",2002-09-01,1.8,-35743,4.11,75307,1.75,4.75,2.14814133005346,-114656.802781725,8617.04055985636,1.74,"usa"
"381",2002-10-01,1.5,-36519,3.6,75860,1.75,4.75,2,-114870,13929,1.53,"usa"
"382",2002-11-01,2,-35171,3.9,75499,1.75,4.75,1.39841260771211,-116663.057704855,21919.5280453208,1.46,"usa"
"383",2002-12-01,2.2,-39624,4.21,75690,1.75,4.35,0.673806819635563,-119906.825369092,30878.7482835924,1.56,"usa"
"384",2003-01-01,2.4,-43294,3.82,79006,1.25,4.25,0.3,-124209,38763,1.32,"usa"
"385",2003-02-01,2.6,-40740,3.97,78434,1.25,4.25,0.605567031774491,-129008.503206141,43589.3507438069,1.31,"usa"
"386",2003-03-01,3,-39363,3.68,78579,1.25,4.25,1.33811287288577,-133069.155001167,43617.7811205889,1.24,"usa"
"387",2003-04-01,3,-43355,3.82,80049,1.25,4.25,2.1,-134986,37169,1.19,"usa"
"388",2003-05-01,2.2,-41987,3.85,80405,1.25,4.25,2.61265259852326,-133926.114655765,23762.7356461182,1.22,"usa"
"389",2003-06-01,2.1,-40779,3.33,82287,1.25,4.25,3.07374168882134,-131344.702774389,7714.79390071856,1.13,"usa"
"390",2003-07-01,2.1,-39621,3.52,81660,1.25,4.22,3.8,-129269,-5460,1.09,"usa"
"391",2003-08-01,2.1,-41363,4.47,80620,1,4,4.96604479635471,-129134.593726354,-11320.0340690206,1.28,"usa"
"392",2003-09-01,2.2,-39802,4.38,80422,1,4,6.17803148293996,-130010.47834572,-9716.54931605574,1.35,"usa"
"393",2003-10-01,2.3,-41706,3.93,84431,1,4,6.9,-130374,-1574,1.15,"usa"
"394",2003-11-01,2,-41271,4.29,84150,1,4,6.74539043828014,-129204.547475858,11471.0302595939,1.31,"usa"
"395",2003-12-01,1.8,-39841,4.29,85142,1,4,5.92524349052993,-127489.680139025,24933.4404005414,1.39,"usa"
"396",2004-01-01,1.9,-44064,4.26,85938,1,4,4.8,-126719,33616,1.26,"usa"
"397",2004-02-01,2,-44352,4.13,85257,1,4,3.69683789496918,-128108.697851697,34061.7648824968,1.28,"usa"
"398",2004-03-01,1.7,-44322,3.96,84741,1,4,2.8098834438292,-131781.319616698,29774.9358620381,1.21,"usa"
"399",2004-04-01,1.7,-46484,3.83,85192,1,4,2.3,-137586,26000,1.2,"usa"
"400",2004-05-01,2.3,-47479,4.5,82090,1,4,2.26725798184313,-145021.179635872,26591.3176178263,1.55,"usa"
"401",2004-06-01,3.1,-48169,4.63,82804,1,4,2.56855606748659,-152182.522875665,29842.742077232,1.83,"usa"
"402",2004-07-01,3.3,-54702,4.61,82652,1.25,4.01,3,-156815,32658,2.09,"usa"
"403",2004-08-01,2.9,-51293,4.47,81375,1.25,4.25,3.38227832580646,-157647.102123333,32925.5942758276,2.13,"usa"
"404",2004-09-01,2.7,-53316,4.12,82603,1.25,4.43,3.63441080474297,-157341.403695458,32473.1328660708,1.99,"usa"
"405",2004-10-01,2.5,-51489,4.11,82578,1.5,4.58,3.7,-159544,34113,2.21,"usa"
"406",2004-11-01,3.2,-54961,4.02,84232,1.75,4.75,3.57029538159769,-166499.59705598,39675.5275010855,2.28,"usa"
"407",2004-12-01,3.5,-58819,4.36,86702,1.75,4.93,3.42713404687486,-174847.343823986,47062.837569596,2.63,"usa"
"408",2005-01-01,3.3,-54500,4.21,86824,2,5.15,3.5,-179825,53195,2.75,"usa"
"409",2005-02-01,3,-55561,4.13,81366,2.25,5.25,3.90691051817314,-178258.917060154,55199.8512753861,2.96,"usa"
"410",2005-03-01,3,-57454,4.37,80168,2.25,5.49,4.32001597072054,-173329.81360119,51036.2946333231,3.2,"usa"
"411",2005-04-01,3.1,-52619,4.49,78942,2.5,5.58,4.3,-169807,38871,3.35,"usa"
"412",2005-05-01,3.5,-57115,4.2,79526,2.75,5.75,3.58724773089493,-171130.549518219,18906.3636936665,3.33,"usa"
"413",2005-06-01,2.8,-56264,4.03,77742,2.75,5.98,2.64095021839114,-175423.58695644,-512.312399184593,3.32,"usa"
"414",2005-07-01,2.5,-58260,3.94,76594,3.25,6.01,2.1,-179480,-9004.00000000001,3.45,"usa"
"415",2005-08-01,3.2,-58063,4.28,74620,3.25,6.25,2.38483929898787,-181136.588570675,224.286542540318,3.8,"usa"
"416",2005-09-01,3.6,-58388,4.04,72243,3.25,6.44,3.04210908164085,-182401.801536012,19613.3623708227,3.77,"usa"
"417",2005-10-01,4.7,-64923,4.32,71273,3.5,6.59,3.4,-186327,38016,4.01,"usa"
"418",2005-11-01,4.3,-67140,4.55,70218,3.75,6.75,3.02154322130175,-194676.281384265,46837.6382843203,4.31,"usa"
"419",2005-12-01,3.5,-64090,4.5,68773,4,7,2.409131973564,-204064.688380991,47694.3814344124,4.34,"usa"
"420",2006-01-01,3.4,-64366,4.39,65127,4,7.15,2.3,-209820,44755,4.38,"usa"
"421",2006-02-01,4,-66680,4.53,65594,4.5,7.26,3.15491374173105,-208732.693299671,41799.7158757339,4.58,"usa"
"422",2006-03-01,3.6,-62851,4.54,65364,4.5,7.5,4.32877043151057,-203444.037532615,41054.5563359723,4.73,"usa"
"423",2006-04-01,3.4,-62574,4.85,65354,4.5,7.53,4.9,-198058,44357,4.82,"usa"
"424",2006-05-01,3.5,-62844,5.07,66846,4.75,7.75,4.221764774737,-195938.426898533,52384.7574720032,4.9,"usa"
"425",2006-06-01,4.2,-64844,5.11,67706,4.75,7.93,2.74615667076408,-197488.680007068,61176.4672957725,5.07,"usa"
"426",2006-07-01,4.3,-63481,5.13,67935,5,8.02,1.2,-202372,65611,5.21,"usa"
"427",2006-08-01,4.1,-66525,4.98,67559,5.25,8.25,0.1987679000617,-209600.154661754,62564.8097918089,5.11,"usa"
"428",2006-09-01,3.8,-67823,4.72,66606,5.25,8.25,-0.0874711886409842,-215579.02021689,56904.6855920486,5.01,"usa"
"429",2006-10-01,2.1,-64936,4.63,66217,5.25,8.25,0.4,-216063,55495,4.91,"usa"
"430",2006-11-01,1.3,-58990,4.6,65588,5.25,8.25,1.5757562176088,-208589.584084081,62691.818175576,4.99,"usa"
"431",2006-12-01,2,-58575,4.46,66705,5.25,8.25,2.77780215787393,-197828.609495743,72817.9755212181,4.94,"usa"
"432",2007-01-01,2.5,-61592,4.71,65895,5.25,8.25,3.2,-190233,77688,5,"usa"
"433",2007-02-01,2.1,-57656,4.82,65063,5.25,8.25,2.35005908135496,-190334.397890812,71749.4730614426,5.09,"usa"
"434",2007-03-01,2.4,-58478,4.55,66082,5.25,8.25,0.991077371960094,-194979.319577917,59982.1901008566,4.96,"usa"
"435",2007-04-01,2.8,-61797,4.65,66551,5.25,8.25,0.2,-199093,49999,4.9,"usa"
"436",2007-05-01,2.6,-60514,4.63,66720,5.25,8.25,0.724007456971349,-198771.713241562,47880.5488379128,4.89,"usa"
"437",2007-06-01,2.7,-59288,4.89,66008,5.25,8.25,1.99122168761903,-194795.889970368,53578.6714827629,4.95,"usa"
"438",2007-07-01,2.7,-59520,5.03,66127,5.25,8.25,3.1,-189117,65513,4.91,"usa"
"439",2007-08-01,2.4,-59914,4.77,67029,5.25,8.25,3.37983701668557,-183300.489883682,80744.0352906097,4.85,"usa"
"440",2007-09-01,2,-57005,4.54,67508,5.25,8.25,3.08477661830452,-177367.713133204,90895.7535977214,4.19,"usa"
"441",2007-10-01,2.8,-57794,4.57,69070,5.25,8.03,2.7,-170954,86233,4.05,"usa"
"442",2007-11-01,3.5,-56538,4.46,69626,4.5,7.74,2.54553336517527,-164224.327223711,61961.9025922408,4.04,"usa"
"443",2007-12-01,4.3,-59717,3.96,70966,4.5,7.5,2.280782950274,-159462.257496816,33053.721533759,3.26,"usa"
"444",2008-01-01,4.1,-57154,4.03,70565,4.5,7.33,1.4,-159481,19421,3.34,"usa"
"445",2008-02-01,4.3,-61139,3.63,72017,4.25,6.98,-0.332340847757009,-165807.682702954,34281.5765626493,2.11,"usa"
"446",2008-03-01,4,-64348,3.53,73404,3,6,-2.0708713823635,-174825.108731384,64074.4713783536,1.77,"usa"
"447",2008-04-01,4,-60064,3.43,75764,3,5.66,-2.7,-181630,88544,1.55,"usa"
"448",2008-05-01,3.9,-63528,3.76,74372,2,5.24,-1.51987367785093,-182707.09011262,92589.3467127175,1.85,"usa"
"449",2008-06-01,4.2,-62151,4.04,75170,2,5,0.506406282883697,-180093.159429499,81729.1707306042,2.22,"usa"
"450",2008-07-01,5,-60670,3.97,75740,2,5,2,-177213,66637,2.36,"usa"
"451",2008-08-01,5.6,-66842,3.97,74832,2,5,1.90072444804964,-176569.586476196,56506.1476975917,2.27,"usa"
"452",2008-09-01,5.4,-62108,3.81,72560,2,5,0.42302402860649,-176978.623920991,54609.0679214519,2.17,"usa"
"453",2008-10-01,4.9,-60499,3.82,71834,2,5,-1.9,-176334,62738,1.78,"usa"
"454",2008-11-01,3.7,-60191,3.98,69763,2,4.56,-4.52006115138465,-172694.341760376,79980.321756175,1.34,"usa"
"455",2008-12-01,1.1,-44724,2.96,73378,1,4,-6.82813202693929,-164777.233775426,94603.9649909956,0.9,"usa"
"456",2009-01-01,0.1,-42463,2.25,77648,1,3.61,-8.2,-151465,92172,0.37,"usa"
"457",2009-02-01,0,-37842,2.84,75364,0.25,3.25,-8.19455391658512,-132706.676111932,64154.6023147452,0.51,"usa"
"458",2009-03-01,0.2,-27767,3.04,73199,0.25,3.25,-7.10308851344194,-112718.144681007,25650.3684108621,0.72,"usa"
"459",2009-04-01,-0.4,-29162,2.68,74958,0.25,3.25,-5.4,-96782,-2335,0.57,"usa"
"460",2009-05-01,-0.7,-29705,3.12,75115,0.25,3.25,-3.52764910820081,-88770.6945326389,-4597.1384225633,0.49,"usa"
"461",2009-06-01,-1.3,-25372,3.46,81738,0.25,3.25,-1.80025466003371,-86916.1134264714,10862.9687729635,0.47,"usa"
"462",2009-07-01,-1.4,-26367,3.52,81686,0.25,3.25,-0.5,-88040,30243,0.56,"usa"
"463",2009-08-01,-2.1,-32790,3.5,82931,0.25,3.25,0.212557756795772,-89552.1753871425,42739.5069310636,0.48,"usa"
"464",2009-09-01,-1.5,-31267,3.4,126846,0.25,3.25,0.663366412836043,-91214.7719834778,49544.5342750618,0.43,"usa"
"465",2009-10-01,-1.3,-34491,3.3,134296,0.25,3.25,1.3,-93378,54849,0.4,"usa"
"466",2009-11-01,-0.2,-33826,3.38,134690,0.25,3.25,2.38852919212883,-96252.1224373095,61511.1477353461,0.37,"usa"
"467",2009-12-01,1.8,-37203,3.19,135020,0.25,3.25,3.46901123091176,-99487.6134544321,67058.5237564189,0.27,"usa"
"468",2010-01-01,2.7,-37983,3.83,130760,0.25,3.25,3.9,-102595,67686,0.47,"usa"
"469",2010-02-01,2.6,-37154,3.58,129960,0.25,3.25,3.29258473394815,-105185.483011768,60874.1243497743,0.3,"usa"
"470",2010-03-01,2.1,-41034,3.61,129293,0.25,3.25,2.26799607092432,-107272.959383979,49246.1484770403,0.32,"usa"
"471",2010-04-01,2.3,-39766,3.82,127521,0.25,3.25,1.7,-108972,36711,0.41,"usa"
"472",2010-05-01,2.2,-40864,3.65,126481,0.25,3.25,2.18187261281932,-110458.871441546,27099.2437544458,0.41,"usa"
"473",2010-06-01,2,-41333,3.29,124174,0.25,3.25,3.1849304113169,-112156.623083726,23927.9934465311,0.34,"usa"
"474",2010-07-01,1.1,-46557,2.93,124514,0.25,3.25,3.9,-114550,30636,0.32,"usa"
"475",2010-08-01,1.2,-40413,2.9052,129127,0.25,3.25,3.75770259255236,-117665.364555382,48369.1228546649,0.29,"usa"
"476",2010-09-01,1.1,-44921,2.47,128447,0.25,3.25,3.14783783936364,-119695.548281116,69101.655514613,0.25,"usa"
"477",2010-10-01,1.1,-44042,2.5,133099,0.25,3.25,2.7,-118375,82515,0.27,"usa"
"478",2010-11-01,1.2,-39998,2.5993,135392,0.25,3.25,2.81694664660089,-112563.337003592,81265.8944565243,0.22,"usa"
"479",2010-12-01,1.1,-37762,2.79,130282,0.25,3.25,2.99408860159892,-105620.850458478,69912.4215320541,0.27,"usa"
"480",2011-01-01,1.5,-40815,3.2935,132433,0.25,3.25,2.5,-102033,55988,0.29,"usa"
"481",2011-02-01,1.6,-47123,3.38,133943,0.25,3.25,0.930066376599655,-104890.02817099,45804.5585784971,0.26,"usa"
"482",2011-03-01,2.1,-43718,3.41,134655,0.25,3.25,-0.81308113464819,-111701.309144232,40788.0657645781,0.25,"usa"
"483",2011-04-01,2.7,-43478,3.45,139315,0.25,3.25,-1.5,-118581,41143,0.3,"usa"
"484",2011-05-01,3.2,-42227,3.2863,142989,0.25,3.25,-0.35202696781432,-122377.920682818,46477.649007265,0.22,"usa"
"485",2011-06-01,3.6,-47220,3.04,146946,0.25,3.25,1.60638408514199,-122879.542594222,54015.5376318557,0.18,"usa"
"486",2011-07-01,3.6,-49433,3.15,147660,0.25,3.25,2.9,-120608,60384,0.19,"usa"
"487",2011-08-01,3.6,-45689,2.7961,149704,0.25,3.25,2.52618964280577,-116292.955764404,63221.4750220725,0.2,"usa"
"488",2011-09-01,3.8,-44968,2.21,150654,0.25,3.25,1.37272997926541,-111494.187145545,64210.820745036,0.1,"usa"
"489",2011-10-01,3.9,-43305,1.9154,148487,0.25,3.25,0.799999999999999,-107979,66046,0.13,"usa"
"490",2011-11-01,3.5,-44962,2.17,150695,0.25,3.25,1.73986098918382,-107120.922926234,70122.0434970374,0.12,"usa"
"491",2011-12-01,3.4,-47044,2.06,148028,0.25,3.25,3.41010340520379,-108718.375490265,72638.2534620743,0.12,"usa"
"492",2012-01-01,3,-49460,1.87,147953,0.25,3.25,4.6,-112176,68495,0.12,"usa"
"493",2012-02-01,2.9,-51266,1.8,149280,0.25,3.25,4.43658862268116,-116757.908086216,54979.9435823704,0.13,"usa"
"494",2012-03-01,2.9,-43338,1.97,148882,0.25,3.25,3.39796751103053,-121166.088671173,38929.9061474075,0.18,"usa"
"495",2012-04-01,2.6,-49850,2.21,149078,0.25,3.25,2.3,-123962,29569,0.19,"usa"
"496",2012-05-01,2.3,-47773,1.91,152463,0.25,3.25,1.76563637194338,-124065.370654826,33088.034025333,0.2,"usa"
"497",2012-06-01,1.7,-47184,1.58,148865,0.25,3.25,1.64617469882222,-121829.010565782,43544.6034297773,0.18,"usa"
"498",2012-07-01,1.7,-43078,1.65,149830,0.25,3.25,1.6,-117964,51963,0.21,"usa"
"499",2012-08-01,1.4,-43834,1.48,149384,0.25,3.25,1.36012514880458,-113245.09077596,51872.1055014828,0.16,"usa"
"500",2012-09-01,1.7,-44536,1.5484,151501,0.25,3.25,0.95807443442133,-108701.720917549,46819.1616149649,0.16,"usa"
"501",2012-10-01,2,-40150,1.6335,153075,0.25,3.25,0.5,-105427,42856,0.17,"usa"
"502",2012-11-01,2.2,-42358,1.68,152228,0.25,3.25,0.10127044024571,-104165.747722814,44286.9884131803,0.18,"usa"
"503",2012-12-01,1.8,-46604,1.6156,151276,0.25,3.25,-0.0858798439149446,-104269.624282542,48426.638999252,0.18,"usa"
"504",2013-01-01,1.7,-37634,1.75,150175,0.25,3.25,0.1,-104742,50842,0.16,"usa"
"505",2013-02-01,1.6,-42205,1.98,151895,0.25,3.25,0.723681979101469,-104746.066480933,48605.7926976479,0.15,"usa"
"506",2013-03-01,2,-41770,1.89,148837,0.25,3.25,1.46322271901623,-104084.300470803,44813.4305361751,0.17,"usa"
"507",2013-04-01,1.5,-36973,1.8486,146327,0.25,3.25,1.9,-102719,44066,0.14,"usa"
"508",2013-05-01,1.1,-40417,1.67,146794,0.25,3.25,1.75955719890397,-100745.430797899,49308.8778332652,0.11,"usa"
"509",2013-06-01,1.4,-44831,2.1282,144042,0.25,3.25,1.34410007896115,-98790.7293898028,56864.6018190105,0.14,"usa"
"510",2013-07-01,1.8,-36552,2.4857,145706,0.25,3.25,1.1,-97615,61400,0.15,"usa"
"511",2013-08-01,2,-39419,2.59,147427,0.25,3.25,1.36771885491228,-97549.8769941396,59499.9922655876,0.11,"usa"
"512",2013-09-01,1.5,-39515,2.7839,145753,0.25,3.25,2.06408066884289,-97213.1153033195,55421.8658914865,0.13,"usa"
"513",2013-10-01,1.2,-42263,2.61,147650,0.25,3.25,3,-94794,55341,0.1,"usa"
"514",2013-11-01,1,-39083,2.54,147086,0.25,3.25,3.92882664070616,-89396.5427070248,63011.1901414216,0.1,"usa"
"515",2013-12-01,1.2,-35972,2.7445,145113,0.25,3.25,4.37365131974137,-83783.6612487712,72499.8975780064,0.13,"usa"
"516",2014-01-01,1.5,-37393,3,144574,0.25,3.25,3.8,-81633,75453,0.13,"usa"
"517",2014-02-01,1.6,-38841,2.644,144416,0.25,3.25,1.98734495263346,-85278.2114370207,66366.7656872446,0.1,"usa"
"518",2014-03-01,1.1,-42230,2.6476,145205,0.25,3.25,-0.0290563181787267,-91676.9804423367,51139.0252779693,0.12,"usa"
"519",2014-04-01,1.5,-43124,2.72,144284,0.25,3.25,-0.899999999999999,-96443,38518,0.13,"usa"
"520",2014-05-01,2,-45583,2.64,144281,0.25,3.25,0.269941696908154,-96484.6856189666,34962.7100725631,0.11,"usa"
"521",2014-06-01,2.1,-43231,2.4759,144581,0.25,3.25,2.56109247149206,-93889.3429078081,37775.3716804868,0.1,"usa"
"522",2014-07-01,2.1,-40810,2.51,145176,0.25,3.25,4.6,-92039,41969,0.11,"usa"
"523",2014-08-01,2,-40655,2.5578,142916,0.25,3.25,5.34029566714133,-93320.3794204462,43663.6903187995,0.12,"usa"
"524",2014-09-01,1.7,-39916,2.3431,141318,0.25,3.25,5.04394569146974,-96138.9812597642,43407.8583704539,0.09,"usa"
"525",2014-10-01,1.7,-43368,2.4888,137054,0.25,3.25,4.3,-97905,42857,0.13,"usa"
"526",2014-11-01,1.7,-41898,2.3353,136285,0.25,3.25,3.57998674563762,-97219.3152177671,43173.3064300168,0.11,"usa"
"527",2014-12-01,1.3,-39000,2.164,133639,NA,3.25,2.88534698485118,-97445.5468679497,43545.7503932532,0.13,"usa"
"528",2015-01-01,0.8,-45601,2.1712,130077,0.25,3.25,2.1,-103138,42670,0.25,"usa"
"529",2015-02-01,-0.1,-42447,1.6407,126603,0.25,3.25,1.20272031327113,-115878.359708486,39771.1209981702,0.18,"usa"
"530",2015-03-01,0,-37248,1.993,124717,0.25,3.25,0.551703406162565,-125357.831268437,36191.7696861631,0.22,"usa"
"531",2015-04-01,-0.1,-50566,1.9231,119270,0.25,3.25,0.6,-118295,33804,0.26,"usa"
"532",2015-05-01,-0.2,-40879,2.0317,121290,0.25,3.25,1.59431718646302,-86818.4681705129,33953.5429106358,0.24,"usa"
"533",2015-06-01,0,-43473,2.1214,119535,0.25,3.25,2.95598753864671,-44696.9058360807,35880.837528761,0.26,"usa"
"534",2015-07-01,0.1,-46287,2.3531,120333,0.25,3.25,3.9,-11109,38300,0.28,"usa"
"535",2015-08-01,0.2,-42460,2.1801,119318,0.25,3.25,3.8496405705064,-4151.43427612938,40030.4110629903,0.33,"usa"
"536",2015-09-01,0.2,-48839,2.2179,120897,0.25,3.25,3.06138347628764,-37592.8787205738,40312.5098284224,0.39,"usa"
"537",2015-10-01,0,-42484,2.0368,120218,0.25,3.25,2,-124120,38492,0.33,"usa"
"538",2015-11-01,0.2,-44610,2.1421,119267,0.25,3.25,1.08860201299285,-276419.464781075,33914.5852814268,0.34,"usa"
"539",2015-12-01,0.5,-42226,2.206,116640,0.25,3.25,0.583663741387908,-507177.939730464,25925.9693764065,0.51,"usa"
"540",2016-01-01,0.7,-43357,2.2694,117581,0.5,3.37,0.7,-829082.091514836,13871.8559886429,0.65,"usa"
"541",2016-02-01,1.4,NA,1.9209,NA,0.5,3.5,1.65242560364394,-1254818.58680086,-2902.05117816044,0.47,"usa"
"542",2016-03-01,NA,NA,1.7449,NA,NA,NA,3.65575536713453,-1797074.09225519,-25050.0484202998,0.53,"usa"
