"","Pct_Chg","Exchange","X1Y_Yield_d","X1Y_Yield_f","Int_d","Int_f","Infl_d","Infl_f","GDPG_d","GDPG_f","BOT_f","BOT_d","FER_f","lag1.Exchange","lag1.X1Y_Yield_d","lag1.X1Y_Yield_f","lag1.Infl_d","lag1.Infl_f","lag1.Int_d","lag1.Int_f","lag2.Exchange","lag2.X1Y_Yield_d","lag2.X1Y_Yield_f","lag2.Infl_d","lag2.Infl_f","lag2.Int_d","lag2.Int_f","lag3.Exchange","lag3.X1Y_Yield_d","lag3.X1Y_Yield_f","lag3.Infl_d","lag3.Infl_f","lag3.Int_d","lag3.Int_f","lag4.Exchange","lag4.X1Y_Yield_d","lag4.X1Y_Yield_f","lag4.Infl_d","lag4.Infl_f","lag4.Int_d","lag4.Int_f"
"345",0.145327310574521,1201,5.1,2.3,5.25,4.75,2.6,0.8,-78704,1437.2,1839.73,-22899,65480.1,1198.3091,4.18033156034448,2.79332777863874,2.3,0.9,5,4.75,1189.0952,3.66560820006141,3.57002403604833,2.1,0.3,5,4.75,1168.9136,3.3,4.1,2,0.6,5,4.75,1197.92,2.92621159028212,4.00469584608646,2.1,0.8,4.75,4.75
"346",0.115207523531779,1205.285,6.4675925127451,2.45268075906471,5.25,4.75,2.6,1.2,-80253.9943440746,1370.74084973977,2091.96,-23531,66214,1201,5.1,2.3,2.6,0.8,5.25,4.75,1198.3091,4.18033156034448,2.79332777863874,2.3,0.9,5,4.75,1189.0952,3.66560820006141,3.57002403604833,2.1,0.3,5,4.75,1168.9136,3.3,4.1,2,0.6,5,4.75
"347",0.0994375411542303,1176.975,7.47468439056218,2.94421526158079,5.25,4.75,2.6,1.4,-81742.4054831981,1445.99127157466,2466.54,-25224,69681.1,1205.285,6.4675925127451,2.45268075906471,2.6,1.2,5.25,4.75,1201,5.1,2.3,2.6,0.8,5.25,4.75,1198.3091,4.18033156034448,2.79332777863874,2.3,0.9,5,4.75,1189.0952,3.66560820006141,3.57002403604833,2.1,0.3,5,4.75
"348",0.067218165870766,1136.8043,7.1,3.3,5.5,4.75,2.7,1.4,-84281,1352.3,2376.73,-26337,74054.5,1176.975,7.47468439056218,2.94421526158079,2.6,1.4,5.25,4.75,1205.285,6.4675925127451,2.45268075906471,2.6,1.2,5.25,4.75,1201,5.1,2.3,2.6,0.8,5.25,4.75,1198.3091,4.18033156034448,2.79332777863874,2.3,0.9,5,4.75
"349",0.0390059151716637,1130.99,4.83068841562487,3.16369737213728,5.5,4.75,2.7,1.9,-88518.413008859,901.431941001033,-432.19,-27088,76999.8,1136.8043,7.1,3.3,2.7,1.4,5.5,4.75,1176.975,7.47468439056218,2.94421526158079,2.6,1.4,5.25,4.75,1205.285,6.4675925127451,2.45268075906471,2.6,1.2,5.25,4.75,1201,5.1,2.3,2.6,0.8,5.25,4.75
"350",0.0523049660299599,1129.7455,2.18759754407345,2.65203339726032,5.5,5,3.2,1.8,-93250.7537511507,394.816686522734,652.39,-29930,79726.8,1130.99,4.83068841562487,3.16369737213728,2.7,1.9,5.5,4.75,1136.8043,7.1,3.3,2.7,1.4,5.5,4.75,1176.975,7.47468439056218,2.94421526158079,2.6,1.4,5.25,4.75,1205.285,6.4675925127451,2.45268075906471,2.6,1.2,5.25,4.75
"351",0.101515831737715,1116.3904,1.2,2,5.75,5,3.8,2.1,-96811,256.3,217.69,-31154,83648.2,1129.7455,2.18759754407345,2.65203339726032,3.2,1.8,5.5,5,1130.99,4.83068841562487,3.16369737213728,2.7,1.9,5.5,4.75,1136.8043,7.1,3.3,2.7,1.4,5.5,4.75,1176.975,7.47468439056218,2.94421526158079,2.6,1.4,5.25,4.75
"352",0.089743137113625,1110.32,3.13187604697765,1.43327049312692,6,5,3.1,1.4,-98086.7980649339,762.212867737575,177.5,-28800,84612.9,1116.3904,1.2,2,3.8,2.1,5.75,5,1129.7455,2.18759754407345,2.65203339726032,3.2,1.8,5.5,5,1130.99,4.83068841562487,3.16369737213728,2.7,1.9,5.5,4.75,1136.8043,7.1,3.3,2.7,1.4,5.5,4.75
"353",0.0700621284903506,1119.4864,6.18603654425512,1.14024374197053,6,5,3.2,1.1,-98184.468401088,1598.82716751958,1353.39,-29813,86819.8,1110.32,3.13187604697765,1.43327049312692,3.1,1.4,6,5,1116.3904,1.2,2,3.8,2.1,5.75,5,1129.7455,2.18759754407345,2.65203339726032,3.2,1.8,5.5,5,1130.99,4.83068841562487,3.16369737213728,2.7,1.9,5.5,4.75
"354",0.0456006834028813,1117.935,7.8,1.3,6.5,5,3.7,2.2,-98765,2304.9,2073.42,-30966,90178.6,1119.4864,6.18603654425512,1.14024374197053,3.2,1.1,6,5,1110.32,3.13187604697765,1.43327049312692,3.1,1.4,6,5,1116.3904,1.2,2,3.8,2.1,5.75,5,1129.7455,2.18759754407345,2.65203339726032,3.2,1.8,5.5,5
"355",0.0663813644822097,1115.075,6.2306962853534,1.9513688035032,6.5,5,3.7,3,-100996.913249924,2535.85732878941,783.78,-31426,90354,1117.935,7.8,1.3,3.7,2.2,6.5,5,1119.4864,6.18603654425512,1.14024374197053,3.2,1.1,6,5,1110.32,3.13187604697765,1.43327049312692,3.1,1.4,6,5,1116.3904,1.2,2,3.8,2.1,5.75,5
"356",0.0752306708049676,1114.467,3.0127007233505,2.57217682004276,6.5,5,3.4,2.4,-104078.854125979,2413.80056932485,1345.74,-30035,91434.4,1115.075,6.2306962853534,1.9513688035032,3.7,3,6.5,5,1117.935,7.8,1.3,3.7,2.2,6.5,5,1119.4864,6.18603654425512,1.14024374197053,3.2,1.1,6,5,1110.32,3.13187604697765,1.43327049312692,3.1,1.4,6,5
"357",0.0746530418676236,1117.57,0.499999999999999,2.5,6.5,5,3.5,3.5,-106717,2177.5,1841.57,-34018,92534.9,1114.467,3.0127007233505,2.57217682004276,3.4,2.4,6.5,5,1115.075,6.2306962853534,1.9513688035032,3.7,3,6.5,5,1117.935,7.8,1.3,3.7,2.2,6.5,5,1119.4864,6.18603654425512,1.14024374197053,3.2,1.1,6,5
"358",0.0655875391986026,1131.099,0.363857330127262,1.34643947804546,6.5,5.25,3.4,2.6,-107966.919305741,2016.02078006776,1143.85,-33224,92697.2,1117.57,0.499999999999999,2.5,3.5,3.5,6.5,5,1114.467,3.0127007233505,2.57217682004276,3.4,2.4,6.5,5,1115.075,6.2306962853534,1.9513688035032,3.7,3,6.5,5,1117.935,7.8,1.3,3.7,2.2,6.5,5
"359",0.0176665301390895,1156.5429,1.54464204382435,-0.180802873993424,6.5,5.25,3.4,2.2,-108281.744724627,1919.60759221804,828.65,-32607,93343.3,1131.099,0.363857330127262,1.34643947804546,3.4,2.6,6.5,5.25,1117.57,0.499999999999999,2.5,3.5,3.5,6.5,5,1114.467,3.0127007233505,2.57217682004276,3.4,2.4,6.5,5,1115.075,6.2306962853534,1.9513688035032,3.7,3,6.5,5
"360",-0.0658463270429398,1216.935,2.3,-1.1,6.5,5.25,3.4,2.8,-108464,1828.8,1800.67,-33454,96198.1,1156.5429,1.54464204382435,-0.180802873993424,3.4,2.2,6.5,5.25,1131.099,0.363857330127262,1.34643947804546,3.4,2.6,6.5,5.25,1117.57,0.499999999999999,2.5,3.5,3.5,6.5,5,1114.467,3.0127007233505,2.57217682004276,3.4,2.4,6.5,5
"361",-0.111300080470878,1272.6343,1.41757809784125,-0.733423011981341,5.5,5.25,3.7,3.4,-108969.483601186,1703.103995384,213.9,-34817,95417.9,1216.935,2.3,-1.1,3.4,2.8,6.5,5.25,1156.5429,1.54464204382435,-0.180802873993424,3.4,2.2,6.5,5.25,1131.099,0.363857330127262,1.34643947804546,3.4,2.6,6.5,5.25,1117.57,0.499999999999999,2.5,3.5,3.5,6.5,5
"362",-0.0982614395340681,1252.8526,-0.194972602351609,0.380664305560565,5.5,5,3.5,3.6,-108867.09290144,1577.89128402521,621.81,-29349,95334,1272.6343,1.41757809784125,-0.733423011981341,3.7,3.4,5.5,5.25,1216.935,2.3,-1.1,3.4,2.8,6.5,5.25,1156.5429,1.54464204382435,-0.180802873993424,3.4,2.2,6.5,5.25,1131.099,0.363857330127262,1.34643947804546,3.4,2.6,6.5,5.25
"363",-0.135522628455055,1291.405,-1.1,1.4,5.5,5,2.9,4,-106879,1507.5,1173,-32732,94444.4,1252.8526,-0.194972602351609,0.380664305560565,3.5,3.6,5.5,5,1272.6343,1.41757809784125,-0.733423011981341,3.7,3.4,5.5,5.25,1216.935,2.3,-1.1,3.4,2.8,6.5,5.25,1156.5429,1.54464204382435,-0.180802873993424,3.4,2.2,6.5,5.25
"364",-0.163762709308804,1327.7571,-0.330466017788574,1.69836368099102,5,5,3.3,4.8,-102442.59073396,1518.72249765549,908.91,-31217,93479.2,1291.405,-1.1,1.4,2.9,4,5.5,5,1252.8526,-0.194972602351609,0.380664305560565,3.5,3.6,5.5,5,1272.6343,1.41757809784125,-0.733423011981341,3.7,3.4,5.5,5.25,1216.935,2.3,-1.1,3.4,2.8,6.5,5.25
"365",-0.138124352574938,1298.8955,1.19821132854505,1.51370120730672,4.5,5,3.6,5.3,-97856.1058918361,1528.16801242185,1752.12,-27446,93634.3,1327.7571,-0.330466017788574,1.69836368099102,3.3,4.8,5,5,1291.405,-1.1,1.4,2.9,4,5.5,5,1252.8526,-0.194972602351609,0.380664305560565,3.5,3.6,5.5,5,1272.6343,1.41757809784125,-0.733423011981341,3.7,3.4,5.5,5.25
"366",-0.136761459578783,1295.0476,2.1,1.3,4,5,3.2,5,-96133,1424.9,1212.97,-29140,94255.5,1298.8955,1.19821132854505,1.51370120730672,3.6,5.3,4.5,5,1327.7571,-0.330466017788574,1.69836368099102,3.3,4.8,5,5,1291.405,-1.1,1.4,2.9,4,5.5,5,1252.8526,-0.194972602351609,0.380664305560565,3.5,3.6,5.5,5
"367",-0.145692268713272,1305.2381,1.41539708442415,1.37700532505432,3.75,4.75,2.7,4.8,-99034.4867963073,1136.68749547552,284.69,-30081,97059.4,1295.0476,2.1,1.3,3.2,5,4,5,1298.8955,1.19821132854505,1.51370120730672,3.6,5.3,4.5,5,1327.7571,-0.330466017788574,1.69836368099102,3.3,4.8,5,5,1291.405,-1.1,1.4,2.9,4,5.5,5
"368",-0.133150474132895,1285.6522,-0.10898382293969,1.52749382817551,3.75,4.5,2.7,4.7,-103312.816864549,746.121851472587,428.36,-28171,99024.9,1305.2381,1.41539708442415,1.37700532505432,2.7,4.8,3.75,4.75,1295.0476,2.1,1.3,3.2,5,4,5,1298.8955,1.19821132854505,1.51370120730672,3.6,5.3,4.5,5,1327.7571,-0.330466017788574,1.69836368099102,3.3,4.8,5,5
"369",-0.136233392663491,1293.8333,-1.3,1.4,3.5,4,2.6,3.3,-104468,374.5,737.66,-31141,100084,1285.6522,-0.10898382293969,1.52749382817551,2.7,4.7,3.75,4.5,1305.2381,1.41539708442415,1.37700532505432,2.7,4.8,3.75,4.75,1295.0476,2.1,1.3,3.2,5,4,5,1298.8955,1.19821132854505,1.51370120730672,3.6,5.3,4.5,5
"370",-0.131502907482979,1302.3636,-1.27186306064879,0.804726129902835,3,4,2.1,3.4,-99616.5361548847,125.716409331302,579.14,-30839,100474,1293.8333,-1.3,1.4,2.6,3.3,3.5,4,1285.6522,-0.10898382293969,1.52749382817551,2.7,4.7,3.75,4.5,1305.2381,1.41539708442415,1.37700532505432,2.7,4.8,3.75,4.75,1295.0476,2.1,1.3,3.2,5,4,5
"371",-0.0979308166289681,1282.1,-0.288201962712215,0.198545702213476,2.5,4,1.9,3.4,-92340.8859092269,34.055692798919,816.19,-29737,101653,1302.3636,-1.27186306064879,0.804726129902835,2.1,3.4,3,4,1293.8333,-1.3,1.4,2.6,3.3,3.5,4,1285.6522,-0.10898382293969,1.52749382817551,2.7,4.7,3.75,4.5,1305.2381,1.41539708442415,1.37700532505432,2.7,4.8,3.75,4.75
"372",-0.0583075714722373,1292.285,1.1,0.2,2,4,1.6,3.2,-87840,116.4,612.51,-26839,102821,1282.1,-0.288201962712215,0.198545702213476,1.9,3.4,2.5,4,1302.3636,-1.27186306064879,0.804726129902835,2.1,3.4,3,4,1293.8333,-1.3,1.4,2.6,3.3,3.5,4,1285.6522,-0.10898382293969,1.52749382817551,2.7,4.7,3.75,4.5
"373",-0.0332010446252372,1316.3381,2.39798108409691,1.18557163681583,1.75,4,1.1,2.6,-89868.9611767464,360.150570902971,55.45,-29355,104302,1292.285,1.1,0.2,1.6,3.2,2,4,1282.1,-0.288201962712215,0.198545702213476,1.9,3.4,2.5,4,1302.3636,-1.27186306064879,0.804726129902835,2.1,3.4,3,4,1293.8333,-1.3,1.4,2.6,3.3,3.5,4
"374",-0.0512664168015723,1320.5526,3.33586574786262,2.56350854815577,1.75,4,1.1,2.6,-96407.3802392841,634.785006961367,551.87,-32287,105092,1316.3381,2.39798108409691,1.18557163681583,1.1,2.6,1.75,4,1292.285,1.1,0.2,1.6,3.2,2,4,1282.1,-0.288201962712215,0.198545702213476,1.9,3.4,2.5,4,1302.3636,-1.27186306064879,0.804726129902835,2.1,3.4,3,4
"375",-0.0238110860282615,1322.9048,3.7,3.5,1.75,4,1.5,2.3,-103991,780.3,1261.22,-30825,106092,1320.5526,3.33586574786262,2.56350854815577,1.1,2.6,1.75,4,1316.3381,2.39798108409691,1.18557163681583,1.1,2.6,1.75,4,1292.285,1.1,0.2,1.6,3.2,2,4,1282.1,-0.288201962712215,0.198545702213476,1.9,3.4,2.5,4
"376",0.00733348511851506,1318.0909,3.38734613166854,3.401135470982,1.75,4,1.6,2.5,-109771.952471463,700.585010760518,624.83,-33666,107656,1322.9048,3.7,3.5,1.5,2.3,1.75,4,1320.5526,3.33586574786262,2.56350854815577,1.1,2.6,1.75,4,1316.3381,2.39798108409691,1.18557163681583,1.1,2.6,1.75,4,1292.285,1.1,0.2,1.6,3.2,2,4
"377",0.029072650926953,1262.2,2.73733156385431,2.63260529034861,1.75,4.25,1.2,3,-113367.92646697,555.100575651909,1475.07,-33921,109630,1318.0909,3.38734613166854,3.401135470982,1.6,2.5,1.75,4,1322.9048,3.7,3.5,1.5,2.3,1.75,4,1320.5526,3.33586574786262,2.56350854815577,1.1,2.6,1.75,4,1316.3381,2.39798108409691,1.18557163681583,1.1,2.6,1.75,4
"378",0.0617798711973077,1219.695,2.2,1.8,1.75,4.25,1.1,2.6,-115013,567.2,959.86,-34900,112438,1262.2,2.73733156385431,2.63260529034861,1.2,3,1.75,4.25,1318.0909,3.38734613166854,3.401135470982,1.6,2.5,1.75,4,1322.9048,3.7,3.5,1.5,2.3,1.75,4,1320.5526,3.33586574786262,2.56350854815577,1.1,2.6,1.75,4
"379",0.10614635689145,1179.9868,2.08596772256224,1.37655314592283,1.75,4.25,1.5,2.1,-115100.00671518,883.042719388292,363.4,-33650,115495,1219.695,2.2,1.8,1.1,2.6,1.75,4.25,1262.2,2.73733156385431,2.63260529034861,1.2,3,1.75,4.25,1318.0909,3.38734613166854,3.401135470982,1.6,2.5,1.75,4,1322.9048,3.7,3.5,1.5,2.3,1.75,4
"380",0.0736053696794454,1197.5091,2.14814133005346,1.30607029044977,1.75,4.25,1.8,2.4,-114656.802781725,1340.012690431,1098.35,-35743,116539,1179.9868,2.08596772256224,1.37655314592283,1.5,2.1,1.75,4.25,1219.695,2.2,1.8,1.1,2.6,1.75,4.25,1262.2,2.73733156385431,2.63260529034861,1.2,3,1.75,4.25,1318.0909,3.38734613166854,3.401135470982,1.6,2.5,1.75,4
"381",0.0678672504652919,1211.605,2,1.4,1.75,4.25,1.5,3.1,-114870,1698.3,909.2,-36519,116690,1197.5091,2.14814133005346,1.30607029044977,1.8,2.4,1.75,4.25,1179.9868,2.08596772256224,1.37655314592283,1.5,2.1,1.75,4.25,1219.695,2.2,1.8,1.1,2.6,1.75,4.25,1262.2,2.73733156385431,2.63260529034861,1.2,3,1.75,4.25
"382",0.0501315563595894,1240.1909,1.39841260771211,1.48154083421557,1.75,4.25,2,2.8,-116663.057704855,1769.09596353817,1267.59,-35171,116995,1211.605,2,1.4,1.5,3.1,1.75,4.25,1197.5091,2.14814133005346,1.30607029044977,1.8,2.4,1.75,4.25,1179.9868,2.08596772256224,1.37655314592283,1.5,2.1,1.75,4.25,1219.695,2.2,1.8,1.1,2.6,1.75,4.25
"383",0.0594116674929763,1210.2,0.673806819635563,1.42089132563008,1.75,4.25,2.2,3.5,-119906.825369092,1567.59681077226,1203.13,-39624,118331,1240.1909,1.39841260771211,1.48154083421557,2,2.8,1.75,4.25,1211.605,2,1.4,1.5,3.1,1.75,4.25,1197.5091,2.14814133005346,1.30607029044977,1.8,2.4,1.75,4.25,1179.9868,2.08596772256224,1.37655314592283,1.5,2.1,1.75,4.25
"384",0.071000898961665,1206.6143,0.3,1.1,1.25,4.25,2.4,3.7,-124209,1160,574.34,-43294,121412,1210.2,0.673806819635563,1.42089132563008,2.2,3.5,1.75,4.25,1240.1909,1.39841260771211,1.48154083421557,2,2.8,1.75,4.25,1211.605,2,1.4,1.5,3.1,1.75,4.25,1197.5091,2.14814133005346,1.30607029044977,1.8,2.4,1.75,4.25
"385",0.118904683266403,1176.4524,0.605567031774491,0.47135759128895,1.25,4.25,2.6,3.8,-129008.503206141,632.11416719978,-175.03,-40740,122905,1206.6143,0.3,1.1,2.4,3.7,1.25,4.25,1210.2,0.673806819635563,1.42089132563008,2.2,3.5,1.75,4.25,1240.1909,1.39841260771211,1.48154083421557,2,2.8,1.75,4.25,1211.605,2,1.4,1.5,3.1,1.75,4.25
"386",0.109364630311087,1190.3684,1.33811287288577,-0.230376333710842,1.25,4.25,3,3.9,-133069.155001167,148.192659072572,-521.12,-39363,123988,1176.4524,0.605567031774491,0.47135759128895,2.6,3.8,1.25,4.25,1206.6143,0.3,1.1,2.4,3.7,1.25,4.25,1210.2,0.673806819635563,1.42089132563008,2.2,3.5,1.75,4.25,1240.1909,1.39841260771211,1.48154083421557,2,2.8,1.75,4.25
"387",0.0692731975428386,1237.2,2.1,-0.7,1.25,4.25,3,4.5,-134986,-107.9,-491.36,-43355,123824,1190.3684,1.33811287288577,-0.230376333710842,3,3.9,1.25,4.25,1176.4524,0.605567031774491,0.47135759128895,2.6,3.8,1.25,4.25,1206.6143,0.3,1.1,2.4,3.7,1.25,4.25,1210.2,0.673806819635563,1.42089132563008,2.2,3.5,1.75,4.25
"388",0.0706572025364216,1231.1045,2.61265259852326,-0.715119347519521,1.25,4.25,2.2,3.7,-133926.114655765,3.55847877382249,961.84,-41987,123619,1237.2,2.1,-0.7,3,4.5,1.25,4.25,1190.3684,1.33811287288577,-0.230376333710842,3,3.9,1.25,4.25,1176.4524,0.605567031774491,0.47135759128895,2.6,3.8,1.25,4.25,1206.6143,0.3,1.1,2.4,3.7,1.25,4.25
"389",0.0507534215043822,1201.2333,3.07374168882134,-0.384571175971899,1.25,4,2.1,3.2,-131344.702774389,445.721441826343,1152.45,-40779,128342,1231.1045,2.61265259852326,-0.715119347519521,2.2,3.7,1.25,4.25,1237.2,2.1,-0.7,3,4.5,1.25,4.25,1190.3684,1.33811287288577,-0.230376333710842,3,3.9,1.25,4.25,1176.4524,0.605567031774491,0.47135759128895,2.6,3.8,1.25,4.25
"390",0.0213978578275681,1194.1429,3.8,0.1,1.25,4,2.1,3,-129269,1137.6,2228.18,-39621,131660,1201.2333,3.07374168882134,-0.384571175971899,2.1,3.2,1.25,4,1231.1045,2.61265259852326,-0.715119347519521,2.2,3.7,1.25,4.25,1237.2,2.1,-0.7,3,4.5,1.25,4.25,1190.3684,1.33811287288577,-0.230376333710842,3,3.9,1.25,4.25
"391",-0.000996305676876755,1181.1636,4.96604479635471,0.585416095085432,1,3.75,2.1,3.2,-129134.593726354,1977.40006585308,533.71,-41363,132906,1194.1429,3.8,0.1,2.1,3,1.25,4,1201.2333,3.07374168882134,-0.384571175971899,2.1,3.2,1.25,4,1231.1045,2.61265259852326,-0.715119347519521,2.2,3.7,1.25,4.25,1237.2,2.1,-0.7,3,4.5,1.25,4.25
"397",-0.00582467496799338,1183.345,3.69683789496918,2.11335662879598,1,3.75,2,3.4,-128108.697851697,2665.93860659516,2778.24,-44352,157450,1192.3364,4.8,2.6,1.9,3.4,1,3.75,1186.3889,5.92524349052993,2.57288998854111,1.8,3.4,1,3.75,1169.3409,6.74539043828014,2.16234385606668,2,3.7,1,3.75,1165.4048,6.9,1.6,2.3,3.3,1,3.75
"398",0.019559898849847,1167.5316,2.8098834438292,1.38792715638528,1,3.75,1.7,3.3,-131781.319616698,2285.91677904362,1668.4,-44322,163007,1183.345,3.69683789496918,2.11335662879598,2,3.4,1,3.75,1192.3364,4.8,2.6,1.9,3.4,1,3.75,1186.3889,5.92524349052993,2.57288998854111,1.8,3.4,1,3.75,1169.3409,6.74539043828014,2.16234385606668,2,3.7,1,3.75
"399",0.0608023582531572,1166.287,2.3,0.8,1,3.75,1.7,3.1,-137586,1939.9,2054.77,-46484,163557,1167.5316,2.8098834438292,1.38792715638528,1.7,3.3,1,3.75,1183.345,3.69683789496918,2.11335662879598,2,3.4,1,3.75,1192.3364,4.8,2.6,1.9,3.4,1,3.75,1186.3889,5.92524349052993,2.57288998854111,1.8,3.4,1,3.75
"400",0.0678665715527839,1152.8636,2.26725798184313,0.621266665786415,1,3.75,2.3,3.3,-145021.179635872,1683.62283432401,2653.4,-47479,163635,1166.287,2.3,0.8,1.7,3.1,1,3.75,1167.5316,2.8098834438292,1.38792715638528,1.7,3.3,1,3.75,1183.345,3.69683789496918,2.11335662879598,2,3.4,1,3.75,1192.3364,4.8,2.6,1.9,3.4,1,3.75
"401",0.0198308818847502,1177.875,2.56855606748659,0.705031015547405,1,3.75,3.1,3.3,-152182.522875665,1647.89617569565,2938.87,-48169,166543,1152.8636,2.26725798184313,0.621266665786415,2.3,3.3,1,3.75,1166.287,2.3,0.8,1.7,3.1,1,3.75,1167.5316,2.8098834438292,1.38792715638528,1.7,3.3,1,3.75,1183.345,3.69683789496918,2.11335662879598,2,3.4,1,3.75
"402",0.0303015635500496,1159.0227,3,0.8,1.25,3.75,3.3,3.6,-156815,1982.3,3112.76,-54702,167030,1177.875,2.56855606748659,0.705031015547405,3.1,3.3,1,3.75,1152.8636,2.26725798184313,0.621266665786415,2.3,3.3,1,3.75,1166.287,2.3,0.8,1.7,3.1,1,3.75,1167.5316,2.8098834438292,1.38792715638528,1.7,3.3,1,3.75
"403",0.0193868991110728,1158.7,3.38227832580646,0.720095226576873,1.25,3.75,2.9,4.4,-157647.102123333,2744.28857462732,2613.7,-51293,168006,1159.0227,3,0.8,3.3,3.6,1.25,3.75,1177.875,2.56855606748659,0.705031015547405,3.1,3.3,1,3.75,1152.8636,2.26725798184313,0.621266665786415,2.3,3.3,1,3.75,1166.287,2.3,0.8,1.7,3.1,1,3.75
"404",0.0177613429959349,1158.0318,3.63441080474297,0.54009692957325,1.25,3.75,2.7,4.8,-157341.403695458,3622.8133329886,1674.6,-53316,170492,1158.7,3.38227832580646,0.720095226576873,2.9,4.4,1.25,3.75,1159.0227,3,0.8,3.3,3.6,1.25,3.75,1177.875,2.56855606748659,0.705031015547405,3.1,3.3,1,3.75,1152.8636,2.26725798184313,0.621266665786415,2.3,3.3,1,3.75
"405",0.0145255715279367,1148.719,3.7,0.4,1.5,3.5,2.5,3.9,-159544,4214.7,2637.78,-51489,174448,1158.0318,3.63441080474297,0.54009692957325,2.7,4.8,1.25,3.75,1158.7,3.38227832580646,0.720095226576873,2.9,4.4,1.25,3.75,1159.0227,3,0.8,3.3,3.6,1.25,3.75,1177.875,2.56855606748659,0.705031015547405,3.1,3.3,1,3.75
"406",0.0243269357113449,1141.57,3.57029538159769,0.402056131609798,1.75,3.5,3.2,3.8,-166499.59705598,4221.34508938893,2255.07,-54961,178388,1148.719,3.7,0.4,2.5,3.9,1.5,3.5,1158.0318,3.63441080474297,0.54009692957325,2.7,4.8,1.25,3.75,1158.7,3.38227832580646,0.720095226576873,2.9,4.4,1.25,3.75,1159.0227,3,0.8,3.3,3.6,1.25,3.75
"407",0.0920017304302604,1086.435,3.42713404687486,0.497544229122558,1.75,3.25,3.5,3.3,-174847.343823986,3762.42827012773,2764.64,-58819,192602,1141.57,3.57029538159769,0.402056131609798,3.2,3.8,1.75,3.5,1148.719,3.7,0.4,2.5,3.9,1.5,3.5,1158.0318,3.63441080474297,0.54009692957325,2.7,4.8,1.25,3.75,1158.7,3.38227832580646,0.720095226576873,2.9,4.4,1.25,3.75
"408",0.13515425316642,1050.3739,3.5,0.6,2,3.25,3.3,3,-179825,3062.2,2229.7,-54500,199066,1086.435,3.42713404687486,0.497544229122558,3.5,3.3,1.75,3.25,1141.57,3.57029538159769,0.402056131609798,3.2,3.8,1.75,3.5,1148.719,3.7,0.4,2.5,3.9,1.5,3.5,1158.0318,3.63441080474297,0.54009692957325,2.7,4.8,1.25,3.75
"409",0.140043305161696,1037.9825,3.90691051817314,0.649458024761712,2.25,3.25,3,3.4,-178258.917060154,2325.83477152067,3004.02,-55561,199699,1050.3739,3.5,0.6,3.3,3,2,3.25,1086.435,3.42713404687486,0.497544229122558,3.5,3.3,1.75,3.25,1141.57,3.57029538159769,0.402056131609798,3.2,3.8,1.75,3.5,1148.719,3.7,0.4,2.5,3.9,1.5,3.5
"410",0.141158848433283,1023.1105,4.32001597072054,0.691948376158741,2.25,3.25,3,3.4,-173329.81360119,1682.20321613011,2004.18,-57454,202162,1037.9825,3.90691051817314,0.649458024761712,3,3.4,2.25,3.25,1050.3739,3.5,0.6,3.3,3,2,3.25,1086.435,3.42713404687486,0.497544229122558,3.5,3.3,1.75,3.25,1141.57,3.57029538159769,0.402056131609798,3.2,3.8,1.75,3.5
"411",0.157287814227783,1007.7761,4.3,0.8,2.5,3.25,3.1,3,-169807,1241.1,1172.63,-52619,205447,1023.1105,4.32001597072054,0.691948376158741,3,3.4,2.25,3.25,1037.9825,3.90691051817314,0.649458024761712,3,3.4,2.25,3.25,1050.3739,3.5,0.6,3.3,3,2,3.25,1086.435,3.42713404687486,0.497544229122558,3.5,3.3,1.75,3.25
"412",0.14137373304159,1010.0667,3.58724773089493,1.01863028786187,2.75,3.25,3.5,3.1,-171130.549518219,1065.1380467506,1628.01,-57115,206376,1007.7761,4.3,0.8,3.1,3,2.5,3.25,1023.1105,4.32001597072054,0.691948376158741,3,3.4,2.25,3.25,1037.9825,3.90691051817314,0.649458024761712,3,3.4,2.25,3.25,1050.3739,3.5,0.6,3.3,3,2,3.25
"413",0.175713333465091,1001.8386,2.64095021839114,1.28281041439063,2.75,3.25,2.8,3.1,-175423.58695644,1028.20330979629,1960.92,-56264,206100,1010.0667,3.58724773089493,1.01863028786187,3.5,3.1,2.75,3.25,1007.7761,4.3,0.8,3.1,3,2.5,3.25,1023.1105,4.32001597072054,0.691948376158741,3,3.4,2.25,3.25,1037.9825,3.90691051817314,0.649458024761712,3,3.4,2.25,3.25
"414",0.144759002824803,1012.46,2.1,1.5,3.25,3.25,2.5,2.8,-179480,957,2418.97,-58260,204986,1001.8386,2.64095021839114,1.28281041439063,2.8,3.1,2.75,3.25,1010.0667,3.58724773089493,1.01863028786187,3.5,3.1,2.75,3.25,1007.7761,4.3,0.8,3.1,3,2.5,3.25,1023.1105,4.32001597072054,0.691948376158741,3,3.4,2.25,3.25
"415",0.117832059890407,1036.56,2.38483929898787,1.59824304601302,3.25,3.25,3.2,2.6,-181136.588570675,751.590819254713,1726.69,-58063,205685,1012.46,2.1,1.5,2.5,2.8,3.25,3.25,1001.8386,2.64095021839114,1.28281041439063,2.8,3.1,2.75,3.25,1010.0667,3.58724773089493,1.01863028786187,3.5,3.1,2.75,3.25,1007.7761,4.3,0.8,3.1,3,2.5,3.25
"416",0.133457977661116,1021.6804,3.04210908164085,1.58792107738986,3.25,3.25,3.6,2,-182401.801536012,605.472433573628,1342.13,-58388,206712,1036.56,2.38483929898787,1.59824304601302,3.2,2.6,3.25,3.25,1012.46,2.1,1.5,2.5,2.8,3.25,3.25,1001.8386,2.64095021839114,1.28281041439063,2.8,3.1,2.75,3.25,1010.0667,3.58724773089493,1.01863028786187,3.5,3.1,2.75,3.25
"417",0.115430862151553,1029.8433,3.4,1.5,3.5,3.25,4.7,2.5,-186327,785.5,1800.53,-64923,206731,1021.6804,3.04210908164085,1.58792107738986,3.6,2,3.25,3.25,1036.56,2.38483929898787,1.59824304601302,3.2,2.6,3.25,3.25,1012.46,2.1,1.5,2.5,2.8,3.25,3.25,1001.8386,2.64095021839114,1.28281041439063,2.8,3.1,2.75,3.25
"418",0.0914949408511034,1045.8775,3.02154322130175,1.37358271327124,3.75,3.5,4.3,2.3,-194676.281384265,1406.98015771203,2700.01,-67140,207307,1029.8433,3.4,1.5,4.7,2.5,3.5,3.25,1021.6804,3.04210908164085,1.58792107738986,3.6,2,3.25,3.25,1036.56,2.38483929898787,1.59824304601302,3.2,2.6,3.25,3.25,1012.46,2.1,1.5,2.5,2.8,3.25,3.25
"419",0.0438861985472155,1040.76,2.409131973564,1.28032009086474,4,3.5,3.5,2.5,-204064.688380991,1979.02547442772,1976.64,-64090,208230,1045.8775,3.02154322130175,1.37358271327124,4.3,2.3,3.75,3.5,1029.8433,3.4,1.5,4.7,2.5,3.5,3.25,1021.6804,3.04210908164085,1.58792107738986,3.6,2,3.25,3.25,1036.56,2.38483929898787,1.59824304601302,3.2,2.6,3.25,3.25
"420",0.02738010585095,1022.381,2.3,1.3,4,3.75,3.4,2.6,-209820,1859.2,1445.69,-64366,210391,1040.76,2.409131973564,1.28032009086474,3.5,2.5,4,3.5,1045.8775,3.02154322130175,1.37358271327124,4.3,2.3,3.75,3.5,1029.8433,3.4,1.5,4.7,2.5,3.5,3.25,1021.6804,3.04210908164085,1.58792107738986,3.6,2,3.25,3.25
"421",0.0576171626241169,981.435,3.15491374173105,1.46668536016129,4.5,3.75,4,2.2,-208732.693299671,683.766327674942,168.56,-66680,216933,1022.381,2.3,1.3,3.4,2.6,4,3.75,1040.76,2.409131973564,1.28032009086474,3.5,2.5,4,3.5,1045.8775,3.02154322130175,1.37358271327124,4.3,2.3,3.75,3.5,1029.8433,3.4,1.5,4.7,2.5,3.5,3.25
"422",0.0549219890565985,969.8447,4.32877043151057,1.63153929989193,4.5,4,3.6,2,-203444.037532615,-796.218775728937,279.17,-62851,215950,981.435,3.15491374173105,1.46668536016129,4,2.2,4.5,3.75,1022.381,2.3,1.3,3.4,2.6,4,3.75,1040.76,2.409131973564,1.28032009086474,3.5,2.5,4,3.5,1045.8775,3.02154322130175,1.37358271327124,4.3,2.3,3.75,3.5
"423",0.0339230842704232,974.7109,4.9,1.6,4.5,4,3.4,2,-198058,-1551,895.13,-62574,217344,969.8447,4.32877043151057,1.63153929989193,3.6,2,4.5,4,981.435,3.15491374173105,1.46668536016129,4,2.2,4.5,3.75,1022.381,2.3,1.3,3.4,2.6,4,3.75,1040.76,2.409131973564,1.28032009086474,3.5,2.5,4,3.5
"424",0.0603317254447062,952.595,4.221764774737,1.25967584608359,4.75,4,3.5,2,-195938.426898533,-866.186209152538,1104.3,-62844,222890,974.7109,4.9,1.6,3.4,2,4.5,4,969.8447,4.32877043151057,1.63153929989193,3.6,2,4.5,4,981.435,3.15491374173105,1.46668536016129,4,2.2,4.5,3.75,1022.381,2.3,1.3,3.4,2.6,4,3.75
"425",0.0648604489205551,940.8168,2.74615667076408,0.82685604290087,4.75,4,4.2,2.3,-197488.680007068,711.157035895441,1724.14,-64844,224689,952.595,4.221764774737,1.25967584608359,3.5,2,4.75,4,974.7109,4.9,1.6,3.4,2,4.5,4,969.8447,4.32877043151057,1.63153929989193,3.6,2,4.5,4,981.435,3.15491374173105,1.46668536016129,4,2.2,4.5,3.75
"426",0.0607784587982608,954.45,1.2,0.6,5,4.25,4.3,2.4,-202372,2318.6,1925.34,-63481,224357,940.8168,2.74615667076408,0.82685604290087,4.2,2.3,4.75,4,952.595,4.221764774737,1.25967584608359,3.5,2,4.75,4,974.7109,4.9,1.6,3.4,2,4.5,4,969.8447,4.32877043151057,1.63153929989193,3.6,2,4.5,4
"427",0.0901862622395642,950.81,0.1987679000617,0.776092736985813,5.25,4.25,4.1,2.4,-209600.154661754,3261.42295337966,224.63,-66525,225716,954.45,1.2,0.6,4.3,2.4,5,4.25,940.8168,2.74615667076408,0.82685604290087,4.2,2.3,4.75,4,952.595,4.221764774737,1.25967584608359,3.5,2,4.75,4,974.7109,4.9,1.6,3.4,2,4.5,4
"428",0.0631958592737495,960.9522,-0.0874711886409842,1.14622171368977,5.25,4.5,3.8,2.7,-215579.02021689,3515.74618770273,257.73,-67823,227025,950.81,0.1987679000617,0.776092736985813,4.1,2.4,5.25,4.25,954.45,1.2,0.6,4.3,2.4,5,4.25,940.8168,2.74615667076408,0.82685604290087,4.2,2.3,4.75,4,952.595,4.221764774737,1.25967584608359,3.5,2,4.75,4
"429",0.0814387423998992,952.29,0.4,1.4,5.25,4.5,2.1,2.5,-216063,3225.4,2014.6,-64936,228224,960.9522,-0.0874711886409842,1.14622171368977,3.8,2.7,5.25,4.5,950.81,0.1987679000617,0.776092736985813,4.1,2.4,5.25,4.25,954.45,1.2,0.6,4.3,2.4,5,4.25,940.8168,2.74615667076408,0.82685604290087,4.2,2.3,4.75,4
"430",0.0978694115077119,952.6429,1.5757562176088,1.32113839115834,5.25,4.5,1.3,2.2,-208589.584084081,2537.66476600429,2394.19,-58990,229461,952.29,0.4,1.4,2.1,2.5,5.25,4.5,960.9522,-0.0874711886409842,1.14622171368977,3.8,2.7,5.25,4.5,950.81,0.1987679000617,0.776092736985813,4.1,2.4,5.25,4.25,954.45,1.2,0.6,4.3,2.4,5,4.25
"431",0.112619296070201,935.4143,2.77780215787393,1.06973858382152,5.25,4.5,2,2.1,-197828.609495743,1613.6211762566,3837.19,-58575,234257,952.6429,1.5757562176088,1.32113839115834,1.3,2.2,5.25,4.5,952.29,0.4,1.4,2.1,2.5,5.25,4.5,960.9522,-0.0874711886409842,1.14622171368977,3.8,2.7,5.25,4.5,950.81,0.1987679000617,0.776092736985813,4.1,2.4,5.25,4.25
"432",0.1053006551493,924.98,3.2,0.9,5.25,4.5,2.5,2.1,-190233,617.8,1257.18,-61592,238956,935.4143,2.77780215787393,1.06973858382152,2,2.1,5.25,4.5,952.6429,1.5757562176088,1.32113839115834,1.3,2.2,5.25,4.5,952.29,0.4,1.4,2.1,2.5,5.25,4.5,960.9522,-0.0874711886409842,1.14622171368977,3.8,2.7,5.25,4.5
"433",0.0476888524181011,936.7619,2.35005908135496,0.99490925393639,5.25,4.5,2.1,1.7,-190334.397890812,-281.507943322728,532.45,-57656,240229,924.98,3.2,0.9,2.5,2.1,5.25,4.5,935.4143,2.77780215787393,1.06973858382152,2,2.1,5.25,4.5,952.6429,1.5757562176088,1.32113839115834,1.3,2.2,5.25,4.5,952.29,0.4,1.4,2.1,2.5,5.25,4.5
"434",0.0351635179848436,936.9,0.991077371960094,1.25260172880193,5.25,4.5,2.4,2.2,-194979.319577917,-900.971633469873,818.97,-58478,242812,936.7619,2.35005908135496,0.99490925393639,2.1,1.7,5.25,4.5,924.98,3.2,0.9,2.5,2.1,5.25,4.5,935.4143,2.77780215787393,1.06973858382152,2,2.1,5.25,4.5,952.6429,1.5757562176088,1.32113839115834,1.3,2.2,5.25,4.5
"435",0.0337547318912261,942.8841,0.2,1.5,5.25,4.5,2.8,2.2,-199093,-1053.5,1090.38,-61797,243915,936.9,0.991077371960094,1.25260172880193,2.4,2.2,5.25,4.5,936.7619,2.35005908135496,0.99490925393639,2.1,1.7,5.25,4.5,924.98,3.2,0.9,2.5,2.1,5.25,4.5,935.4143,2.77780215787393,1.06973858382152,2,2.1,5.25,4.5
"436",0.0235357511439087,930.6905,0.724007456971349,1.5992245930961,5.25,4.5,2.6,2.5,-198771.713241562,-608.181140861525,347.57,-60514,247260,942.8841,0.2,1.5,2.8,2.2,5.25,4.5,936.9,0.991077371960094,1.25260172880193,2.4,2.2,5.25,4.5,936.7619,2.35005908135496,0.99490925393639,2.1,1.7,5.25,4.5,924.98,3.2,0.9,2.5,2.1,5.25,4.5
"437",0.0142881846592514,927.5636,1.99122168761903,1.55318783430411,5.25,4.5,2.7,2.3,-194795.889970368,341.180172437709,1182.96,-59288,250741,930.6905,0.724007456971349,1.5992245930961,2.6,2.5,5.25,4.5,942.8841,0.2,1.5,2.8,2.2,5.25,4.5,936.9,0.991077371960094,1.25260172880193,2.4,2.2,5.25,4.5,936.7619,2.35005908135496,0.99490925393639,2.1,1.7,5.25,4.5
"438",0.0286499127514761,927.8667,3.1,1.4,5.25,4.5,2.7,2.5,-189117,1644.6,3492.01,-59520,250702,927.5636,1.99122168761903,1.55318783430411,2.7,2.3,5.25,4.5,930.6905,0.724007456971349,1.5992245930961,2.6,2.5,5.25,4.5,942.8841,0.2,1.5,2.8,2.2,5.25,4.5,936.9,0.991077371960094,1.25260172880193,2.4,2.2,5.25,4.5
"439",0.0356064954542929,918.119,3.37983701668557,1.18967385516069,5.25,4.75,2.4,2.5,-183300.489883682,3088.35472899105,984.24,-59914,254839,927.8667,3.1,1.4,2.7,2.5,5.25,4.5,927.5636,1.99122168761903,1.55318783430411,2.7,2.3,5.25,4.5,930.6905,0.724007456971349,1.5992245930961,2.6,2.5,5.25,4.5,942.8841,0.2,1.5,2.8,2.2,5.25,4.5
"440",0.0283229860988643,934.4848,3.08477661830452,1.01983211916682,5.25,5,2,2,-177367.713133204,4203.76205483015,1356.08,-57005,255302,918.119,3.37983701668557,1.18967385516069,2.4,2.5,5.25,4.75,927.8667,3.1,1.4,2.7,2.5,5.25,4.5,927.5636,1.99122168761903,1.55318783430411,2.7,2.3,5.25,4.5,930.6905,0.724007456971349,1.5992245930961,2.6,2.5,5.25,4.5
"441",0.0255170445673301,928.595,2.7,1,5.25,5,2.8,2.3,-170954,4458.4,2129.95,-57794,257294,934.4848,3.08477661830452,1.01983211916682,2,2,5.25,5,918.119,3.37983701668557,1.18967385516069,2.4,2.5,5.25,4.75,927.8667,3.1,1.4,2.7,2.5,5.25,4.5,927.5636,1.99122168761903,1.55318783430411,2.7,2.3,5.25,4.5
"442",0.0412040743499463,914.9435,2.54553336517527,1.19393183811301,4.5,5,3.5,3,-164224.327223711,3550.92518786029,1692.58,-56538,260138,928.595,2.7,1,2.8,2.3,5.25,5,934.4848,3.08477661830452,1.01983211916682,2,2,5.25,5,918.119,3.37983701668557,1.18967385516069,2.4,2.5,5.25,4.75,927.8667,3.1,1.4,2.7,2.5,5.25,4.5
"443",0.0180720813182712,918.8095,2.280782950274,1.48229850384342,4.5,5,4.3,3.5,-159462.257496816,2104.30864527872,1881.76,-59717,261928,914.9435,2.54553336517527,1.19393183811301,3.5,3,4.5,5,928.595,2.7,1,2.8,2.3,5.25,5,934.4848,3.08477661830452,1.01983211916682,2,2,5.25,5,918.119,3.37983701668557,1.18967385516069,2.4,2.5,5.25,4.75
"444",-0.00656753607311822,931.095,1.4,1.7,4.5,5,4.1,3.6,-159481,972.6,-865.63,-57154,262224,918.8095,2.280782950274,1.48229850384342,4.3,3.5,4.5,5,914.9435,2.54553336517527,1.19393183811301,3.5,3,4.5,5,928.595,2.7,1,2.8,2.3,5.25,5,934.4848,3.08477661830452,1.01983211916682,2,2,5.25,5
"445",-0.00562089070821718,942.0571,-0.332340847757009,1.71608027386877,4.25,5,4.3,3.9,-165807.682702954,754.014889938158,-4043.45,-61139,261871,931.095,1.4,1.7,4.1,3.6,4.5,5,918.8095,2.280782950274,1.48229850384342,4.3,3.5,4.5,5,914.9435,2.54553336517527,1.19393183811301,3.5,3,4.5,5,928.595,2.7,1,2.8,2.3,5.25,5
"446",-0.00752644318621196,944.005,-2.0708713823635,1.5361590506447,3,5,4,3.6,-174825.108731384,1023.43299368458,-1446.14,-64348,262365,942.0571,-0.332340847757009,1.71608027386877,4.3,3.9,4.25,5,931.095,1.4,1.7,4.1,3.6,4.5,5,918.8095,2.280782950274,1.48229850384342,4.3,3.5,4.5,5,914.9435,2.54553336517527,1.19393183811301,3.5,3,4.5,5
"447",-0.0395735182250848,981.7348,-2.7,1.2,3,5,4,3.9,-181630,1099.9,-1118.78,-60064,264246,944.005,-2.0708713823635,1.5361590506447,4,3.6,3,5,942.0571,-0.332340847757009,1.71608027386877,4.3,3.9,4.25,5,931.095,1.4,1.7,4.1,3.6,4.5,5,918.8095,2.280782950274,1.48229850384342,4.3,3.5,4.5,5
"448",-0.0569208348549891,986.8636,-1.51987367785093,0.771376696041551,2,5,3.9,4.1,-182707.09011262,511.118956090783,-410.15,-63528,260482,981.7348,-2.7,1.2,4,3.9,3,5,944.005,-2.0708713823635,1.5361590506447,4,3.6,3,5,942.0571,-0.332340847757009,1.71608027386877,4.3,3.9,4.25,5,931.095,1.4,1.7,4.1,3.6,4.5,5
"449",-0.10305218872654,1034.1333,0.506406282883697,0.410102330614837,2,5,4.2,4.9,-180093.159429499,-380.577657054092,678.69,-62151,258199,986.8636,-1.51987367785093,0.771376696041551,3.9,4.1,2,5,981.7348,-2.7,1.2,4,3.9,3,5,944.005,-2.0708713823635,1.5361590506447,4,3.6,3,5,942.0571,-0.332340847757009,1.71608027386877,4.3,3.9,4.25,5
"450",-0.100456070307131,1031.4857,2,0.3,2,5,5,5.5,-177213,-1004.2,-569.32,-60670,258098,1034.1333,0.506406282883697,0.410102330614837,4.2,4.9,2,5,986.8636,-1.51987367785093,0.771376696041551,3.9,4.1,2,5,981.7348,-2.7,1.2,4,3.9,3,5,944.005,-2.0708713823635,1.5361590506447,4,3.6,3,5
"451",-0.0954978279491396,1015.0545,1.90072444804964,0.498412941965029,2,5,5.6,5.9,-176569.586476196,-896.049973560549,-1991.26,-66842,247523,1031.4857,2,0.3,5,5.5,2,5,1034.1333,0.506406282883697,0.410102330614837,4.2,4.9,2,5,986.8636,-1.51987367785093,0.771376696041551,3.9,4.1,2,5,981.7348,-2.7,1.2,4,3.9,3,5
"452",-0.10670870286354,1046.1143,0.42302402860649,0.556764960229291,2,5.25,5.4,5.6,-176978.623920991,-21.5964395422882,-3809.84,-62108,243200,1015.0545,1.90072444804964,0.498412941965029,5.6,5.9,2,5,1031.4857,2,0.3,5,5.5,2,5,1034.1333,0.506406282883697,0.410102330614837,4.2,4.9,2,5,986.8636,-1.51987367785093,0.771376696041551,3.9,4.1,2,5
"453",-0.181758527234961,1134.8667,-1.9,-0.0999999999999998,2,5.25,4.9,5.1,-176334,1546.4,-2099.77,-60499,239672,1046.1143,0.42302402860649,0.556764960229291,5.4,5.6,2,5.25,1015.0545,1.90072444804964,0.498412941965029,5.6,5.9,2,5,1031.4857,2,0.3,5,5.5,2,5,1034.1333,0.506406282883697,0.410102330614837,4.2,4.9,2,5
"454",-0.311652146645654,1329.1877,-4.52006115138465,-1.76502846390167,2,5,3.7,4.8,-172694.341760376,3637.20316037364,1012.36,-60191,212253,1134.8667,-1.9,-0.0999999999999998,4.9,5.1,2,5.25,1046.1143,0.42302402860649,0.556764960229291,5.4,5.6,2,5.25,1015.0545,1.90072444804964,0.498412941965029,5.6,5.9,2,5,1031.4857,2,0.3,5,5.5,2,5
"455",-0.34309958558792,1398.7044,-6.82813202693929,-3.60382883819867,1,4,1.1,4.5,-164777.233775426,5688.17452633436,-12.02,-44724,200506,1329.1877,-4.52006115138465,-1.76502846390167,3.7,4.8,2,5,1134.8667,-1.9,-0.0999999999999998,4.9,5.1,2,5.25,1046.1143,0.42302402860649,0.556764960229291,5.4,5.6,2,5.25,1015.0545,1.90072444804964,0.498412941965029,5.6,5.9,2,5
"456",-0.316162111652209,1361.5727,-8.2,-4.5,1,3,0.1,4.1,-151465,7038.7,542.3,-42463,201223,1398.7044,-6.82813202693929,-3.60382883819867,1.1,4.5,1,4,1329.1877,-4.52006115138465,-1.76502846390167,3.7,4.8,2,5,1134.8667,-1.9,-0.0999999999999998,4.9,5.1,2,5.25,1046.1143,0.42302402860649,0.556764960229291,5.4,5.6,2,5.25
"457",-0.304445629883398,1354.3975,-8.19455391658512,-3.69015093821022,0.25,2.5,0,3.7,-132706.676111932,7232.15214688082,-3765.41,-37842,201741,1361.5727,-8.2,-4.5,0.1,4.1,1,3,1398.7044,-6.82813202693929,-3.60382883819867,1.1,4.5,1,4,1329.1877,-4.52006115138465,-1.76502846390167,3.7,4.8,2,5,1134.8667,-1.9,-0.0999999999999998,4.9,5.1,2,5.25
"458",-0.344251624878906,1439.5842,-7.10308851344194,-1.8229310889161,0.25,2,0.2,4.1,-112718.144681007,6627.85018605671,2799.05,-27767,201535,1354.3975,-8.19455391658512,-3.69015093821022,0,3.7,0.25,2.5,1361.5727,-8.2,-4.5,0.1,4.1,1,3,1398.7044,-6.82813202693929,-3.60382883819867,1.1,4.5,1,4,1329.1877,-4.52006115138465,-1.76502846390167,3.7,4.8,2,5
"459",-0.322762119262075,1449.6159,-5.4,0.0999999999999996,0.25,2,-0.4,3.9,-96782,5789.1,3970.2,-29162,206340,1439.5842,-7.10308851344194,-1.8229310889161,0.2,4.1,0.25,2,1354.3975,-8.19455391658512,-3.69015093821022,0,3.7,0.25,2.5,1361.5727,-8.2,-4.5,0.1,4.1,1,3,1398.7044,-6.82813202693929,-3.60382883819867,1.1,4.5,1,4
"460",-0.259180932720278,1332.125,-3.52764910820081,1.31081740192772,0.25,2,-0.7,3.6,-88770.6945326389,5154.77343728828,5452.66,-29705,212478,1449.6159,-5.4,0.0999999999999996,-0.4,3.9,0.25,2,1439.5842,-7.10308851344194,-1.8229310889161,0.2,4.1,0.25,2,1354.3975,-8.19455391658512,-3.69015093821022,0,3.7,0.25,2.5,1361.5727,-8.2,-4.5,0.1,4.1,1,3
"461",-0.175559116511008,1254.345,-1.80025466003371,1.97703467534456,0.25,2,-1.3,2.7,-86916.1134264714,4666.00621092028,4416.8,-25372,226766,1332.125,-3.52764910820081,1.31081740192772,-0.7,3.6,0.25,2,1449.6159,-5.4,0.0999999999999996,-0.4,3.9,0.25,2,1439.5842,-7.10308851344194,-1.8229310889161,0.2,4.1,0.25,2,1354.3975,-8.19455391658512,-3.69015093821022,0,3.7,0.25,2.5
"462",-0.180901080066183,1259.2932,-0.5,2.5,0.25,2,-1.4,2,-88040,4139.5,6520.75,-26367,231735,1254.345,-1.80025466003371,1.97703467534456,-1.3,2.7,0.25,2,1332.125,-3.52764910820081,1.31081740192772,-0.7,3.6,0.25,2,1449.6159,-5.4,0.0999999999999996,-0.4,3.9,0.25,2,1439.5842,-7.10308851344194,-1.8229310889161,0.2,4.1,0.25,2
"463",-0.19419263985703,1259.6739,0.212557756795772,3.13947392309195,0.25,2,-2.1,1.6,-89552.1753871425,3456.16891878088,4228.69,-32790,237510,1259.2932,-0.5,2.5,-1.4,2,0.25,2,1254.345,-1.80025466003371,1.97703467534456,-1.3,2.7,0.25,2,1332.125,-3.52764910820081,1.31081740192772,-0.7,3.6,0.25,2,1449.6159,-5.4,0.0999999999999996,-0.4,3.9,0.25,2
"464",-0.155675260081718,1238.9952,0.663366412836043,3.58886646161196,0.25,2,-1.5,2.2,-91214.7719834778,2753.77682211403,1541.43,-31267,245458,1259.6739,0.212557756795772,3.13947392309195,-2.1,1.6,0.25,2,1259.2932,-0.5,2.5,-1.4,2,0.25,2,1254.345,-1.80025466003371,1.97703467534456,-1.3,2.7,0.25,2,1332.125,-3.52764910820081,1.31081740192772,-0.7,3.6,0.25,2
"465",-0.0635364867172009,1211.8643,1.3,3.4,0.25,2,-1.3,2.2,-93378,2234.3,4165.28,-34491,254247,1238.9952,0.663366412836043,3.58886646161196,-1.5,2.2,0.25,2,1259.6739,0.212557756795772,3.13947392309195,-2.1,1.6,0.25,2,1259.2932,-0.5,2.5,-1.4,2,0.25,2,1254.345,-1.80025466003371,1.97703467534456,-1.3,2.7,0.25,2
"466",0.132437451037942,1173.7405,2.38852919212883,2.3349906094082,0.25,2,-0.2,2,-96252.1224373095,2025.66570240302,3573.5,-33826,264187,1211.8643,1.3,3.4,-1.3,2.2,0.25,2,1238.9952,0.663366412836043,3.58886646161196,-1.5,2.2,0.25,2,1259.6739,0.212557756795772,3.13947392309195,-2.1,1.6,0.25,2,1259.2932,-0.5,2.5,-1.4,2,0.25,2
"467",0.202838093875254,1162.8368,3.46901123091176,0.997129107837253,0.25,2,1.8,2.4,-99487.6134544321,1959.60501914212,4456.91,-37203,270892,1173.7405,2.38852919212883,2.3349906094082,-0.2,2,0.25,2,1211.8643,1.3,3.4,-1.3,2.2,0.25,2,1238.9952,0.663366412836043,3.58886646161196,-1.5,2.2,0.25,2,1259.6739,0.212557756795772,3.13947392309195,-2.1,1.6,0.25,2
"468",0.170428902540155,1163.3109,3.9,0.2,0.25,2,2.7,2.8,-102595,1793.8,3089.12,-37983,269995,1162.8368,3.46901123091176,0.997129107837253,1.8,2.4,0.25,2,1173.7405,2.38852919212883,2.3349906094082,-0.2,2,0.25,2,1211.8643,1.3,3.4,-1.3,2.2,0.25,2,1238.9952,0.663366412836043,3.58886646161196,-1.5,2.2,0.25,2
"469",0.189952386880733,1138.1947,3.29258473394815,0.49834141705303,0.25,2,2.6,3.5,-105185.483011768,1385.09419753296,-800.58,-37154,273694,1163.3109,3.9,0.2,2.7,2.8,0.25,2,1162.8368,3.46901123091176,0.997129107837253,1.8,2.4,0.25,2,1173.7405,2.38852919212883,2.3349906094082,-0.2,2,0.25,2,1211.8643,1.3,3.4,-1.3,2.2,0.25,2
"470",0.245686494926299,1155.6553,2.26799607092432,1.41150599592792,0.25,2,2.1,3,-107272.959383979,986.977175391573,1995.27,-41034,270660,1138.1947,3.29258473394815,0.49834141705303,2.6,3.5,0.25,2,1163.3109,3.9,0.2,2.7,2.8,0.25,2,1162.8368,3.46901123091176,0.997129107837253,1.8,2.4,0.25,2,1173.7405,2.38852919212883,2.3349906094082,-0.2,2,0.25,2
"471",0.275978005816833,1136.0822,1.7,2.2,0.25,2,2.3,2.5,-108972,952.1,1733.18,-39766,272331,1155.6553,2.26799607092432,1.41150599592792,2.1,3,0.25,2,1138.1947,3.29258473394815,0.49834141705303,2.6,3.5,0.25,2,1163.3109,3.9,0.2,2.7,2.8,0.25,2,1162.8368,3.46901123091176,0.997129107837253,1.8,2.4,0.25,2
"472",0.194239215046074,1115.4591,2.18187261281932,2.30868075941672,0.25,2,2.2,2.6,-110458.871441546,1525.36491487255,3778.64,-40864,278874,1136.0822,1.7,2.2,2.3,2.5,0.25,2,1155.6553,2.26799607092432,1.41150599592792,2.1,3,0.25,2,1138.1947,3.29258473394815,0.49834141705303,2.6,3.5,0.25,2,1163.3109,3.9,0.2,2.7,2.8,0.25,2
"473",0.0768379547079817,1164.841,3.1849304113169,1.91980987141402,0.25,2,2,2.7,-112156.623083726,2520.67887188418,4034.36,-41333,270221,1115.4591,2.18187261281932,2.30868075941672,2.2,2.6,0.25,2,1136.0822,1.7,2.2,2.3,2.5,0.25,2,1155.6553,2.26799607092432,1.41150599592792,2.1,3,0.25,2,1138.1947,3.29258473394815,0.49834141705303,2.6,3.5,0.25,2
"474",0.0372138833388765,1214.1114,3.9,1.4,0.25,2,1.1,2.7,-114550,3644.2,6794.27,-46557,274219,1164.841,3.1849304113169,1.91980987141402,2,2.7,0.25,2,1115.4591,2.18187261281932,2.30868075941672,2.2,2.6,0.25,2,1136.0822,1.7,2.2,2.3,2.5,0.25,2,1155.6553,2.26799607092432,1.41150599592792,2.1,3,0.25,2
"475",0.0464063458545558,1203.8095,3.75770259255236,1.04100961935418,0.25,2.25,1.2,2.5,-117665.364555382,4585.23503186572,5001.89,-40413,285958,1214.1114,3.9,1.4,1.1,2.7,0.25,2,1164.841,3.1849304113169,1.91980987141402,2,2.7,0.25,2,1115.4591,2.18187261281932,2.30868075941672,2.2,2.6,0.25,2,1136.0822,1.7,2.2,2.3,2.5,0.25,2
"476",0.0504268742795243,1179.5159,3.14783783936364,0.835180444341914,0.25,2.25,1.1,2.7,-119695.548281116,4965.68511484948,1205.99,-44921,285353,1203.8095,3.75770259255236,1.04100961935418,1.2,2.5,0.25,2.25,1214.1114,3.9,1.4,1.1,2.7,0.25,2,1164.841,3.1849304113169,1.91980987141402,2,2.7,0.25,2,1115.4591,2.18187261281932,2.30868075941672,2.2,2.6,0.25,2
"477",0.0447727494135426,1159.931,2.7,0.7,0.25,2.25,1.1,3.4,-118375,4390.6,4409.1,-44042,289775,1179.5159,3.14783783936364,0.835180444341914,1.1,2.7,0.25,2.25,1203.8095,3.75770259255236,1.04100961935418,1.2,2.5,0.25,2.25,1214.1114,3.9,1.4,1.1,2.7,0.25,2,1164.841,3.1849304113169,1.91980987141402,2,2.7,0.25,2
"478",0.046170472574291,1121.94,2.81694664660089,0.579132615018411,0.25,2.25,1.2,3.7,-112563.337003592,2665.63940210901,6339.24,-39998,293348,1159.931,2.7,0.7,1.1,3.4,0.25,2.25,1179.5159,3.14783783936364,0.835180444341914,1.1,2.7,0.25,2.25,1203.8095,3.75770259255236,1.04100961935418,1.2,2.5,0.25,2.25,1214.1114,3.9,1.4,1.1,2.7,0.25,2
"479",0.0294025528871137,1129.623,2.99408860159892,0.520949832699803,0.25,2.5,1.1,3,-105620.850458478,398.90289094014,2591.6,-37762,290231,1121.94,2.81694664660089,0.579132615018411,1.2,3.7,0.25,2.25,1159.931,2.7,0.7,1.1,3.4,0.25,2.25,1179.5159,3.14783783936364,0.835180444341914,1.1,2.7,0.25,2.25,1203.8095,3.75770259255236,1.04100961935418,1.2,2.5,0.25,2.25
"480",0.0155633870873542,1145.4833,2.5,0.6,0.25,2.5,1.5,3,-102033,-1600.9,4088.6,-40815,291571,1129.623,2.99408860159892,0.520949832699803,1.1,3,0.25,2.5,1121.94,2.81694664660089,0.579132615018411,1.2,3.7,0.25,2.25,1159.931,2.7,0.7,1.1,3.4,0.25,2.25,1179.5159,3.14783783936364,0.835180444341914,1.1,2.7,0.25,2.25
"481",0.0172738952556938,1118.8675,0.930066376599655,0.849867327979581,0.25,2.75,1.6,3.4,-104890.02817099,-2687.94449215361,2484.04,-47123,295956,1145.4833,2.5,0.6,1.5,3,0.25,2.5,1129.623,2.99408860159892,0.520949832699803,1.1,3,0.25,2.5,1121.94,2.81694664660089,0.579132615018411,1.2,3.7,0.25,2.25,1159.931,2.7,0.7,1.1,3.4,0.25,2.25
"482",0.0342019342838897,1117.4368,-0.81308113464819,1.14027948411813,0.25,2.75,2.1,3.9,-111701.309144232,-2867.94482675818,2065.82,-43718,297667,1118.8675,0.930066376599655,0.849867327979581,1.6,3.4,0.25,2.75,1145.4833,2.5,0.6,1.5,3,0.25,2.5,1129.623,2.99408860159892,0.520949832699803,1.1,3,0.25,2.5,1121.94,2.81694664660089,0.579132615018411,1.2,3.7,0.25,2.25
"483",0.0150230409641164,1119.2674,-1.5,1.3,0.25,3,2.7,4.1,-118581,-2309.5,2487.03,-43478,298618,1117.4368,-0.81308113464819,1.14027948411813,2.1,3.9,0.25,2.75,1118.8675,0.930066376599655,0.849867327979581,1.6,3.4,0.25,2.75,1145.4833,2.5,0.6,1.5,3,0.25,2.5,1129.623,2.99408860159892,0.520949832699803,1.1,3,0.25,2.5
"484",0.0298039229443925,1083.1762,-0.35202696781432,1.21399066565586,0.25,3,3.2,3.8,-122377.920682818,-1203.96513719826,4348.2,-42227,307198,1119.2674,-1.5,1.3,2.7,4.1,0.25,3,1117.4368,-0.81308113464819,1.14027948411813,2.1,3.9,0.25,2.75,1118.8675,0.930066376599655,0.849867327979581,1.6,3.4,0.25,2.75,1145.4833,2.5,0.6,1.5,3,0.25,2.5
"485",0.0742179340679526,1084.3619,1.60638408514199,0.992006304901735,0.25,3,3.6,3.9,-122879.542594222,166.280119796285,2046.39,-47220,305084,1083.1762,-0.35202696781432,1.21399066565586,3.2,3.8,0.25,3,1119.2674,-1.5,1.3,2.7,4.1,0.25,3,1117.4368,-0.81308113464819,1.14027948411813,2.1,3.9,0.25,2.75,1118.8675,0.930066376599655,0.849867327979581,1.6,3.4,0.25,2.75
"486",0.123706618052458,1080.4523,2.9,0.8,0.25,3.25,3.6,4.2,-120608,1496.1,1912.12,-49433,304485,1084.3619,1.60638408514199,0.992006304901735,3.6,3.9,0.25,3,1083.1762,-0.35202696781432,1.21399066565586,3.2,3.8,0.25,3,1119.2674,-1.5,1.3,2.7,4.1,0.25,3,1117.4368,-0.81308113464819,1.14027948411813,2.1,3.9,0.25,2.75
"487",0.138434877178051,1057.425,2.52618964280577,0.757132972359953,0.25,3.25,3.6,4.5,-116292.955764404,2517.12726316888,4653.98,-45689,311031,1080.4523,2.9,0.8,3.6,4.2,0.25,3.25,1084.3619,1.60638408514199,0.992006304901735,3.6,3.9,0.25,3,1083.1762,-0.35202696781432,1.21399066565586,3.2,3.8,0.25,3,1119.2674,-1.5,1.3,2.7,4.1,0.25,3
"488",0.0983612800974406,1073.887,1.37272997926541,0.795398999978629,0.25,3.25,3.8,4.7,-111494.187145545,3108.06879201749,410.38,-44968,312194,1057.425,2.52618964280577,0.757132972359953,3.6,4.5,0.25,3.25,1080.4523,2.9,0.8,3.6,4.2,0.25,3.25,1084.3619,1.60638408514199,0.992006304901735,3.6,3.9,0.25,3,1083.1762,-0.35202696781432,1.21399066565586,3.2,3.8,0.25,3
"489",0.0338899884527228,1121.9095,0.799999999999999,0.8,0.25,3.25,3.9,3.8,-107979,3184.4,1231.49,-43305,303384,1073.887,1.37272997926541,0.795398999978629,3.8,4.7,0.25,3.25,1057.425,2.52618964280577,0.757132972359953,3.6,4.5,0.25,3.25,1080.4523,2.9,0.8,3.6,4.2,0.25,3.25,1084.3619,1.60638408514199,0.992006304901735,3.6,3.9,0.25,3
"490",-0.024980772322573,1150.685,1.73986098918382,0.690810778237665,0.25,3.25,3.5,3.6,-107120.922926234,2748.38941785607,3903.7,-44962,310976,1121.9095,0.799999999999999,0.8,3.9,3.8,0.25,3.25,1073.887,1.37272997926541,0.795398999978629,3.8,4.7,0.25,3.25,1057.425,2.52618964280577,0.757132972359953,3.6,4.5,0.25,3.25,1080.4523,2.9,0.8,3.6,4.2,0.25,3.25
"491",-0.0034005968358436,1133.4775,3.41010340520379,0.526397695183747,0.25,3.25,3.4,4.2,-108718.375490265,2149.47804546711,3002.11,-47044,308631,1150.685,1.73986098918382,0.690810778237665,3.5,3.6,0.25,3.25,1121.9095,0.799999999999999,0.8,3.9,3.8,0.25,3.25,1073.887,1.37272997926541,0.795398999978629,3.8,4.7,0.25,3.25,1057.425,2.52618964280577,0.757132972359953,3.6,4.5,0.25,3.25
"492",-0.00230192464904975,1148.1262,4.6,0.4,0.25,3.25,3,4.2,-112176,1823.9,2255.25,-49460,306402,1133.4775,3.41010340520379,0.526397695183747,3.4,4.2,0.25,3.25,1150.685,1.73986098918382,0.690810778237665,3.5,3.6,0.25,3.25,1121.9095,0.799999999999999,0.8,3.9,3.8,0.25,3.25,1073.887,1.37272997926541,0.795398999978629,3.8,4.7,0.25,3.25
"493",-0.0188191550234472,1140.3275,4.43658862268116,0.379623914689387,0.25,3.25,2.9,3.3,-116757.908086216,2095.48913948092,-2316.93,-51266,311341,1148.1262,4.6,0.4,3,4.2,0.25,3.25,1133.4775,3.41010340520379,0.526397695183747,3.4,4.2,0.25,3.25,1150.685,1.73986098918382,0.690810778237665,3.5,3.6,0.25,3.25,1121.9095,0.799999999999999,0.8,3.9,3.8,0.25,3.25
"494",-0.00467911890192315,1122.69,3.39796751103053,0.432343552619714,0.25,3.25,2.9,3,-121166.088671173,2838.47828537334,1216.19,-43338,315804,1140.3275,4.43658862268116,0.379623914689387,2.9,3.3,0.25,3.25,1148.1262,4.6,0.4,3,4.2,0.25,3.25,1133.4775,3.41010340520379,0.526397695183747,3.4,4.2,0.25,3.25,1150.685,1.73986098918382,0.690810778237665,3.5,3.6,0.25,3.25
"495",-0.00612927000364076,1126.17,2.3,0.5,0.25,3.25,2.6,2.7,-123962,3814.7,2276.41,-49850,315952,1122.69,3.39796751103053,0.432343552619714,2.9,3,0.25,3.25,1140.3275,4.43658862268116,0.379623914689387,2.9,3.3,0.25,3.25,1148.1262,4.6,0.4,3,4.2,0.25,3.25,1133.4775,3.41010340520379,0.526397695183747,3.4,4.2,0.25,3.25
"496",-0.0456797469797548,1135.0238,1.76563637194338,0.535138007449233,0.25,3.25,2.3,2.6,-124065.370654826,4804.16143162764,2137.57,-47773,316837,1126.17,2.3,0.5,2.6,2.7,0.25,3.25,1122.69,3.39796751103053,0.432343552619714,2.9,3,0.25,3.25,1140.3275,4.43658862268116,0.379623914689387,2.9,3.3,0.25,3.25,1148.1262,4.6,0.4,3,4.2,0.25,3.25
"497",-0.0625313718075537,1156.6914,1.64617469882222,0.533116983226285,0.25,3.25,1.7,2.5,-121829.010565782,5659.56807229881,2392.01,-47184,310872,1135.0238,1.76563637194338,0.535138007449233,2.3,2.6,0.25,3.25,1126.17,2.3,0.5,2.6,2.7,0.25,3.25,1122.69,3.39796751103053,0.432343552619714,2.9,3,0.25,3.25,1140.3275,4.43658862268116,0.379623914689387,2.9,3.3,0.25,3.25
"498",-0.0712885617067247,1163.3886,1.6,0.5,0.25,3.25,1.7,2.2,-117964,6251.8,5168.97,-43078,312378,1156.6914,1.64617469882222,0.533116983226285,1.7,2.5,0.25,3.25,1135.0238,1.76563637194338,0.535138007449233,2.3,2.6,0.25,3.25,1126.17,2.3,0.5,2.6,2.7,0.25,3.25,1122.69,3.39796751103053,0.432343552619714,2.9,3,0.25,3.25
"499",-0.0742840994675465,1142.2781,1.36012514880458,0.446490722180349,0.25,3,1.4,1.5,-113245.09077596,6507.54661548999,2690.78,-43834,314348,1163.3886,1.6,0.5,1.7,2.2,0.25,3.25,1156.6914,1.64617469882222,0.533116983226285,1.7,2.5,0.25,3.25,1135.0238,1.76563637194338,0.535138007449233,2.3,2.6,0.25,3.25,1126.17,2.3,0.5,2.6,2.7,0.25,3.25
"500",-0.0511234104976056,1131.7457,0.95807443442133,0.401855181141813,0.25,3,1.7,1.3,-108701.720917549,6576.73461061662,1929.5,-44536,316884,1142.2781,1.36012514880458,0.446490722180349,1.4,1.5,0.25,3,1163.3886,1.6,0.5,1.7,2.2,0.25,3.25,1156.6914,1.64617469882222,0.533116983226285,1.7,2.5,0.25,3.25,1135.0238,1.76563637194338,0.535138007449233,2.3,2.6,0.25,3.25
"501",-0.000963142094358522,1122.9911,0.5,0.4,0.25,3,2,2.1,-105427,6665.1,2853,-40150,322014,1131.7457,0.95807443442133,0.401855181141813,1.7,1.3,0.25,3,1142.2781,1.36012514880458,0.446490722180349,1.4,1.5,0.25,3,1163.3886,1.6,0.5,1.7,2.2,0.25,3.25,1156.6914,1.64617469882222,0.533116983226285,1.7,2.5,0.25,3.25
"502",0.0409837392909222,1105.3823,0.10127044024571,0.460380585310854,0.25,2.75,2.2,2.1,-104165.747722814,6911.66321752351,3707.88,-42358,323461,1122.9911,0.5,0.4,2,2.1,0.25,3,1131.7457,0.95807443442133,0.401855181141813,1.7,1.3,0.25,3,1142.2781,1.36012514880458,0.446490722180349,1.4,1.5,0.25,3,1163.3886,1.6,0.5,1.7,2.2,0.25,3.25
"503",0.0428031583716858,1086.9525,-0.0858798439149446,0.54464747739165,0.25,2.75,1.8,1.6,-104269.624282542,7188.5823741236,4423.7,-46604,326092,1105.3823,0.10127044024571,0.460380585310854,2.2,2.1,0.25,2.75,1122.9911,0.5,0.4,2,2.1,0.25,3,1131.7457,0.95807443442133,0.401855181141813,1.7,1.3,0.25,3,1142.2781,1.36012514880458,0.446490722180349,1.4,1.5,0.25,3
"504",0.0678033616298021,1075.2225,0.1,0.6,0.25,2.75,1.7,1.4,-104742,7301.3,1806.2,-37634,326968,1086.9525,-0.0858798439149446,0.54464747739165,1.8,1.6,0.25,2.75,1105.3823,0.10127044024571,0.460380585310854,2.2,2.1,0.25,2.75,1122.9911,0.5,0.4,2,2.1,0.25,3,1131.7457,0.95807443442133,0.401855181141813,1.7,1.3,0.25,3
"505",0.0692035455483509,1066.5205,0.723681979101469,0.593468418057718,0.25,2.75,1.6,1.6,-104746.066480933,7115.76347737895,376.17,-42205,328910,1075.2225,0.1,0.6,1.7,1.4,0.25,2.75,1086.9525,-0.0858798439149446,0.54464747739165,1.8,1.6,0.25,2.75,1105.3823,0.10127044024571,0.460380585310854,2.2,2.1,0.25,2.75,1122.9911,0.5,0.4,2,2.1,0.25,3
"506",0.0325405377168062,1087.3084,1.46322271901623,0.571406761143438,0.25,2.75,2,1.6,-104084.300470803,6739.9395965927,1873.37,-41770,327400,1066.5205,0.723681979101469,0.593468418057718,1.6,1.6,0.25,2.75,1075.2225,0.1,0.6,1.7,1.4,0.25,2.75,1086.9525,-0.0858798439149446,0.54464747739165,1.8,1.6,0.25,2.75,1105.3823,0.10127044024571,0.460380585310854,2.2,2.1,0.25,2.75
"507",0.0211257708290453,1102.871,1.9,0.6,0.25,2.75,1.5,1.5,-102719,6342.3,3335.97,-36973,327408,1087.3084,1.46322271901623,0.571406761143438,2,1.6,0.25,2.75,1066.5205,0.723681979101469,0.593468418057718,1.6,1.6,0.25,2.75,1075.2225,0.1,0.6,1.7,1.4,0.25,2.75,1086.9525,-0.0858798439149446,0.54464747739165,1.8,1.6,0.25,2.75
"508",0.0126024881664044,1120.8977,1.75955719890397,0.72130129801383,0.25,2.75,1.1,1.3,-100745.430797899,6083.77546555329,2509.68,-40417,328800,1102.871,1.9,0.6,1.5,1.5,0.25,2.75,1087.3084,1.46322271901623,0.571406761143438,2,1.6,0.25,2.75,1066.5205,0.723681979101469,0.593468418057718,1.6,1.6,0.25,2.75,1075.2225,0.1,0.6,1.7,1.4,0.25,2.75
"509",0.0406631791700273,1111.4945,1.34410007896115,0.880836589145708,0.25,2.5,1.4,1.1,-98790.7293898028,6095.13331357969,5917.69,-44831,328095,1120.8977,1.75955719890397,0.72130129801383,1.1,1.3,0.25,2.75,1102.871,1.9,0.6,1.5,1.5,0.25,2.75,1087.3084,1.46322271901623,0.571406761143438,2,1.6,0.25,2.75,1066.5205,0.723681979101469,0.593468418057718,1.6,1.6,0.25,2.75
"510",0.0250043061351524,1135.0085,1.1,1,0.25,2.5,1.8,1.2,-97615,6499.6,5971.59,-36552,326440,1111.4945,1.34410007896115,0.880836589145708,1.4,1.1,0.25,2.5,1120.8977,1.75955719890397,0.72130129801383,1.1,1.3,0.25,2.75,1102.871,1.9,0.6,1.5,1.5,0.25,2.75,1087.3084,1.46322271901623,0.571406761143438,2,1.6,0.25,2.75
"511",0.0153312356114948,1125.03,1.36771885491228,1.02132638988696,0.25,2.5,2,1.6,-97549.8769941396,7320.21614188938,2445.12,-39419,329709,1135.0085,1.1,1,1.8,1.2,0.25,2.5,1111.4945,1.34410007896115,0.880836589145708,1.4,1.1,0.25,2.5,1120.8977,1.75955719890397,0.72130129801383,1.1,1.3,0.25,2.75,1102.871,1.9,0.6,1.5,1.5,0.25,2.75
"512",0.0141619392695926,1115.9418,2.06408066884289,0.971913548940396,0.25,2.5,1.5,1.5,-97213.1153033195,8179.2790009404,4717.52,-39515,331094,1125.03,1.36771885491228,1.02132638988696,2,1.6,0.25,2.5,1135.0085,1.1,1,1.8,1.2,0.25,2.5,1111.4945,1.34410007896115,0.880836589145708,1.4,1.1,0.25,2.5,1120.8977,1.75955719890397,0.72130129801383,1.1,1.3,0.25,2.75
"513",0.0375858521322188,1082.3115,3,0.9,0.25,2.5,1.2,1,-94794,8598.9,3595.08,-42263,336922,1115.9418,2.06408066884289,0.971913548940396,1.5,1.5,0.25,2.5,1125.03,1.36771885491228,1.02132638988696,2,1.6,0.25,2.5,1135.0085,1.1,1,1.8,1.2,0.25,2.5,1111.4945,1.34410007896115,0.880836589145708,1.4,1.1,0.25,2.5
"514",0.0370828252524987,1065.8573,3.92882664070616,0.848948697993883,0.25,2.5,1,0.9,-89396.5427070248,8265.40811503734,4875.52,-39083,343226,1082.3115,3,0.9,1.2,1,0.25,2.5,1115.9418,2.06408066884289,0.971913548940396,1.5,1.5,0.25,2.5,1125.03,1.36771885491228,1.02132638988696,2,1.6,0.25,2.5,1135.0085,1.1,1,1.8,1.2,0.25,2.5
"515",0.0239164168857697,1061.5637,4.37365131974137,0.84262032620382,0.25,2.5,1.2,1.2,-83783.6612487712,7522.00253451055,4798.95,-35972,345012,1065.8573,3.92882664070616,0.848948697993883,1,0.9,0.25,2.5,1082.3115,3,0.9,1.2,1,0.25,2.5,1115.9418,2.06408066884289,0.971913548940396,1.5,1.5,0.25,2.5,1125.03,1.36771885491228,1.02132638988696,2,1.6,0.25,2.5
"516",0.0185553754006594,1055.6348,3.8,0.9,0.25,2.5,1.5,1.1,-81633,6876.1,3630.27,-37393,346460,1061.5637,4.37365131974137,0.84262032620382,1.2,1.2,0.25,2.5,1065.8573,3.92882664070616,0.848948697993883,1,0.9,0.25,2.5,1082.3115,3,0.9,1.2,1,0.25,2.5,1115.9418,2.06408066884289,0.971913548940396,1.5,1.5,0.25,2.5
"517",-0.00056806750313711,1067.1267,1.98734495263346,1.01991585517454,0.25,2.5,1.6,1.1,-85278.2114370207,6712.4773238872,813.62,-38841,348394,1055.6348,3.8,0.9,1.5,1.1,0.25,2.5,1061.5637,4.37365131974137,0.84262032620382,1.2,1.2,0.25,2.5,1065.8573,3.92882664070616,0.848948697993883,1,0.9,0.25,2.5,1082.3115,3,0.9,1.2,1,0.25,2.5
"518",0.0149369979435386,1071.3063,-0.0290563181787267,1.12056810920729,0.25,2.5,1.1,1,-91676.9804423367,6925.35160175815,850.18,-42230,351792,1067.1267,1.98734495263346,1.01991585517454,1.6,1.1,0.25,2.5,1055.6348,3.8,0.9,1.5,1.1,0.25,2.5,1061.5637,4.37365131974137,0.84262032620382,1.2,1.2,0.25,2.5,1065.8573,3.92882664070616,0.848948697993883,1,0.9,0.25,2.5
"519",0.0302478021767582,1070.491,-0.899999999999999,1.1,0.25,2.5,1.5,1.3,-96443,7286.3,3505.72,-43124,354341,1071.3063,-0.0290563181787267,1.12056810920729,1.1,1,0.25,2.5,1067.1267,1.98734495263346,1.01991585517454,1.6,1.1,0.25,2.5,1055.6348,3.8,0.9,1.5,1.1,0.25,2.5,1061.5637,4.37365131974137,0.84262032620382,1.2,1.2,0.25,2.5
"520",0.0750624139799642,1042.635,0.269941696908154,0.901017510937569,0.25,2.5,2,1.5,-96484.6856189666,7601.94925608054,4394.12,-45583,355845,1070.491,-0.899999999999999,1.1,1.5,1.3,0.25,2.5,1071.3063,-0.0290563181787267,1.12056810920729,1.1,1,0.25,2.5,1067.1267,1.98734495263346,1.01991585517454,1.6,1.1,0.25,2.5,1055.6348,3.8,0.9,1.5,1.1,0.25,2.5
"521",0.0846105828656831,1024.7867,2.56109247149206,0.645477607337394,0.25,2.5,2.1,1.7,-93889.3429078081,7819.12439179019,4969.7,-43231,360913,1042.635,0.269941696908154,0.901017510937569,2,1.5,0.25,2.5,1070.491,-0.899999999999999,1.1,1.5,1.3,0.25,2.5,1071.3063,-0.0290563181787267,1.12056810920729,1.1,1,0.25,2.5,1067.1267,1.98734495263346,1.01991585517454,1.6,1.1,0.25,2.5
"522",0.114125006638074,1018.7443,4.6,0.5,0.25,2.5,2.1,1.7,-92039,7919.7,5351.33,-40810,366546,1024.7867,2.56109247149206,0.645477607337394,2.1,1.7,0.25,2.5,1042.635,0.269941696908154,0.901017510937569,2,1.5,0.25,2.5,1070.491,-0.899999999999999,1.1,1.5,1.3,0.25,2.5,1071.3063,-0.0290563181787267,1.12056810920729,1.1,1,0.25,2.5
"523",0.101853503227757,1021.0341,5.34029566714133,0.572310397371476,0.25,2.5,2,1.6,-93320.3794204462,7888.12194808692,2340.63,-40655,368026,1018.7443,4.6,0.5,2.1,1.7,0.25,2.5,1024.7867,2.56109247149206,0.645477607337394,2.1,1.7,0.25,2.5,1042.635,0.269941696908154,0.901017510937569,2,1.5,0.25,2.5,1070.491,-0.899999999999999,1.1,1.5,1.3,0.25,2.5
"524",0.0892018935142259,1024.55,5.04394569146974,0.734558498480171,0.25,2.25,1.7,1.4,-96138.9812597642,7719.12120145146,3316.5,-39916,367534,1021.0341,5.34029566714133,0.572310397371476,2,1.6,0.25,2.5,1018.7443,4.6,0.5,2.1,1.7,0.25,2.5,1024.7867,2.56109247149206,0.645477607337394,2.1,1.7,0.25,2.5,1042.635,0.269941696908154,0.901017510937569,2,1.5,0.25,2.5
"525",0.044811743779319,1035.8914,4.3,0.8,0.25,2.25,1.7,1.1,-97905,7410,3261.51,-43368,364407,1024.55,5.04394569146974,0.734558498480171,1.7,1.4,0.25,2.25,1021.0341,5.34029566714133,0.572310397371476,2,1.6,0.25,2.5,1018.7443,4.6,0.5,2.1,1.7,0.25,2.5,1024.7867,2.56109247149206,0.645477607337394,2.1,1.7,0.25,2.5
"526",0.00520721782597369,1060.3359,3.57998674563762,0.646777936613565,0.25,2,1.7,1.2,-97219.3152177671,7010.09998860881,7533.24,-41898,363723,1035.8914,4.3,0.8,1.7,1.1,0.25,2.25,1024.55,5.04394569146974,0.734558498480171,1.7,1.4,0.25,2.25,1021.0341,5.34029566714133,0.572310397371476,2,1.6,0.25,2.5,1018.7443,4.6,0.5,2.1,1.7,0.25,2.5
"532",-0.0387545199193599,1084.6709,1.59431718646302,0.650169897948642,0.25,1.75,-0.2,0.4,-86818.4681705129,11270.7542881465,8488,-40879,369902,1112.9005,0.6,0.8,-0.1,0.4,0.25,1.75,1101.4605,0.551703406162565,0.681769388033621,0,0.5,0.25,2,1088.13,1.20272031327113,0.440577856174263,-0.1,0.8,0.25,2,1102.6224,2.1,0.3,0.8,0.8,0.25,2
"533",-0.0620973214788266,1092.6365,2.95598753864671,0.401078493568039,0.25,1.75,0,0.5,-44696.9058360807,11724.99128631,6320,-43473,371506,1084.6709,1.59431718646302,0.650169897948642,-0.2,0.4,0.25,1.75,1112.9005,0.6,0.8,-0.1,0.4,0.25,1.75,1101.4605,0.551703406162565,0.681769388033621,0,0.5,0.25,2,1088.13,1.20272031327113,0.440577856174263,-0.1,0.8,0.25,2
"534",-0.0845900989429978,1112.8832,3.9,0.3,0.25,1.5,0.1,0.7,-11109,11872.3,9980,-46287,374749,1092.6365,2.95598753864671,0.401078493568039,0,0.5,0.25,1.75,1084.6709,1.59431718646302,0.650169897948642,-0.2,0.4,0.25,1.75,1112.9005,0.6,0.8,-0.1,0.4,0.25,1.75,1101.4605,0.551703406162565,0.681769388033621,0,0.5,0.25,2
"535",-0.109470193453944,1146.5468,3.8496405705064,0.51800181129043,0.25,1.5,0.2,0.7,-4151.43427612938,11777.0751203066,7723,-42460,370822,1112.8832,3.9,0.3,0.1,0.7,0.25,1.5,1092.6365,2.95598753864671,0.401078493568039,0,0.5,0.25,1.75,1084.6709,1.59431718646302,0.650169897948642,-0.2,0.4,0.25,1.75,1112.9005,0.6,0.8,-0.1,0.4,0.25,1.75
"536",-0.130369314849342,1178.1438,3.06138347628764,0.92132404510163,0.25,1.5,0.2,0.7,-37592.8787205738,11440.1340806423,4270,-48839,367938,1146.5468,3.8496405705064,0.51800181129043,0.2,0.7,0.25,1.5,1112.8832,3.9,0.3,0.1,0.7,0.25,1.5,1092.6365,2.95598753864671,0.401078493568039,0,0.5,0.25,1.75,1084.6709,1.59431718646302,0.650169897948642,-0.2,0.4,0.25,1.75
"537",-0.125335506151157,1184.33,2,1.3,0.25,1.5,0,0.6,-124120,10846.4,8900,-42484,368114,1178.1438,3.06138347628764,0.92132404510163,0.2,0.7,0.25,1.5,1146.5468,3.8496405705064,0.51800181129043,0.2,0.7,0.25,1.5,1112.8832,3.9,0.3,0.1,0.7,0.25,1.5,1092.6365,2.95598753864671,0.401078493568039,0,0.5,0.25,1.75
"538",-0.0724835308638304,1143.199,1.08860201299285,1.45930433837112,0.25,1.5,0.2,0.9,-276419.464781075,9983.97486025659,6690,-44610,369601,1184.33,2,1.3,0,0.6,0.25,1.5,1178.1438,3.06138347628764,0.92132404510163,0.2,0.7,0.25,1.5,1146.5468,3.8496405705064,0.51800181129043,0.2,0.7,0.25,1.5,1112.8832,3.9,0.3,0.1,0.7,0.25,1.5
"539",-0.0482016860225747,1153.4721,0.583663741387908,1.26547717787729,0.25,1.5,0.5,1,-507177.939730464,8853.67609482449,10320,-42226,368463,1143.199,1.08860201299285,1.45930433837112,0.2,0.9,0.25,1.5,1184.33,2,1.3,0,0.6,0.25,1.5,1178.1438,3.06138347628764,0.92132404510163,0.2,0.7,0.25,1.5,1146.5468,3.8496405705064,0.51800181129043,0.2,0.7,0.25,1.5
"540",-0.0575445165693061,1169.9464,0.7,0.6,0.5,1.5,0.7,1.3,-829082.091514836,7459.5,7160,-43357,367960,1153.4721,0.583663741387908,1.26547717787729,0.5,1,0.25,1.5,1143.199,1.08860201299285,1.45930433837112,0.2,0.9,0.25,1.5,1184.33,2,1.3,0,0.6,0.25,1.5,1178.1438,3.06138347628764,0.92132404510163,0.2,0.7,0.25,1.5
