"","Pct_Chg","Exchange","X1Y_Yield_d","X1Y_Yield_f","Int_d","Int_f","Infl_d","Infl_f","GDPG_d","GDPG_f","BOT_f","BOT_d","FER_f","lag1.Exchange","lag1.X1Y_Yield_d","lag1.X1Y_Yield_f","lag1.Infl_d","lag1.Infl_f","lag1.Int_d","lag1.Int_f","lag2.Exchange","lag2.X1Y_Yield_d","lag2.X1Y_Yield_f","lag2.Infl_d","lag2.Infl_f","lag2.Int_d","lag2.Int_f","lag3.Exchange","lag3.X1Y_Yield_d","lag3.X1Y_Yield_f","lag3.Infl_d","lag3.Infl_f","lag3.Int_d","lag3.Int_f","lag4.Exchange","lag4.X1Y_Yield_d","lag4.X1Y_Yield_f","lag4.Infl_d","lag4.Infl_f","lag4.Int_d","lag4.Int_f","lag5.Exchange","lag5.X1Y_Yield_d","lag5.X1Y_Yield_f","lag5.Infl_d","lag5.Infl_f","lag5.Int_d","lag5.Int_f","lag6.Exchange","lag6.X1Y_Yield_d","lag6.X1Y_Yield_f","lag6.Infl_d","lag6.Infl_f","lag6.Int_d","lag6.Int_f","lag7.Exchange","lag7.X1Y_Yield_d","lag7.X1Y_Yield_f","lag7.Infl_d","lag7.Infl_f","lag7.Int_d","lag7.Int_f","lag8.Exchange","lag8.X1Y_Yield_d","lag8.X1Y_Yield_f","lag8.Infl_d","lag8.Infl_f","lag8.Int_d","lag8.Int_f","lag9.Exchange","lag9.X1Y_Yield_d","lag9.X1Y_Yield_f","lag9.Infl_d","lag9.Infl_f","lag9.Int_d","lag9.Int_f","lag10.Exchange","lag10.X1Y_Yield_d","lag10.X1Y_Yield_f","lag10.Infl_d","lag10.Infl_f","lag10.Int_d","lag10.Int_f"
"428",-0.0172253644180807,10.8735,-0.0874711886409842,0.607035872331858,5.25,7,3.8,3.47,-215579.02021689,-1087.19387858231,-779.22,-67823,718181000,10.983,0.1987679000617,1.19575603545268,4.1,3.06,5.25,7,11.3934,1.2,1.7,4.3,3.18,5,7,11.0908,2.74615667076408,1.91493061703447,4.2,3,4.75,7,11.0489,4.221764774737,1.88100409930909,3.5,3.2,4.75,7,10.7493,4.9,1.7,3.4,3.41,4.5,7.25,10.4842,4.32877043151057,1.47768610397472,3.6,3.75,4.5,7.5,10.5422,3.15491374173105,1.3357831228665,4,3.94,4.5,7.75,10.6266,2.3,1.4,3.4,3.33,4,8.25,10.6715,2.409131973564,1.71506570780738,3.5,2.91,4,9,10.8354,3.02154322130175,2.00178933515082,4.3,3.05,3.75,9.25
"429",-0.01847335468841,10.9888,0.4,0.2,5.25,7,2.1,4.09,-216063,-1227.27,-1480.66,-64936,739891000,10.8735,-0.0874711886409842,0.607035872331858,3.8,3.47,5.25,7,10.983,0.1987679000617,1.19575603545268,4.1,3.06,5.25,7,11.3934,1.2,1.7,4.3,3.18,5,7,11.0908,2.74615667076408,1.91493061703447,4.2,3,4.75,7,11.0489,4.221764774737,1.88100409930909,3.5,3.2,4.75,7,10.7493,4.9,1.7,3.4,3.41,4.5,7.25,10.4842,4.32877043151057,1.47768610397472,3.6,3.75,4.5,7.5,10.5422,3.15491374173105,1.3357831228665,4,3.94,4.5,7.75,10.6266,2.3,1.4,3.4,3.33,4,8.25,10.6715,2.409131973564,1.71506570780738,3.5,2.91,4,9
"430",-0.00459330846822356,10.8854,1.5757562176088,0.15819398110242,5.25,7,1.3,4.29,-208589.584084081,-1454.73817124519,-1317.53,-58990,740186000,10.9888,0.4,0.2,2.1,4.09,5.25,7,10.8735,-0.0874711886409842,0.607035872331858,3.8,3.47,5.25,7,10.983,0.1987679000617,1.19575603545268,4.1,3.06,5.25,7,11.3934,1.2,1.7,4.3,3.18,5,7,11.0908,2.74615667076408,1.91493061703447,4.2,3,4.75,7,11.0489,4.221764774737,1.88100409930909,3.5,3.2,4.75,7,10.7493,4.9,1.7,3.4,3.41,4.5,7.25,10.4842,4.32877043151057,1.47768610397472,3.6,3.75,4.5,7.5,10.5422,3.15491374173105,1.3357831228665,4,3.94,4.5,7.75,10.6266,2.3,1.4,3.4,3.33,4,8.25
"431",-0.0221564513025391,10.9133,2.77780215787393,0.334703671415879,5.25,7,2,4.09,-197828.609495743,-1906.42626051958,-1612.2,-58575,764790000,10.8854,1.5757562176088,0.15819398110242,1.3,4.29,5.25,7,10.9888,0.4,0.2,2.1,4.09,5.25,7,10.8735,-0.0874711886409842,0.607035872331858,3.8,3.47,5.25,7,10.983,0.1987679000617,1.19575603545268,4.1,3.06,5.25,7,11.3934,1.2,1.7,4.3,3.18,5,7,11.0908,2.74615667076408,1.91493061703447,4.2,3,4.75,7,11.0489,4.221764774737,1.88100409930909,3.5,3.2,4.75,7,10.7493,4.9,1.7,3.4,3.41,4.5,7.25,10.4842,4.32877043151057,1.47768610397472,3.6,3.75,4.5,7.5,10.5422,3.15491374173105,1.3357831228665,4,3.94,4.5,7.75
"432",-0.0210049195732685,10.8546,3.2,0.5,5.25,7,2.5,4.05,-190233,-2760.17,-1161.82,-61592,731725000,10.9133,2.77780215787393,0.334703671415879,2,4.09,5.25,7,10.8854,1.5757562176088,0.15819398110242,1.3,4.29,5.25,7,10.9888,0.4,0.2,2.1,4.09,5.25,7,10.8735,-0.0874711886409842,0.607035872331858,3.8,3.47,5.25,7,10.983,0.1987679000617,1.19575603545268,4.1,3.06,5.25,7,11.3934,1.2,1.7,4.3,3.18,5,7,11.0908,2.74615667076408,1.91493061703447,4.2,3,4.75,7,11.0489,4.221764774737,1.88100409930909,3.5,3.2,4.75,7,10.7493,4.9,1.7,3.4,3.41,4.5,7.25,10.4842,4.32877043151057,1.47768610397472,3.6,3.75,4.5,7.5
"433",-0.0377604760905083,10.9559,2.35005908135496,0.49739396606357,5.25,7,2.1,3.98,-190334.397890812,-4068.55243884678,-1677.52,-57656,748471000,10.8546,3.2,0.5,2.5,4.05,5.25,7,10.9133,2.77780215787393,0.334703671415879,2,4.09,5.25,7,10.8854,1.5757562176088,0.15819398110242,1.3,4.29,5.25,7,10.9888,0.4,0.2,2.1,4.09,5.25,7,10.8735,-0.0874711886409842,0.607035872331858,3.8,3.47,5.25,7,10.983,0.1987679000617,1.19575603545268,4.1,3.06,5.25,7,11.3934,1.2,1.7,4.3,3.18,5,7,11.0908,2.74615667076408,1.91493061703447,4.2,3,4.75,7,11.0489,4.221764774737,1.88100409930909,3.5,3.2,4.75,7,10.7493,4.9,1.7,3.4,3.41,4.5,7.25
"434",-0.0464661531045649,10.9951,0.991077371960094,0.461556849412033,5.25,7,2.4,4.11,-194979.319577917,-5383.1458941542,-398.54,-58478,770339000,10.9559,2.35005908135496,0.49739396606357,2.1,3.98,5.25,7,10.8546,3.2,0.5,2.5,4.05,5.25,7,10.9133,2.77780215787393,0.334703671415879,2,4.09,5.25,7,10.8854,1.5757562176088,0.15819398110242,1.3,4.29,5.25,7,10.9888,0.4,0.2,2.1,4.09,5.25,7,10.8735,-0.0874711886409842,0.607035872331858,3.8,3.47,5.25,7,10.983,0.1987679000617,1.19575603545268,4.1,3.06,5.25,7,11.3934,1.2,1.7,4.3,3.18,5,7,11.0908,2.74615667076408,1.91493061703447,4.2,3,4.75,7,11.0489,4.221764774737,1.88100409930909,3.5,3.2,4.75,7
"435",-0.0328492766141222,11.1144,0.2,0.6,5.25,7,2.8,4.21,-199093,-6130.27,-377.64,-61797,763379000,10.9951,0.991077371960094,0.461556849412033,2.4,4.11,5.25,7,10.9559,2.35005908135496,0.49739396606357,2.1,3.98,5.25,7,10.8546,3.2,0.5,2.5,4.05,5.25,7,10.9133,2.77780215787393,0.334703671415879,2,4.09,5.25,7,10.8854,1.5757562176088,0.15819398110242,1.3,4.29,5.25,7,10.9888,0.4,0.2,2.1,4.09,5.25,7,10.8735,-0.0874711886409842,0.607035872331858,3.8,3.47,5.25,7,10.983,0.1987679000617,1.19575603545268,4.1,3.06,5.25,7,11.3934,1.2,1.7,4.3,3.18,5,7,11.0908,2.74615667076408,1.91493061703447,4.2,3,4.75,7
"436",0.00625671663539824,10.9802,0.724007456971349,1.03000793242108,5.25,7.25,2.6,3.99,-198771.713241562,-5902.20318447879,-759.32,-60514,759531000,11.1144,0.2,0.6,2.8,4.21,5.25,7,10.9951,0.991077371960094,0.461556849412033,2.4,4.11,5.25,7,10.9559,2.35005908135496,0.49739396606357,2.1,3.98,5.25,7,10.8546,3.2,0.5,2.5,4.05,5.25,7,10.9133,2.77780215787393,0.334703671415879,2,4.09,5.25,7,10.8854,1.5757562176088,0.15819398110242,1.3,4.29,5.25,7,10.9888,0.4,0.2,2.1,4.09,5.25,7,10.8735,-0.0874711886409842,0.607035872331858,3.8,3.47,5.25,7,10.983,0.1987679000617,1.19575603545268,4.1,3.06,5.25,7,11.3934,1.2,1.7,4.3,3.18,5,7
"437",0.0248288225021021,10.8221,1.99122168761903,1.50795781982488,5.25,7.25,2.7,3.95,-194795.889970368,-4955.05905175252,-721.9,-59288,746844000,10.9802,0.724007456971349,1.03000793242108,2.6,3.99,5.25,7.25,11.1144,0.2,0.6,2.8,4.21,5.25,7,10.9951,0.991077371960094,0.461556849412033,2.4,4.11,5.25,7,10.9559,2.35005908135496,0.49739396606357,2.1,3.98,5.25,7,10.8546,3.2,0.5,2.5,4.05,5.25,7,10.9133,2.77780215787393,0.334703671415879,2,4.09,5.25,7,10.8854,1.5757562176088,0.15819398110242,1.3,4.29,5.25,7,10.9888,0.4,0.2,2.1,4.09,5.25,7,10.8735,-0.0874711886409842,0.607035872331858,3.8,3.47,5.25,7,10.983,0.1987679000617,1.19575603545268,4.1,3.06,5.25,7
"438",0.0517308224868457,10.833,3.1,1.7,5.25,7.25,2.7,3.98,-189117,-3710.91,-826.72,-59520,754968000,10.8221,1.99122168761903,1.50795781982488,2.7,3.95,5.25,7.25,10.9802,0.724007456971349,1.03000793242108,2.6,3.99,5.25,7.25,11.1144,0.2,0.6,2.8,4.21,5.25,7,10.9951,0.991077371960094,0.461556849412033,2.4,4.11,5.25,7,10.9559,2.35005908135496,0.49739396606357,2.1,3.98,5.25,7,10.8546,3.2,0.5,2.5,4.05,5.25,7,10.9133,2.77780215787393,0.334703671415879,2,4.09,5.25,7,10.8854,1.5757562176088,0.15819398110242,1.3,4.29,5.25,7,10.9888,0.4,0.2,2.1,4.09,5.25,7,10.8735,-0.0874711886409842,0.607035872331858,3.8,3.47,5.25,7
"439",0.0155715421744679,10.8146,3.37983701668557,1.38998171165952,5.25,7.25,2.4,4.14,-183300.489883682,-2555.09556397881,-694.84,-59914,777314000,10.833,3.1,1.7,2.7,3.98,5.25,7.25,10.8221,1.99122168761903,1.50795781982488,2.7,3.95,5.25,7.25,10.9802,0.724007456971349,1.03000793242108,2.6,3.99,5.25,7.25,11.1144,0.2,0.6,2.8,4.21,5.25,7,10.9951,0.991077371960094,0.461556849412033,2.4,4.11,5.25,7,10.9559,2.35005908135496,0.49739396606357,2.1,3.98,5.25,7,10.8546,3.2,0.5,2.5,4.05,5.25,7,10.9133,2.77780215787393,0.334703671415879,2,4.09,5.25,7,10.8854,1.5757562176088,0.15819398110242,1.3,4.29,5.25,7,10.9888,0.4,0.2,2.1,4.09,5.25,7
"440",-0.0154204168854922,11.0438,3.08477661830452,0.832537797214387,5.25,7.25,2,4.03,-177367.713133204,-1726.02382476165,-1061.54,-57005,784351000,10.8146,3.37983701668557,1.38998171165952,2.4,4.14,5.25,7.25,10.833,3.1,1.7,2.7,3.98,5.25,7.25,10.8221,1.99122168761903,1.50795781982488,2.7,3.95,5.25,7.25,10.9802,0.724007456971349,1.03000793242108,2.6,3.99,5.25,7.25,11.1144,0.2,0.6,2.8,4.21,5.25,7,10.9951,0.991077371960094,0.461556849412033,2.4,4.11,5.25,7,10.9559,2.35005908135496,0.49739396606357,2.1,3.98,5.25,7,10.8546,3.2,0.5,2.5,4.05,5.25,7,10.9133,2.77780215787393,0.334703671415879,2,4.09,5.25,7,10.8854,1.5757562176088,0.15819398110242,1.3,4.29,5.25,7
"441",-0.00390685194753404,11.0319,2.7,0.4,5.25,7.25,2.8,3.79,-170954,-1425.37,-638.03,-57794,800449000,11.0438,3.08477661830452,0.832537797214387,2,4.03,5.25,7.25,10.8146,3.37983701668557,1.38998171165952,2.4,4.14,5.25,7.25,10.833,3.1,1.7,2.7,3.98,5.25,7.25,10.8221,1.99122168761903,1.50795781982488,2.7,3.95,5.25,7.25,10.9802,0.724007456971349,1.03000793242108,2.6,3.99,5.25,7.25,11.1144,0.2,0.6,2.8,4.21,5.25,7,10.9951,0.991077371960094,0.461556849412033,2.4,4.11,5.25,7,10.9559,2.35005908135496,0.49739396606357,2.1,3.98,5.25,7,10.8546,3.2,0.5,2.5,4.05,5.25,7,10.9133,2.77780215787393,0.334703671415879,2,4.09,5.25,7
"442",0.00591420703421,10.8214,2.54553336517527,0.365620776496384,4.5,7.5,3.5,3.74,-164224.327223711,-1768.91567071708,-1560.86,-56538,808435000,11.0319,2.7,0.4,2.8,3.79,5.25,7.25,11.0438,3.08477661830452,0.832537797214387,2,4.03,5.25,7.25,10.8146,3.37983701668557,1.38998171165952,2.4,4.14,5.25,7.25,10.833,3.1,1.7,2.7,3.98,5.25,7.25,10.8221,1.99122168761903,1.50795781982488,2.7,3.95,5.25,7.25,10.9802,0.724007456971349,1.03000793242108,2.6,3.99,5.25,7.25,11.1144,0.2,0.6,2.8,4.21,5.25,7,10.9951,0.991077371960094,0.461556849412033,2.4,4.11,5.25,7,10.9559,2.35005908135496,0.49739396606357,2.1,3.98,5.25,7,10.8546,3.2,0.5,2.5,4.05,5.25,7
"443",0.0029592596336767,10.8811,2.280782950274,0.606335435762019,4.5,7.5,4.3,3.93,-159462.257496816,-2528.86787142309,-820.99,-59717,843439000,10.8214,2.54553336517527,0.365620776496384,3.5,3.74,4.5,7.5,11.0319,2.7,0.4,2.8,3.79,5.25,7.25,11.0438,3.08477661830452,0.832537797214387,2,4.03,5.25,7.25,10.8146,3.37983701668557,1.38998171165952,2.4,4.14,5.25,7.25,10.833,3.1,1.7,2.7,3.98,5.25,7.25,10.8221,1.99122168761903,1.50795781982488,2.7,3.95,5.25,7.25,10.9802,0.724007456971349,1.03000793242108,2.6,3.99,5.25,7.25,11.1144,0.2,0.6,2.8,4.21,5.25,7,10.9951,0.991077371960094,0.461556849412033,2.4,4.11,5.25,7,10.9559,2.35005908135496,0.49739396606357,2.1,3.98,5.25,7
"444",0.000765237915233784,10.8463,1.4,0.9,4.5,7.5,4.1,3.76,-159481,-3391.54,-535.79,-57154,851324000,10.8811,2.280782950274,0.606335435762019,4.3,3.93,4.5,7.5,10.8214,2.54553336517527,0.365620776496384,3.5,3.74,4.5,7.5,11.0319,2.7,0.4,2.8,3.79,5.25,7.25,11.0438,3.08477661830452,0.832537797214387,2,4.03,5.25,7.25,10.8146,3.37983701668557,1.38998171165952,2.4,4.14,5.25,7.25,10.833,3.1,1.7,2.7,3.98,5.25,7.25,10.8221,1.99122168761903,1.50795781982488,2.7,3.95,5.25,7.25,10.9802,0.724007456971349,1.03000793242108,2.6,3.99,5.25,7.25,11.1144,0.2,0.6,2.8,4.21,5.25,7,10.9951,0.991077371960094,0.461556849412033,2.4,4.11,5.25,7
"445",0.00460309746279471,10.9057,-0.332340847757009,1.05864629346605,4.25,7.5,4.3,3.7,-165807.682702954,-4082.68990130103,-1763.54,-61139,865840000,10.8463,1.4,0.9,4.1,3.76,4.5,7.5,10.8811,2.280782950274,0.606335435762019,4.3,3.93,4.5,7.5,10.8214,2.54553336517527,0.365620776496384,3.5,3.74,4.5,7.5,11.0319,2.7,0.4,2.8,3.79,5.25,7.25,11.0438,3.08477661830452,0.832537797214387,2,4.03,5.25,7.25,10.8146,3.37983701668557,1.38998171165952,2.4,4.14,5.25,7.25,10.833,3.1,1.7,2.7,3.98,5.25,7.25,10.8221,1.99122168761903,1.50795781982488,2.7,3.95,5.25,7.25,10.9802,0.724007456971349,1.03000793242108,2.6,3.99,5.25,7.25,11.1144,0.2,0.6,2.8,4.21,5.25,7
"446",0.0210997501834157,10.7679,-2.0708713823635,1.03100934862643,3,7.5,4,3.72,-174825.108731384,-4485.8532080645,-1122.92,-64348,872868000,10.9057,-0.332340847757009,1.05864629346605,4.3,3.7,4.25,7.5,10.8463,1.4,0.9,4.1,3.76,4.5,7.5,10.8811,2.280782950274,0.606335435762019,4.3,3.93,4.5,7.5,10.8214,2.54553336517527,0.365620776496384,3.5,3.74,4.5,7.5,11.0319,2.7,0.4,2.8,3.79,5.25,7.25,11.0438,3.08477661830452,0.832537797214387,2,4.03,5.25,7.25,10.8146,3.37983701668557,1.38998171165952,2.4,4.14,5.25,7.25,10.833,3.1,1.7,2.7,3.98,5.25,7.25,10.8221,1.99122168761903,1.50795781982488,2.7,3.95,5.25,7.25,10.9802,0.724007456971349,1.03000793242108,2.6,3.99,5.25,7.25
"447",0.0355545617173525,10.7328,-2.7,0.8,3,7.5,4,4.25,-181630,-4524.01,1238.64,-60064,894892000,10.7679,-2.0708713823635,1.03100934862643,4,3.72,3,7.5,10.9057,-0.332340847757009,1.05864629346605,4.3,3.7,4.25,7.5,10.8463,1.4,0.9,4.1,3.76,4.5,7.5,10.8811,2.280782950274,0.606335435762019,4.3,3.93,4.5,7.5,10.8214,2.54553336517527,0.365620776496384,3.5,3.74,4.5,7.5,11.0319,2.7,0.4,2.8,3.79,5.25,7.25,11.0438,3.08477661830452,0.832537797214387,2,4.03,5.25,7.25,10.8146,3.37983701668557,1.38998171165952,2.4,4.14,5.25,7.25,10.833,3.1,1.7,2.7,3.98,5.25,7.25,10.8221,1.99122168761903,1.50795781982488,2.7,3.95,5.25,7.25
"448",0.0442812850702832,10.5146,-1.51987367785093,0.381275531120884,2,7.5,3.9,4.55,-182707.09011262,-4183.77398333805,-1088.22,-63528,891425000,10.7328,-2.7,0.8,4,4.25,3,7.5,10.7679,-2.0708713823635,1.03100934862643,4,3.72,3,7.5,10.9057,-0.332340847757009,1.05864629346605,4.3,3.7,4.25,7.5,10.8463,1.4,0.9,4.1,3.76,4.5,7.5,10.8811,2.280782950274,0.606335435762019,4.3,3.93,4.5,7.5,10.8214,2.54553336517527,0.365620776496384,3.5,3.74,4.5,7.5,11.0319,2.7,0.4,2.8,3.79,5.25,7.25,11.0438,3.08477661830452,0.832537797214387,2,4.03,5.25,7.25,10.8146,3.37983701668557,1.38998171165952,2.4,4.14,5.25,7.25,10.833,3.1,1.7,2.7,3.98,5.25,7.25
"449",0.0367883043848977,10.4381,0.506406282883697,-0.0785209784158749,2,7.5,4.2,4.95,-180093.159429499,-3706.29337039297,-12.41,-62151,874340000,10.5146,-1.51987367785093,0.381275531120884,3.9,4.55,2,7.5,10.7328,-2.7,0.8,4,4.25,3,7.5,10.7679,-2.0708713823635,1.03100934862643,4,3.72,3,7.5,10.9057,-0.332340847757009,1.05864629346605,4.3,3.7,4.25,7.5,10.8463,1.4,0.9,4.1,3.76,4.5,7.5,10.8811,2.280782950274,0.606335435762019,4.3,3.93,4.5,7.5,10.8214,2.54553336517527,0.365620776496384,3.5,3.74,4.5,7.5,11.0319,2.7,0.4,2.8,3.79,5.25,7.25,11.0438,3.08477661830452,0.832537797214387,2,4.03,5.25,7.25,10.8146,3.37983701668557,1.38998171165952,2.4,4.14,5.25,7.25
"450",0.0490079307439793,10.3269,2,-0.4,2,7.5,5,5.26,-177213,-3396.35,235.61,-60670,883002000,10.4381,0.506406282883697,-0.0785209784158749,4.2,4.95,2,7.5,10.5146,-1.51987367785093,0.381275531120884,3.9,4.55,2,7.5,10.7328,-2.7,0.8,4,4.25,3,7.5,10.7679,-2.0708713823635,1.03100934862643,4,3.72,3,7.5,10.9057,-0.332340847757009,1.05864629346605,4.3,3.7,4.25,7.5,10.8463,1.4,0.9,4.1,3.76,4.5,7.5,10.8811,2.280782950274,0.606335435762019,4.3,3.93,4.5,7.5,10.8214,2.54553336517527,0.365620776496384,3.5,3.74,4.5,7.5,11.0319,2.7,0.4,2.8,3.79,5.25,7.25,11.0438,3.08477661830452,0.832537797214387,2,4.03,5.25,7.25
"451",0.0592787039395067,10.2094,1.90072444804964,-0.454118788319962,2,7.75,5.6,5.39,-176569.586476196,-3501.44120238379,-1214.62,-66842,784824000,10.3269,2,-0.4,5,5.26,2,7.5,10.4381,0.506406282883697,-0.0785209784158749,4.2,4.95,2,7.5,10.5146,-1.51987367785093,0.381275531120884,3.9,4.55,2,7.5,10.7328,-2.7,0.8,4,4.25,3,7.5,10.7679,-2.0708713823635,1.03100934862643,4,3.72,3,7.5,10.9057,-0.332340847757009,1.05864629346605,4.3,3.7,4.25,7.5,10.8463,1.4,0.9,4.1,3.76,4.5,7.5,10.8811,2.280782950274,0.606335435762019,4.3,3.93,4.5,7.5,10.8214,2.54553336517527,0.365620776496384,3.5,3.74,4.5,7.5,11.0319,2.7,0.4,2.8,3.79,5.25,7.25
"452",0.091780849002511,10.1154,0.42302402860649,-0.313221731259224,2,8,5.4,5.57,-176978.623920991,-4039.92627332657,-2277.48,-62108,829847000,10.2094,1.90072444804964,-0.454118788319962,5.6,5.39,2,7.75,10.3269,2,-0.4,5,5.26,2,7.5,10.4381,0.506406282883697,-0.0785209784158749,4.2,4.95,2,7.5,10.5146,-1.51987367785093,0.381275531120884,3.9,4.55,2,7.5,10.7328,-2.7,0.8,4,4.25,3,7.5,10.7679,-2.0708713823635,1.03100934862643,4,3.72,3,7.5,10.9057,-0.332340847757009,1.05864629346605,4.3,3.7,4.25,7.5,10.8463,1.4,0.9,4.1,3.76,4.5,7.5,10.8811,2.280782950274,0.606335435762019,4.3,3.93,4.5,7.5,10.8214,2.54553336517527,0.365620776496384,3.5,3.74,4.5,7.5
"453",0.0345671602599571,10.6633,-1.9,-0.1,2,8.25,4.9,5.47,-176334,-4972.88,-2935.27,-60499,914887000,10.1154,0.42302402860649,-0.313221731259224,5.4,5.57,2,8,10.2094,1.90072444804964,-0.454118788319962,5.6,5.39,2,7.75,10.3269,2,-0.4,5,5.26,2,7.5,10.4381,0.506406282883697,-0.0785209784158749,4.2,4.95,2,7.5,10.5146,-1.51987367785093,0.381275531120884,3.9,4.55,2,7.5,10.7328,-2.7,0.8,4,4.25,3,7.5,10.7679,-2.0708713823635,1.03100934862643,4,3.72,3,7.5,10.9057,-0.332340847757009,1.05864629346605,4.3,3.7,4.25,7.5,10.8463,1.4,0.9,4.1,3.76,4.5,7.5,10.8811,2.280782950274,0.606335435762019,4.3,3.93,4.5,7.5
"454",-0.145181803101277,12.6593,-4.52006115138465,0.0166811036404442,2,8.25,3.7,5.78,-172694.341760376,-6164.0537997194,-3292.3,-60191,980587000,10.6633,-1.9,-0.1,4.9,5.47,2,8.25,10.1154,0.42302402860649,-0.313221731259224,5.4,5.57,2,8,10.2094,1.90072444804964,-0.454118788319962,5.6,5.39,2,7.75,10.3269,2,-0.4,5,5.26,2,7.5,10.4381,0.506406282883697,-0.0785209784158749,4.2,4.95,2,7.5,10.5146,-1.51987367785093,0.381275531120884,3.9,4.55,2,7.5,10.7328,-2.7,0.8,4,4.25,3,7.5,10.7679,-2.0708713823635,1.03100934862643,4,3.72,3,7.5,10.9057,-0.332340847757009,1.05864629346605,4.3,3.7,4.25,7.5,10.8463,1.4,0.9,4.1,3.76,4.5,7.5
"455",-0.170559358468129,13.1186,-6.82813202693929,-0.316740244695376,1,8.25,1.1,6.23,-164777.233775426,-7087.90561037482,-2959.25,-44724,1111050000,12.6593,-4.52006115138465,0.0166811036404442,3.7,5.78,2,8.25,10.6633,-1.9,-0.1,4.9,5.47,2,8.25,10.1154,0.42302402860649,-0.313221731259224,5.4,5.57,2,8,10.2094,1.90072444804964,-0.454118788319962,5.6,5.39,2,7.75,10.3269,2,-0.4,5,5.26,2,7.5,10.4381,0.506406282883697,-0.0785209784158749,4.2,4.95,2,7.5,10.5146,-1.51987367785093,0.381275531120884,3.9,4.55,2,7.5,10.7328,-2.7,0.8,4,4.25,3,7.5,10.7679,-2.0708713823635,1.03100934862643,4,3.72,3,7.5,10.9057,-0.332340847757009,1.05864629346605,4.3,3.7,4.25,7.5
"456",-0.191582132715198,13.4167,-8.2,-1.5,1,8.25,0.1,6.53,-151465,-7121.57,-2068.86,-42463,1181860000,13.1186,-6.82813202693929,-0.316740244695376,1.1,6.23,1,8.25,12.6593,-4.52006115138465,0.0166811036404442,3.7,5.78,2,8.25,10.6633,-1.9,-0.1,4.9,5.47,2,8.25,10.1154,0.42302402860649,-0.313221731259224,5.4,5.57,2,8,10.2094,1.90072444804964,-0.454118788319962,5.6,5.39,2,7.75,10.3269,2,-0.4,5,5.26,2,7.5,10.4381,0.506406282883697,-0.0785209784158749,4.2,4.95,2,7.5,10.5146,-1.51987367785093,0.381275531120884,3.9,4.55,2,7.5,10.7328,-2.7,0.8,4,4.25,3,7.5,10.7679,-2.0708713823635,1.03100934862643,4,3.72,3,7.5
"457",-0.214507451076427,13.8839,-8.19455391658512,-3.65334636698256,0.25,8.25,0,6.28,-132706.676111932,-5877.71285799789,-1707.14,-37842,1196730000,13.4167,-8.2,-1.5,0.1,6.53,1,8.25,13.1186,-6.82813202693929,-0.316740244695376,1.1,6.23,1,8.25,12.6593,-4.52006115138465,0.0166811036404442,3.7,5.78,2,8.25,10.6633,-1.9,-0.1,4.9,5.47,2,8.25,10.1154,0.42302402860649,-0.313221731259224,5.4,5.57,2,8,10.2094,1.90072444804964,-0.454118788319962,5.6,5.39,2,7.75,10.3269,2,-0.4,5,5.26,2,7.5,10.4381,0.506406282883697,-0.0785209784158749,4.2,4.95,2,7.5,10.5146,-1.51987367785093,0.381275531120884,3.9,4.55,2,7.5,10.7328,-2.7,0.8,4,4.25,3,7.5
"458",-0.262805854887517,14.6066,-7.10308851344194,-5.77907654921853,0.25,7.75,0.2,6.2,-112718.144681007,-3911.12535924824,-548.51,-27767,1206500000,13.8839,-8.19455391658512,-3.65334636698256,0,6.28,0.25,8.25,13.4167,-8.2,-1.5,0.1,6.53,1,8.25,13.1186,-6.82813202693929,-0.316740244695376,1.1,6.23,1,8.25,12.6593,-4.52006115138465,0.0166811036404442,3.7,5.78,2,8.25,10.6633,-1.9,-0.1,4.9,5.47,2,8.25,10.1154,0.42302402860649,-0.313221731259224,5.4,5.57,2,8,10.2094,1.90072444804964,-0.454118788319962,5.6,5.39,2,7.75,10.3269,2,-0.4,5,5.26,2,7.5,10.4381,0.506406282883697,-0.0785209784158749,4.2,4.95,2,7.5,10.5146,-1.51987367785093,0.381275531120884,3.9,4.55,2,7.5
"459",-0.267215599524804,14.6466,-5.4,-6.6,0.25,7.5,-0.4,6.04,-96782,-2012.13,-36.35,-29162,1115950000,14.6066,-7.10308851344194,-5.77907654921853,0.2,6.2,0.25,7.75,13.8839,-8.19455391658512,-3.65334636698256,0,6.28,0.25,8.25,13.4167,-8.2,-1.5,0.1,6.53,1,8.25,13.1186,-6.82813202693929,-0.316740244695376,1.1,6.23,1,8.25,12.6593,-4.52006115138465,0.0166811036404442,3.7,5.78,2,8.25,10.6633,-1.9,-0.1,4.9,5.47,2,8.25,10.1154,0.42302402860649,-0.313221731259224,5.4,5.57,2,8,10.2094,1.90072444804964,-0.454118788319962,5.6,5.39,2,7.75,10.3269,2,-0.4,5,5.26,2,7.5,10.4381,0.506406282883697,-0.0785209784158749,4.2,4.95,2,7.5
"460",-0.215533256239042,13.4035,-3.52764910820081,-5.26625859867318,0.25,6.75,-0.7,6.17,-88770.6945326389,-838.415509029792,168.54,-29705,1063930000,14.6466,-5.4,-6.6,-0.4,6.04,0.25,7.5,14.6066,-7.10308851344194,-5.77907654921853,0.2,6.2,0.25,7.75,13.8839,-8.19455391658512,-3.65334636698256,0,6.28,0.25,8.25,13.4167,-8.2,-1.5,0.1,6.53,1,8.25,13.1186,-6.82813202693929,-0.316740244695376,1.1,6.23,1,8.25,12.6593,-4.52006115138465,0.0166811036404442,3.7,5.78,2,8.25,10.6633,-1.9,-0.1,4.9,5.47,2,8.25,10.1154,0.42302402860649,-0.313221731259224,5.4,5.57,2,8,10.2094,1.90072444804964,-0.454118788319962,5.6,5.39,2,7.75,10.3269,2,-0.4,5,5.26,2,7.5
"461",-0.208605329997346,13.1895,-1.80025466003371,-2.63732392880087,0.25,6,-1.3,5.98,-86916.1134264714,-517.135545224833,449.69,-25372,996101000,13.4035,-3.52764910820081,-5.26625859867318,-0.7,6.17,0.25,6.75,14.6466,-5.4,-6.6,-0.4,6.04,0.25,7.5,14.6066,-7.10308851344194,-5.77907654921853,0.2,6.2,0.25,7.75,13.8839,-8.19455391658512,-3.65334636698256,0,6.28,0.25,8.25,13.4167,-8.2,-1.5,0.1,6.53,1,8.25,13.1186,-6.82813202693929,-0.316740244695376,1.1,6.23,1,8.25,12.6593,-4.52006115138465,0.0166811036404442,3.7,5.78,2,8.25,10.6633,-1.9,-0.1,4.9,5.47,2,8.25,10.1154,0.42302402860649,-0.313221731259224,5.4,5.57,2,8,10.2094,1.90072444804964,-0.454118788319962,5.6,5.39,2,7.75
"462",-0.225950799766141,13.3414,-0.5,-1.77635683940025e-15,0.25,5.25,-1.4,5.74,-88040,-1042.81,-168.25,-26367,977126000,13.1895,-1.80025466003371,-2.63732392880087,-1.3,5.98,0.25,6,13.4035,-3.52764910820081,-5.26625859867318,-0.7,6.17,0.25,6.75,14.6466,-5.4,-6.6,-0.4,6.04,0.25,7.5,14.6066,-7.10308851344194,-5.77907654921853,0.2,6.2,0.25,7.75,13.8839,-8.19455391658512,-3.65334636698256,0,6.28,0.25,8.25,13.4167,-8.2,-1.5,0.1,6.53,1,8.25,13.1186,-6.82813202693929,-0.316740244695376,1.1,6.23,1,8.25,12.6593,-4.52006115138465,0.0166811036404442,3.7,5.78,2,8.25,10.6633,-1.9,-0.1,4.9,5.47,2,8.25,10.1154,0.42302402860649,-0.313221731259224,5.4,5.57,2,8
"463",-0.235954888005807,13.3623,0.212557756795772,1.63689928019381,0.25,4.75,-2.1,5.44,-89552.1753871425,-2282.30288366072,-1238.59,-32790,968066000,13.3414,-0.5,-1.77635683940025e-15,-1.4,5.74,0.25,5.25,13.1895,-1.80025466003371,-2.63732392880087,-1.3,5.98,0.25,6,13.4035,-3.52764910820081,-5.26625859867318,-0.7,6.17,0.25,6.75,14.6466,-5.4,-6.6,-0.4,6.04,0.25,7.5,14.6066,-7.10308851344194,-5.77907654921853,0.2,6.2,0.25,7.75,13.8839,-8.19455391658512,-3.65334636698256,0,6.28,0.25,8.25,13.4167,-8.2,-1.5,0.1,6.53,1,8.25,13.1186,-6.82813202693929,-0.316740244695376,1.1,6.23,1,8.25,12.6593,-4.52006115138465,0.0166811036404442,3.7,5.78,2,8.25,10.6633,-1.9,-0.1,4.9,5.47,2,8.25
"464",-0.2222692079992,13.0063,0.663366412836043,2.37652041257017,0.25,4.5,-1.5,5.08,-91214.7719834778,-3591.85468207465,-668.55,-31267,1016710000,13.3623,0.212557756795772,1.63689928019381,-2.1,5.44,0.25,4.75,13.3414,-0.5,-1.77635683940025e-15,-1.4,5.74,0.25,5.25,13.1895,-1.80025466003371,-2.63732392880087,-1.3,5.98,0.25,6,13.4035,-3.52764910820081,-5.26625859867318,-0.7,6.17,0.25,6.75,14.6466,-5.4,-6.6,-0.4,6.04,0.25,7.5,14.6066,-7.10308851344194,-5.77907654921853,0.2,6.2,0.25,7.75,13.8839,-8.19455391658512,-3.65334636698256,0,6.28,0.25,8.25,13.4167,-8.2,-1.5,0.1,6.53,1,8.25,13.1186,-6.82813202693929,-0.316740244695376,1.1,6.23,1,8.25,12.6593,-4.52006115138465,0.0166811036404442,3.7,5.78,2,8.25
"465",-0.204587498135163,13.406,1.3,2.6,0.25,4.5,-1.3,4.89,-93378,-4200.05,-879.04,-34491,1027100000,13.0063,0.663366412836043,2.37652041257017,-1.5,5.08,0.25,4.5,13.3623,0.212557756795772,1.63689928019381,-2.1,5.44,0.25,4.75,13.3414,-0.5,-1.77635683940025e-15,-1.4,5.74,0.25,5.25,13.1895,-1.80025466003371,-2.63732392880087,-1.3,5.98,0.25,6,13.4035,-3.52764910820081,-5.26625859867318,-0.7,6.17,0.25,6.75,14.6466,-5.4,-6.6,-0.4,6.04,0.25,7.5,14.6066,-7.10308851344194,-5.77907654921853,0.2,6.2,0.25,7.75,13.8839,-8.19455391658512,-3.65334636698256,0,6.28,0.25,8.25,13.4167,-8.2,-1.5,0.1,6.53,1,8.25,13.1186,-6.82813202693929,-0.316740244695376,1.1,6.23,1,8.25
"466",-0.0429559629559629,13.2275,2.38852919212883,2.61495777419425,0.25,4.5,-0.2,4.5,-96252.1224373095,-3587.11554891991,236.76,-33826,1048920000,13.406,1.3,2.6,-1.3,4.89,0.25,4.5,13.0063,0.663366412836043,2.37652041257017,-1.5,5.08,0.25,4.5,13.3623,0.212557756795772,1.63689928019381,-2.1,5.44,0.25,4.75,13.3414,-0.5,-1.77635683940025e-15,-1.4,5.74,0.25,5.25,13.1895,-1.80025466003371,-2.63732392880087,-1.3,5.98,0.25,6,13.4035,-3.52764910820081,-5.26625859867318,-0.7,6.17,0.25,6.75,14.6466,-5.4,-6.6,-0.4,6.04,0.25,7.5,14.6066,-7.10308851344194,-5.77907654921853,0.2,6.2,0.25,7.75,13.8839,-8.19455391658512,-3.65334636698256,0,6.28,0.25,8.25,13.4167,-8.2,-1.5,0.1,6.53,1,8.25
"467",0.000541509362010542,13.1115,3.46901123091176,2.43494598222391,0.25,4.5,1.8,3.86,-99487.6134544321,-2239.84646721729,-129.43,-37203,1058230000,13.2275,2.38852919212883,2.61495777419425,-0.2,4.5,0.25,4.5,13.406,1.3,2.6,-1.3,4.89,0.25,4.5,13.0063,0.663366412836043,2.37652041257017,-1.5,5.08,0.25,4.5,13.3623,0.212557756795772,1.63689928019381,-2.1,5.44,0.25,4.75,13.3414,-0.5,-1.77635683940025e-15,-1.4,5.74,0.25,5.25,13.1895,-1.80025466003371,-2.63732392880087,-1.3,5.98,0.25,6,13.4035,-3.52764910820081,-5.26625859867318,-0.7,6.17,0.25,6.75,14.6466,-5.4,-6.6,-0.4,6.04,0.25,7.5,14.6066,-7.10308851344194,-5.77907654921853,0.2,6.2,0.25,7.75,13.8839,-8.19455391658512,-3.65334636698256,0,6.28,0.25,8.25
"468",0.0431108208549082,12.8622,3.9,2,0.25,4.5,2.7,3.57,-102595,-896.68,-160.53,-37983,1186880000,13.1115,3.46901123091176,2.43494598222391,1.8,3.86,0.25,4.5,13.2275,2.38852919212883,2.61495777419425,-0.2,4.5,0.25,4.5,13.406,1.3,2.6,-1.3,4.89,0.25,4.5,13.0063,0.663366412836043,2.37652041257017,-1.5,5.08,0.25,4.5,13.3623,0.212557756795772,1.63689928019381,-2.1,5.44,0.25,4.75,13.3414,-0.5,-1.77635683940025e-15,-1.4,5.74,0.25,5.25,13.1895,-1.80025466003371,-2.63732392880087,-1.3,5.98,0.25,6,13.4035,-3.52764910820081,-5.26625859867318,-0.7,6.17,0.25,6.75,14.6466,-5.4,-6.6,-0.4,6.04,0.25,7.5,14.6066,-7.10308851344194,-5.77907654921853,0.2,6.2,0.25,7.75
"469",0.083866787409443,12.8096,3.29258473394815,1.32178814154773,0.25,4.5,2.6,4.46,-105185.483011768,-130.01232806704,-444.17,-37154,1204120000,12.8622,3.9,2,2.7,3.57,0.25,4.5,13.1115,3.46901123091176,2.43494598222391,1.8,3.86,0.25,4.5,13.2275,2.38852919212883,2.61495777419425,-0.2,4.5,0.25,4.5,13.406,1.3,2.6,-1.3,4.89,0.25,4.5,13.0063,0.663366412836043,2.37652041257017,-1.5,5.08,0.25,4.5,13.3623,0.212557756795772,1.63689928019381,-2.1,5.44,0.25,4.75,13.3414,-0.5,-1.77635683940025e-15,-1.4,5.74,0.25,5.25,13.1895,-1.80025466003371,-2.63732392880087,-1.3,5.98,0.25,6,13.4035,-3.52764910820081,-5.26625859867318,-0.7,6.17,0.25,6.75,14.6466,-5.4,-6.6,-0.4,6.04,0.25,7.5
"470",0.128829330118396,12.9396,2.26799607092432,0.698510473349024,0.25,4.5,2.1,4.83,-107272.959383979,151.924625017908,422.8,-41034,1207030000,12.8096,3.29258473394815,1.32178814154773,2.6,4.46,0.25,4.5,12.8622,3.9,2,2.7,3.57,0.25,4.5,13.1115,3.46901123091176,2.43494598222391,1.8,3.86,0.25,4.5,13.2275,2.38852919212883,2.61495777419425,-0.2,4.5,0.25,4.5,13.406,1.3,2.6,-1.3,4.89,0.25,4.5,13.0063,0.663366412836043,2.37652041257017,-1.5,5.08,0.25,4.5,13.3623,0.212557756795772,1.63689928019381,-2.1,5.44,0.25,4.75,13.3414,-0.5,-1.77635683940025e-15,-1.4,5.74,0.25,5.25,13.1895,-1.80025466003371,-2.63732392880087,-1.3,5.98,0.25,6,13.4035,-3.52764910820081,-5.26625859867318,-0.7,6.17,0.25,6.75
"471",0.165453199971354,12.5673,1.7,0.5,0.25,4.5,2.3,4.97,-108972,206.94,393.23,-39766,1179820000,12.9396,2.26799607092432,0.698510473349024,2.1,4.83,0.25,4.5,12.8096,3.29258473394815,1.32178814154773,2.6,4.46,0.25,4.5,12.8622,3.9,2,2.7,3.57,0.25,4.5,13.1115,3.46901123091176,2.43494598222391,1.8,3.86,0.25,4.5,13.2275,2.38852919212883,2.61495777419425,-0.2,4.5,0.25,4.5,13.406,1.3,2.6,-1.3,4.89,0.25,4.5,13.0063,0.663366412836043,2.37652041257017,-1.5,5.08,0.25,4.5,13.3623,0.212557756795772,1.63689928019381,-2.1,5.44,0.25,4.75,13.3414,-0.5,-1.77635683940025e-15,-1.4,5.74,0.25,5.25,13.1895,-1.80025466003371,-2.63732392880087,-1.3,5.98,0.25,6
"472",0.0950929768946698,12.2396,2.18187261281932,0.942334104059285,0.25,4.5,2.2,4.27,-110458.871441546,250.928564891775,80.51,-40864,1194400000,12.5673,1.7,0.5,2.3,4.97,0.25,4.5,12.9396,2.26799607092432,0.698510473349024,2.1,4.83,0.25,4.5,12.8096,3.29258473394815,1.32178814154773,2.6,4.46,0.25,4.5,12.8622,3.9,2,2.7,3.57,0.25,4.5,13.1115,3.46901123091176,2.43494598222391,1.8,3.86,0.25,4.5,13.2275,2.38852919212883,2.61495777419425,-0.2,4.5,0.25,4.5,13.406,1.3,2.6,-1.3,4.89,0.25,4.5,13.0063,0.663366412836043,2.37652041257017,-1.5,5.08,0.25,4.5,13.3623,0.212557756795772,1.63689928019381,-2.1,5.44,0.25,4.75,13.3414,-0.5,-1.77635683940025e-15,-1.4,5.74,0.25,5.25
"473",0.0364052112963807,12.7262,3.1849304113169,1.62656767993556,0.25,4.5,2,3.92,-112156.623083726,332.127596775294,172.48,-41333,1265910000,12.2396,2.18187261281932,0.942334104059285,2.2,4.27,0.25,4.5,12.5673,1.7,0.5,2.3,4.97,0.25,4.5,12.9396,2.26799607092432,0.698510473349024,2.1,4.83,0.25,4.5,12.8096,3.29258473394815,1.32178814154773,2.6,4.46,0.25,4.5,12.8622,3.9,2,2.7,3.57,0.25,4.5,13.1115,3.46901123091176,2.43494598222391,1.8,3.86,0.25,4.5,13.2275,2.38852919212883,2.61495777419425,-0.2,4.5,0.25,4.5,13.406,1.3,2.6,-1.3,4.89,0.25,4.5,13.0063,0.663366412836043,2.37652041257017,-1.5,5.08,0.25,4.5,13.3623,0.212557756795772,1.63689928019381,-2.1,5.44,0.25,4.75
"474",0.0496609022674702,12.7102,3.9,2,0.25,4.5,1.1,3.69,-114550,456.86,-336.41,-46557,1301940000,12.7262,3.1849304113169,1.62656767993556,2,3.92,0.25,4.5,12.2396,2.18187261281932,0.942334104059285,2.2,4.27,0.25,4.5,12.5673,1.7,0.5,2.3,4.97,0.25,4.5,12.9396,2.26799607092432,0.698510473349024,2.1,4.83,0.25,4.5,12.8096,3.29258473394815,1.32178814154773,2.6,4.46,0.25,4.5,12.8622,3.9,2,2.7,3.57,0.25,4.5,13.1115,3.46901123091176,2.43494598222391,1.8,3.86,0.25,4.5,13.2275,2.38852919212883,2.61495777419425,-0.2,4.5,0.25,4.5,13.406,1.3,2.6,-1.3,4.89,0.25,4.5,13.0063,0.663366412836043,2.37652041257017,-1.5,5.08,0.25,4.5
"475",0.0436198628532153,12.8038,3.75770259255236,1.68665321999291,0.25,4.5,1.2,3.64,-117665.364555382,578.79658701846,-1030.3,-40413,1326070000,12.7102,3.9,2,1.1,3.69,0.25,4.5,12.7262,3.1849304113169,1.62656767993556,2,3.92,0.25,4.5,12.2396,2.18187261281932,0.942334104059285,2.2,4.27,0.25,4.5,12.5673,1.7,0.5,2.3,4.97,0.25,4.5,12.9396,2.26799607092432,0.698510473349024,2.1,4.83,0.25,4.5,12.8096,3.29258473394815,1.32178814154773,2.6,4.46,0.25,4.5,12.8622,3.9,2,2.7,3.57,0.25,4.5,13.1115,3.46901123091176,2.43494598222391,1.8,3.86,0.25,4.5,13.2275,2.38852919212883,2.61495777419425,-0.2,4.5,0.25,4.5,13.406,1.3,2.6,-1.3,4.89,0.25,4.5
"476",0.0188234372552091,12.766,3.14783783936364,1.01744102913098,0.25,4.5,1.1,3.68,-119695.548281116,440.999802695733,-697.82,-44921,1407120000,12.8038,3.75770259255236,1.68665321999291,1.2,3.64,0.25,4.5,12.7102,3.9,2,1.1,3.69,0.25,4.5,12.7262,3.1849304113169,1.62656767993556,2,3.92,0.25,4.5,12.2396,2.18187261281932,0.942334104059285,2.2,4.27,0.25,4.5,12.5673,1.7,0.5,2.3,4.97,0.25,4.5,12.9396,2.26799607092432,0.698510473349024,2.1,4.83,0.25,4.5,12.8096,3.29258473394815,1.32178814154773,2.6,4.46,0.25,4.5,12.8622,3.9,2,2.7,3.57,0.25,4.5,13.1115,3.46901123091176,2.43494598222391,1.8,3.86,0.25,4.5,13.2275,2.38852919212883,2.61495777419425,-0.2,4.5,0.25,4.5
"477",0.0475319784023692,12.7977,2.7,0.5,0.25,4.5,1.1,3.76,-118375,-266.12,-523.01,-44042,1364710000,12.766,3.14783783936364,1.01744102913098,1.1,3.68,0.25,4.5,12.8038,3.75770259255236,1.68665321999291,1.2,3.64,0.25,4.5,12.7102,3.9,2,1.1,3.69,0.25,4.5,12.7262,3.1849304113169,1.62656767993556,2,3.92,0.25,4.5,12.2396,2.18187261281932,0.942334104059285,2.2,4.27,0.25,4.5,12.5673,1.7,0.5,2.3,4.97,0.25,4.5,12.9396,2.26799607092432,0.698510473349024,2.1,4.83,0.25,4.5,12.8096,3.29258473394815,1.32178814154773,2.6,4.46,0.25,4.5,12.8622,3.9,2,2.7,3.57,0.25,4.5,13.1115,3.46901123091176,2.43494598222391,1.8,3.86,0.25,4.5
"478",0.0633636940985425,12.4393,2.81694664660089,0.50364560856167,0.25,4.5,1.2,4.02,-112563.337003592,-1681.19120926191,-787.72,-39998,1365370000,12.7977,2.7,0.5,1.1,3.76,0.25,4.5,12.766,3.14783783936364,1.01744102913098,1.1,3.68,0.25,4.5,12.8038,3.75770259255236,1.68665321999291,1.2,3.64,0.25,4.5,12.7102,3.9,2,1.1,3.69,0.25,4.5,12.7262,3.1849304113169,1.62656767993556,2,3.92,0.25,4.5,12.2396,2.18187261281932,0.942334104059285,2.2,4.27,0.25,4.5,12.5673,1.7,0.5,2.3,4.97,0.25,4.5,12.9396,2.26799607092432,0.698510473349024,2.1,4.83,0.25,4.5,12.8096,3.29258473394815,1.32178814154773,2.6,4.46,0.25,4.5,12.8622,3.9,2,2.7,3.57,0.25,4.5
"479",0.0627269485151082,12.3376,2.99408860159892,0.844408944281275,0.25,4.5,1.1,4.32,-105620.850458478,-3258.9971779286,-84.69,-37762,1385930000,12.4393,2.81694664660089,0.50364560856167,1.2,4.02,0.25,4.5,12.7977,2.7,0.5,1.1,3.76,0.25,4.5,12.766,3.14783783936364,1.01744102913098,1.1,3.68,0.25,4.5,12.8038,3.75770259255236,1.68665321999291,1.2,3.64,0.25,4.5,12.7102,3.9,2,1.1,3.69,0.25,4.5,12.7262,3.1849304113169,1.62656767993556,2,3.92,0.25,4.5,12.2396,2.18187261281932,0.942334104059285,2.2,4.27,0.25,4.5,12.5673,1.7,0.5,2.3,4.97,0.25,4.5,12.9396,2.26799607092432,0.698510473349024,2.1,4.83,0.25,4.5,12.8096,3.29258473394815,1.32178814154773,2.6,4.46,0.25,4.5
"480",0.0380946231699246,12.3902,2.5,1.2,0.25,4.5,1.5,4.4,-102033,-4283.36,-173.56,-40815,1402870000,12.3376,2.99408860159892,0.844408944281275,1.1,4.32,0.25,4.5,12.4393,2.81694664660089,0.50364560856167,1.2,4.02,0.25,4.5,12.7977,2.7,0.5,1.1,3.76,0.25,4.5,12.766,3.14783783936364,1.01744102913098,1.1,3.68,0.25,4.5,12.8038,3.75770259255236,1.68665321999291,1.2,3.64,0.25,4.5,12.7102,3.9,2,1.1,3.69,0.25,4.5,12.7262,3.1849304113169,1.62656767993556,2,3.92,0.25,4.5,12.2396,2.18187261281932,0.942334104059285,2.2,4.27,0.25,4.5,12.5673,1.7,0.5,2.3,4.97,0.25,4.5,12.9396,2.26799607092432,0.698510473349024,2.1,4.83,0.25,4.5
"481",0.0562005277044854,12.128,0.930066376599655,1.31950508650115,0.25,4.5,1.6,3.78,-104890.02817099,-4243.60026848933,142.45,-47123,1445970000,12.3902,2.5,1.2,1.5,4.4,0.25,4.5,12.3376,2.99408860159892,0.844408944281275,1.1,4.32,0.25,4.5,12.4393,2.81694664660089,0.50364560856167,1.2,4.02,0.25,4.5,12.7977,2.7,0.5,1.1,3.76,0.25,4.5,12.766,3.14783783936364,1.01744102913098,1.1,3.68,0.25,4.5,12.8038,3.75770259255236,1.68665321999291,1.2,3.64,0.25,4.5,12.7102,3.9,2,1.1,3.69,0.25,4.5,12.7262,3.1849304113169,1.62656767993556,2,3.92,0.25,4.5,12.2396,2.18187261281932,0.942334104059285,2.2,4.27,0.25,4.5,12.5673,1.7,0.5,2.3,4.97,0.25,4.5
"482",0.0724995648534178,12.0649,-0.81308113464819,1.23751578633652,0.25,4.5,2.1,3.57,-111701.309144232,-3451.03257246283,310.08,-43718,1475930000,12.128,0.930066376599655,1.31950508650115,1.6,3.78,0.25,4.5,12.3902,2.5,1.2,1.5,4.4,0.25,4.5,12.3376,2.99408860159892,0.844408944281275,1.1,4.32,0.25,4.5,12.4393,2.81694664660089,0.50364560856167,1.2,4.02,0.25,4.5,12.7977,2.7,0.5,1.1,3.76,0.25,4.5,12.766,3.14783783936364,1.01744102913098,1.1,3.68,0.25,4.5,12.8038,3.75770259255236,1.68665321999291,1.2,3.64,0.25,4.5,12.7102,3.9,2,1.1,3.69,0.25,4.5,12.7262,3.1849304113169,1.62656767993556,2,3.92,0.25,4.5,12.2396,2.18187261281932,0.942334104059285,2.2,4.27,0.25,4.5
"483",0.0475980093862274,11.9963,-1.5,1.06,0.25,4.5,2.7,3.04,-118581,-2422.47,1455.97,-43478,1461260000,12.0649,-0.81308113464819,1.23751578633652,2.1,3.57,0.25,4.5,12.128,0.930066376599655,1.31950508650115,1.6,3.78,0.25,4.5,12.3902,2.5,1.2,1.5,4.4,0.25,4.5,12.3376,2.99408860159892,0.844408944281275,1.1,4.32,0.25,4.5,12.4393,2.81694664660089,0.50364560856167,1.2,4.02,0.25,4.5,12.7977,2.7,0.5,1.1,3.76,0.25,4.5,12.766,3.14783783936364,1.01744102913098,1.1,3.68,0.25,4.5,12.8038,3.75770259255236,1.68665321999291,1.2,3.64,0.25,4.5,12.7102,3.9,2,1.1,3.69,0.25,4.5,12.7262,3.1849304113169,1.62656767993556,2,3.92,0.25,4.5
"484",0.0455923935793061,11.7059,-0.35202696781432,0.8861118232115,0.25,4.5,3.2,3.36,-122377.920682818,-1623.26586492891,607.18,-42227,1450130000,11.9963,-1.5,1.06,2.7,3.04,0.25,4.5,12.0649,-0.81308113464819,1.23751578633652,2.1,3.57,0.25,4.5,12.128,0.930066376599655,1.31950508650115,1.6,3.78,0.25,4.5,12.3902,2.5,1.2,1.5,4.4,0.25,4.5,12.3376,2.99408860159892,0.844408944281275,1.1,4.32,0.25,4.5,12.4393,2.81694664660089,0.50364560856167,1.2,4.02,0.25,4.5,12.7977,2.7,0.5,1.1,3.76,0.25,4.5,12.766,3.14783783936364,1.01744102913098,1.1,3.68,0.25,4.5,12.8038,3.75770259255236,1.68665321999291,1.2,3.64,0.25,4.5,12.7102,3.9,2,1.1,3.69,0.25,4.5
"485",0.0919840057661616,11.6542,1.60638408514199,0.787750132594882,0.25,4.5,3.6,3.25,-122879.542594222,-1312.93438407193,537.91,-47220,1483790000,11.7059,-0.35202696781432,0.8861118232115,3.2,3.36,0.25,4.5,11.9963,-1.5,1.06,2.7,3.04,0.25,4.5,12.0649,-0.81308113464819,1.23751578633652,2.1,3.57,0.25,4.5,12.128,0.930066376599655,1.31950508650115,1.6,3.78,0.25,4.5,12.3902,2.5,1.2,1.5,4.4,0.25,4.5,12.3376,2.99408860159892,0.844408944281275,1.1,4.32,0.25,4.5,12.4393,2.81694664660089,0.50364560856167,1.2,4.02,0.25,4.5,12.7977,2.7,0.5,1.1,3.76,0.25,4.5,12.766,3.14783783936364,1.01744102913098,1.1,3.68,0.25,4.5,12.8038,3.75770259255236,1.68665321999291,1.2,3.64,0.25,4.5
"486",0.076633772394223,11.8055,2.9,0.83,0.25,4.5,3.6,3.28,-120608,-1699.53,94,-49433,1516360000,11.6542,1.60638408514199,0.787750132594882,3.6,3.25,0.25,4.5,11.7059,-0.35202696781432,0.8861118232115,3.2,3.36,0.25,4.5,11.9963,-1.5,1.06,2.7,3.04,0.25,4.5,12.0649,-0.81308113464819,1.23751578633652,2.1,3.57,0.25,4.5,12.128,0.930066376599655,1.31950508650115,1.6,3.78,0.25,4.5,12.3902,2.5,1.2,1.5,4.4,0.25,4.5,12.3376,2.99408860159892,0.844408944281275,1.1,4.32,0.25,4.5,12.4393,2.81694664660089,0.50364560856167,1.2,4.02,0.25,4.5,12.7977,2.7,0.5,1.1,3.76,0.25,4.5,12.766,3.14783783936364,1.01744102913098,1.1,3.68,0.25,4.5
"487",0.0967697724021553,11.6741,2.52618964280577,1.04012169472692,0.25,4.5,3.6,3.55,-116292.955764404,-2839.01516068391,-1182.12,-45689,1573630000,11.8055,2.9,0.83,3.6,3.28,0.25,4.5,11.6542,1.60638408514199,0.787750132594882,3.6,3.25,0.25,4.5,11.7059,-0.35202696781432,0.8861118232115,3.2,3.36,0.25,4.5,11.9963,-1.5,1.06,2.7,3.04,0.25,4.5,12.0649,-0.81308113464819,1.23751578633652,2.1,3.57,0.25,4.5,12.128,0.930066376599655,1.31950508650115,1.6,3.78,0.25,4.5,12.3902,2.5,1.2,1.5,4.4,0.25,4.5,12.3376,2.99408860159892,0.844408944281275,1.1,4.32,0.25,4.5,12.4393,2.81694664660089,0.50364560856167,1.2,4.02,0.25,4.5,12.7977,2.7,0.5,1.1,3.76,0.25,4.5
"488",0.043263651667947,12.2366,1.37272997926541,1.29407627587655,0.25,4.5,3.8,3.42,-111494.187145545,-4178.98433569388,-828.58,-44968,1690260000,11.6741,2.52618964280577,1.04012169472692,3.6,3.55,0.25,4.5,11.8055,2.9,0.83,3.6,3.28,0.25,4.5,11.6542,1.60638408514199,0.787750132594882,3.6,3.25,0.25,4.5,11.7059,-0.35202696781432,0.8861118232115,3.2,3.36,0.25,4.5,11.9963,-1.5,1.06,2.7,3.04,0.25,4.5,12.0649,-0.81308113464819,1.23751578633652,2.1,3.57,0.25,4.5,12.128,0.930066376599655,1.31950508650115,1.6,3.78,0.25,4.5,12.3902,2.5,1.2,1.5,4.4,0.25,4.5,12.3376,2.99408860159892,0.844408944281275,1.1,4.32,0.25,4.5,12.4393,2.81694664660089,0.50364560856167,1.2,4.02,0.25,4.5
"489",-0.020361765809074,13.0637,0.799999999999999,1.43,0.25,4.5,3.9,3.14,-107979,-5014.94,-1870.32,-43305,1903790000,12.2366,1.37272997926541,1.29407627587655,3.8,3.42,0.25,4.5,11.6741,2.52618964280577,1.04012169472692,3.6,3.55,0.25,4.5,11.8055,2.9,0.83,3.6,3.28,0.25,4.5,11.6542,1.60638408514199,0.787750132594882,3.6,3.25,0.25,4.5,11.7059,-0.35202696781432,0.8861118232115,3.2,3.36,0.25,4.5,11.9963,-1.5,1.06,2.7,3.04,0.25,4.5,12.0649,-0.81308113464819,1.23751578633652,2.1,3.57,0.25,4.5,12.128,0.930066376599655,1.31950508650115,1.6,3.78,0.25,4.5,12.3902,2.5,1.2,1.5,4.4,0.25,4.5,12.3376,2.99408860159892,0.844408944281275,1.1,4.32,0.25,4.5
"490",-0.0743122065203641,13.4379,1.73986098918382,1.33414213862156,0.25,4.5,3.5,3.2,-107120.922926234,-4863.32127011322,-531.04,-44962,1851550000,13.0637,0.799999999999999,1.43,3.9,3.14,0.25,4.5,12.2366,1.37272997926541,1.29407627587655,3.8,3.42,0.25,4.5,11.6741,2.52618964280577,1.04012169472692,3.6,3.55,0.25,4.5,11.8055,2.9,0.83,3.6,3.28,0.25,4.5,11.6542,1.60638408514199,0.787750132594882,3.6,3.25,0.25,4.5,11.7059,-0.35202696781432,0.8861118232115,3.2,3.36,0.25,4.5,11.9963,-1.5,1.06,2.7,3.04,0.25,4.5,12.0649,-0.81308113464819,1.23751578633652,2.1,3.57,0.25,4.5,12.128,0.930066376599655,1.31950508650115,1.6,3.78,0.25,4.5,12.3902,2.5,1.2,1.5,4.4,0.25,4.5
"491",-0.0991493556277609,13.6955,3.41010340520379,1.08520402315818,0.25,4.5,3.4,3.48,-108718.375490265,-4124.31382870808,-196.96,-47044,1924790000,13.4379,1.73986098918382,1.33414213862156,3.5,3.2,0.25,4.5,13.0637,0.799999999999999,1.43,3.9,3.14,0.25,4.5,12.2366,1.37272997926541,1.29407627587655,3.8,3.42,0.25,4.5,11.6741,2.52618964280577,1.04012169472692,3.6,3.55,0.25,4.5,11.8055,2.9,0.83,3.6,3.28,0.25,4.5,11.6542,1.60638408514199,0.787750132594882,3.6,3.25,0.25,4.5,11.7059,-0.35202696781432,0.8861118232115,3.2,3.36,0.25,4.5,11.9963,-1.5,1.06,2.7,3.04,0.25,4.5,12.0649,-0.81308113464819,1.23751578633652,2.1,3.57,0.25,4.5,12.128,0.930066376599655,1.31950508650115,1.6,3.78,0.25,4.5
"492",-0.100503825882421,13.7746,4.6,0.81,0.25,4.5,3,3.82,-112176,-3419.04,51.93,-49460,1987190000,13.6955,3.41010340520379,1.08520402315818,3.4,3.48,0.25,4.5,13.4379,1.73986098918382,1.33414213862156,3.5,3.2,0.25,4.5,13.0637,0.799999999999999,1.43,3.9,3.14,0.25,4.5,12.2366,1.37272997926541,1.29407627587655,3.8,3.42,0.25,4.5,11.6741,2.52618964280577,1.04012169472692,3.6,3.55,0.25,4.5,11.8055,2.9,0.83,3.6,3.28,0.25,4.5,11.6542,1.60638408514199,0.787750132594882,3.6,3.25,0.25,4.5,11.7059,-0.35202696781432,0.8861118232115,3.2,3.36,0.25,4.5,11.9963,-1.5,1.06,2.7,3.04,0.25,4.5,12.0649,-0.81308113464819,1.23751578633652,2.1,3.57,0.25,4.5
"493",-0.0937689140619746,13.3829,4.43658862268116,0.62182826930537,0.25,4.5,2.9,4.5,-116757.908086216,-3206.05198108542,-267.41,-51266,1929230000,13.7746,4.6,0.81,3,3.82,0.25,4.5,13.6955,3.41010340520379,1.08520402315818,3.4,3.48,0.25,4.5,13.4379,1.73986098918382,1.33414213862156,3.5,3.2,0.25,4.5,13.0637,0.799999999999999,1.43,3.9,3.14,0.25,4.5,12.2366,1.37272997926541,1.29407627587655,3.8,3.42,0.25,4.5,11.6741,2.52618964280577,1.04012169472692,3.6,3.55,0.25,4.5,11.8055,2.9,0.83,3.6,3.28,0.25,4.5,11.6542,1.60638408514199,0.787750132594882,3.6,3.25,0.25,4.5,11.7059,-0.35202696781432,0.8861118232115,3.2,3.36,0.25,4.5,11.9963,-1.5,1.06,2.7,3.04,0.25,4.5
"494",-0.0561983212472523,12.7833,3.39796751103053,0.579922446305543,0.25,4.5,2.9,3.87,-121166.088671173,-3293.62146058489,498.18,-43338,1907610000,13.3829,4.43658862268116,0.62182826930537,2.9,4.5,0.25,4.5,13.7746,4.6,0.81,3,3.82,0.25,4.5,13.6955,3.41010340520379,1.08520402315818,3.4,3.48,0.25,4.5,13.4379,1.73986098918382,1.33414213862156,3.5,3.2,0.25,4.5,13.0637,0.799999999999999,1.43,3.9,3.14,0.25,4.5,12.2366,1.37272997926541,1.29407627587655,3.8,3.42,0.25,4.5,11.6741,2.52618964280577,1.04012169472692,3.6,3.55,0.25,4.5,11.8055,2.9,0.83,3.6,3.28,0.25,4.5,11.6542,1.60638408514199,0.787750132594882,3.6,3.25,0.25,4.5,11.7059,-0.35202696781432,0.8861118232115,3.2,3.36,0.25,4.5
"495",-0.0592834233824487,12.7523,2.3,0.73,0.25,4.5,2.6,3.73,-123962,-3327.45,1472.51,-49850,1924780000,12.7833,3.39796751103053,0.579922446305543,2.9,3.87,0.25,4.5,13.3829,4.43658862268116,0.62182826930537,2.9,4.5,0.25,4.5,13.7746,4.6,0.81,3,3.82,0.25,4.5,13.6955,3.41010340520379,1.08520402315818,3.4,3.48,0.25,4.5,13.4379,1.73986098918382,1.33414213862156,3.5,3.2,0.25,4.5,13.0637,0.799999999999999,1.43,3.9,3.14,0.25,4.5,12.2366,1.37272997926541,1.29407627587655,3.8,3.42,0.25,4.5,11.6741,2.52618964280577,1.04012169472692,3.6,3.55,0.25,4.5,11.8055,2.9,0.83,3.6,3.28,0.25,4.5,11.6542,1.60638408514199,0.787750132594882,3.6,3.25,0.25,4.5
"496",-0.103401527278855,13.0559,1.76563637194338,1.06928552489771,0.25,4.5,2.3,3.41,-124065.370654826,-3043.84858332288,418.68,-47773,2005110000,12.7523,2.3,0.73,2.6,3.73,0.25,4.5,12.7833,3.39796751103053,0.579922446305543,2.9,3.87,0.25,4.5,13.3829,4.43658862268116,0.62182826930537,2.9,4.5,0.25,4.5,13.7746,4.6,0.81,3,3.82,0.25,4.5,13.6955,3.41010340520379,1.08520402315818,3.4,3.48,0.25,4.5,13.4379,1.73986098918382,1.33414213862156,3.5,3.2,0.25,4.5,13.0637,0.799999999999999,1.43,3.9,3.14,0.25,4.5,12.2366,1.37272997926541,1.29407627587655,3.8,3.42,0.25,4.5,11.6741,2.52618964280577,1.04012169472692,3.6,3.55,0.25,4.5,11.8055,2.9,0.83,3.6,3.28,0.25,4.5
"497",-0.144325582419842,13.6199,1.64617469882222,1.40103211754557,0.25,4.5,1.7,3.85,-121829.010565782,-2541.56588450791,333.61,-47184,2215190000,13.0559,1.76563637194338,1.06928552489771,2.3,3.41,0.25,4.5,12.7523,2.3,0.73,2.6,3.73,0.25,4.5,12.7833,3.39796751103053,0.579922446305543,2.9,3.87,0.25,4.5,13.3829,4.43658862268116,0.62182826930537,2.9,4.5,0.25,4.5,13.7746,4.6,0.81,3,3.82,0.25,4.5,13.6955,3.41010340520379,1.08520402315818,3.4,3.48,0.25,4.5,13.4379,1.73986098918382,1.33414213862156,3.5,3.2,0.25,4.5,13.0637,0.799999999999999,1.43,3.9,3.14,0.25,4.5,12.2366,1.37272997926541,1.29407627587655,3.8,3.42,0.25,4.5,11.6741,2.52618964280577,1.04012169472692,3.6,3.55,0.25,4.5
"498",-0.151861084968353,13.9193,1.6,1.48,0.25,4.5,1.7,4.34,-117964,-2009.96,615.08,-43078,2109640000,13.6199,1.64617469882222,1.40103211754557,1.7,3.85,0.25,4.5,13.0559,1.76563637194338,1.06928552489771,2.3,3.41,0.25,4.5,12.7523,2.3,0.73,2.6,3.73,0.25,4.5,12.7833,3.39796751103053,0.579922446305543,2.9,3.87,0.25,4.5,13.3829,4.43658862268116,0.62182826930537,2.9,4.5,0.25,4.5,13.7746,4.6,0.81,3,3.82,0.25,4.5,13.6955,3.41010340520379,1.08520402315818,3.4,3.48,0.25,4.5,13.4379,1.73986098918382,1.33414213862156,3.5,3.2,0.25,4.5,13.0637,0.799999999999999,1.43,3.9,3.14,0.25,4.5,12.2366,1.37272997926541,1.29407627587655,3.8,3.42,0.25,4.5
"499",-0.126438587826816,13.3638,1.36012514880458,1.15510370517788,0.25,4.5,1.4,4.42,-113245.09077596,-1652.88405599342,-409.64,-43834,2127430000,13.9193,1.6,1.48,1.7,4.34,0.25,4.5,13.6199,1.64617469882222,1.40103211754557,1.7,3.85,0.25,4.5,13.0559,1.76563637194338,1.06928552489771,2.3,3.41,0.25,4.5,12.7523,2.3,0.73,2.6,3.73,0.25,4.5,12.7833,3.39796751103053,0.579922446305543,2.9,3.87,0.25,4.5,13.3829,4.43658862268116,0.62182826930537,2.9,4.5,0.25,4.5,13.7746,4.6,0.81,3,3.82,0.25,4.5,13.6955,3.41010340520379,1.08520402315818,3.4,3.48,0.25,4.5,13.4379,1.73986098918382,1.33414213862156,3.5,3.2,0.25,4.5,13.0637,0.799999999999999,1.43,3.9,3.14,0.25,4.5
"500",-0.0715288368881504,13.1793,0.95807443442133,0.651875009438093,0.25,4.5,1.7,4.57,-108701.720917549,-1732.17129767978,-981.81,-44536,2138620000,13.3638,1.36012514880458,1.15510370517788,1.4,4.42,0.25,4.5,13.9193,1.6,1.48,1.7,4.34,0.25,4.5,13.6199,1.64617469882222,1.40103211754557,1.7,3.85,0.25,4.5,13.0559,1.76563637194338,1.06928552489771,2.3,3.41,0.25,4.5,12.7523,2.3,0.73,2.6,3.73,0.25,4.5,12.7833,3.39796751103053,0.579922446305543,2.9,3.87,0.25,4.5,13.3829,4.43658862268116,0.62182826930537,2.9,4.5,0.25,4.5,13.7746,4.6,0.81,3,3.82,0.25,4.5,13.6955,3.41010340520379,1.08520402315818,3.4,3.48,0.25,4.5,13.4379,1.73986098918382,1.33414213862156,3.5,3.2,0.25,4.5
"501",0.0108484543660773,12.9235,0.5,0.29,0.25,4.5,2,4.77,-105427,-2524.15,210.04,-40150,2083340000,13.1793,0.95807443442133,0.651875009438093,1.7,4.57,0.25,4.5,13.3638,1.36012514880458,1.15510370517788,1.4,4.42,0.25,4.5,13.9193,1.6,1.48,1.7,4.34,0.25,4.5,13.6199,1.64617469882222,1.40103211754557,1.7,3.85,0.25,4.5,13.0559,1.76563637194338,1.06928552489771,2.3,3.41,0.25,4.5,12.7523,2.3,0.73,2.6,3.73,0.25,4.5,12.7833,3.39796751103053,0.579922446305543,2.9,3.87,0.25,4.5,13.3829,4.43658862268116,0.62182826930537,2.9,4.5,0.25,4.5,13.7746,4.6,0.81,3,3.82,0.25,4.5,13.6955,3.41010340520379,1.08520402315818,3.4,3.48,0.25,4.5
"502",0.0418915147004094,12.8976,0.10127044024571,0.302151506242615,0.25,4.5,2.2,4.6,-104165.747722814,-4138.90519270343,-1624.99,-42358,2126640000,12.9235,0.5,0.29,2,4.77,0.25,4.5,13.1793,0.95807443442133,0.651875009438093,1.7,4.57,0.25,4.5,13.3638,1.36012514880458,1.15510370517788,1.4,4.42,0.25,4.5,13.9193,1.6,1.48,1.7,4.34,0.25,4.5,13.6199,1.64617469882222,1.40103211754557,1.7,3.85,0.25,4.5,13.0559,1.76563637194338,1.06928552489771,2.3,3.41,0.25,4.5,12.7523,2.3,0.73,2.6,3.73,0.25,4.5,12.7833,3.39796751103053,0.579922446305543,2.9,3.87,0.25,4.5,13.3829,4.43658862268116,0.62182826930537,2.9,4.5,0.25,4.5,13.7746,4.6,0.81,3,3.82,0.25,4.5
"503",0.0483469714250721,13.0639,-0.0858798439149446,0.572949326183535,0.25,4.5,1.8,4.18,-104269.624282542,-6021.54892477299,-1247.43,-46604,2108580000,12.8976,0.10127044024571,0.302151506242615,2.2,4.6,0.25,4.5,12.9235,0.5,0.29,2,4.77,0.25,4.5,13.1793,0.95807443442133,0.651875009438093,1.7,4.57,0.25,4.5,13.3638,1.36012514880458,1.15510370517788,1.4,4.42,0.25,4.5,13.9193,1.6,1.48,1.7,4.34,0.25,4.5,13.6199,1.64617469882222,1.40103211754557,1.7,3.85,0.25,4.5,13.0559,1.76563637194338,1.06928552489771,2.3,3.41,0.25,4.5,12.7523,2.3,0.73,2.6,3.73,0.25,4.5,12.7833,3.39796751103053,0.579922446305543,2.9,3.87,0.25,4.5,13.3829,4.43658862268116,0.62182826930537,2.9,4.5,0.25,4.5
"504",0.0706951364544387,12.8651,0.1,0.9,0.25,4.5,1.7,3.57,-104742,-7450.95,1001.51,-37634,2120110000,13.0639,-0.0858798439149446,0.572949326183535,1.8,4.18,0.25,4.5,12.8976,0.10127044024571,0.302151506242615,2.2,4.6,0.25,4.5,12.9235,0.5,0.29,2,4.77,0.25,4.5,13.1793,0.95807443442133,0.651875009438093,1.7,4.57,0.25,4.5,13.3638,1.36012514880458,1.15510370517788,1.4,4.42,0.25,4.5,13.9193,1.6,1.48,1.7,4.34,0.25,4.5,13.6199,1.64617469882222,1.40103211754557,1.7,3.85,0.25,4.5,13.0559,1.76563637194338,1.06928552489771,2.3,3.41,0.25,4.5,12.7523,2.3,0.73,2.6,3.73,0.25,4.5,12.7833,3.39796751103053,0.579922446305543,2.9,3.87,0.25,4.5
"505",0.0540704451655586,12.6964,0.723681979101469,1.09740138096277,0.25,4.5,1.6,3.25,-104746.066480933,-7912.27035837805,-2854.41,-42205,2103530000,12.8651,0.1,0.9,1.7,3.57,0.25,4.5,13.0639,-0.0858798439149446,0.572949326183535,1.8,4.18,0.25,4.5,12.8976,0.10127044024571,0.302151506242615,2.2,4.6,0.25,4.5,12.9235,0.5,0.29,2,4.77,0.25,4.5,13.1793,0.95807443442133,0.651875009438093,1.7,4.57,0.25,4.5,13.3638,1.36012514880458,1.15510370517788,1.4,4.42,0.25,4.5,13.9193,1.6,1.48,1.7,4.34,0.25,4.5,13.6199,1.64617469882222,1.40103211754557,1.7,3.85,0.25,4.5,13.0559,1.76563637194338,1.06928552489771,2.3,3.41,0.25,4.5,12.7523,2.3,0.73,2.6,3.73,0.25,4.5
"506",0.00458942702889615,12.7249,1.46322271901623,1.04521657471665,0.25,4,2,3.55,-104084.300470803,-7715.84448470976,25.43,-41770,2120100000,12.6964,0.723681979101469,1.09740138096277,1.6,3.25,0.25,4.5,12.8651,0.1,0.9,1.7,3.57,0.25,4.5,13.0639,-0.0858798439149446,0.572949326183535,1.8,4.18,0.25,4.5,12.8976,0.10127044024571,0.302151506242615,2.2,4.6,0.25,4.5,12.9235,0.5,0.29,2,4.77,0.25,4.5,13.1793,0.95807443442133,0.651875009438093,1.7,4.57,0.25,4.5,13.3638,1.36012514880458,1.15510370517788,1.4,4.42,0.25,4.5,13.9193,1.6,1.48,1.7,4.34,0.25,4.5,13.6199,1.64617469882222,1.40103211754557,1.7,3.85,0.25,4.5,13.0559,1.76563637194338,1.06928552489771,2.3,3.41,0.25,4.5
"507",0.020184,12.5,1.9,0.64,0.25,4,1.5,4.25,-102719,-7378.3,1710.25,-36973,2063850000,12.7249,1.46322271901623,1.04521657471665,2,3.55,0.25,4,12.6964,0.723681979101469,1.09740138096277,1.6,3.25,0.25,4.5,12.8651,0.1,0.9,1.7,3.57,0.25,4.5,13.0639,-0.0858798439149446,0.572949326183535,1.8,4.18,0.25,4.5,12.8976,0.10127044024571,0.302151506242615,2.2,4.6,0.25,4.5,12.9235,0.5,0.29,2,4.77,0.25,4.5,13.1793,0.95807443442133,0.651875009438093,1.7,4.57,0.25,4.5,13.3638,1.36012514880458,1.15510370517788,1.4,4.42,0.25,4.5,13.9193,1.6,1.48,1.7,4.34,0.25,4.5,13.6199,1.64617469882222,1.40103211754557,1.7,3.85,0.25,4.5
"508",0.0696209272412974,12.2061,1.75955719890397,-0.123979252315903,0.25,4,1.1,4.65,-100745.430797899,-7288.32115156214,-1358.4,-40417,2044920000,12.5,1.9,0.64,1.5,4.25,0.25,4,12.7249,1.46322271901623,1.04521657471665,2,3.55,0.25,4,12.6964,0.723681979101469,1.09740138096277,1.6,3.25,0.25,4.5,12.8651,0.1,0.9,1.7,3.57,0.25,4.5,13.0639,-0.0858798439149446,0.572949326183535,1.8,4.18,0.25,4.5,12.8976,0.10127044024571,0.302151506242615,2.2,4.6,0.25,4.5,12.9235,0.5,0.29,2,4.77,0.25,4.5,13.1793,0.95807443442133,0.651875009438093,1.7,4.57,0.25,4.5,13.3638,1.36012514880458,1.15510370517788,1.4,4.42,0.25,4.5,13.9193,1.6,1.48,1.7,4.34,0.25,4.5
"509",0.107371964258128,12.2993,1.34410007896115,-0.86159340282793,0.25,4,1.4,4.63,-98790.7293898028,-7322.81869194353,-460.29,-44831,2139840000,12.2061,1.75955719890397,-0.123979252315903,1.1,4.65,0.25,4,12.5,1.9,0.64,1.5,4.25,0.25,4,12.7249,1.46322271901623,1.04521657471665,2,3.55,0.25,4,12.6964,0.723681979101469,1.09740138096277,1.6,3.25,0.25,4.5,12.8651,0.1,0.9,1.7,3.57,0.25,4.5,13.0639,-0.0858798439149446,0.572949326183535,1.8,4.18,0.25,4.5,12.8976,0.10127044024571,0.302151506242615,2.2,4.6,0.25,4.5,12.9235,0.5,0.29,2,4.77,0.25,4.5,13.1793,0.95807443442133,0.651875009438093,1.7,4.57,0.25,4.5,13.3638,1.36012514880458,1.15510370517788,1.4,4.42,0.25,4.5
"510",0.0737218056712642,12.9636,1.1,-1.09,0.25,3,1.8,4.09,-97615,-7230.76,920.1,-36552,2169540000,12.2993,1.34410007896115,-0.86159340282793,1.4,4.63,0.25,4,12.2061,1.75955719890397,-0.123979252315903,1.1,4.65,0.25,4,12.5,1.9,0.64,1.5,4.25,0.25,4,12.7249,1.46322271901623,1.04521657471665,2,3.55,0.25,4,12.6964,0.723681979101469,1.09740138096277,1.6,3.25,0.25,4.5,12.8651,0.1,0.9,1.7,3.57,0.25,4.5,13.0639,-0.0858798439149446,0.572949326183535,1.8,4.18,0.25,4.5,12.8976,0.10127044024571,0.302151506242615,2.2,4.6,0.25,4.5,12.9235,0.5,0.29,2,4.77,0.25,4.5,13.1793,0.95807443442133,0.651875009438093,1.7,4.57,0.25,4.5
"511",0.047196646162285,12.7615,1.36771885491228,-0.509632519847302,0.25,4,2,3.47,-97549.8769941396,-6838.48170204005,-1399.03,-39419,2173100000,12.9636,1.1,-1.09,1.8,4.09,0.25,3,12.2993,1.34410007896115,-0.86159340282793,1.4,4.63,0.25,4,12.2061,1.75955719890397,-0.123979252315903,1.1,4.65,0.25,4,12.5,1.9,0.64,1.5,4.25,0.25,4,12.7249,1.46322271901623,1.04521657471665,2,3.55,0.25,4,12.6964,0.723681979101469,1.09740138096277,1.6,3.25,0.25,4.5,12.8651,0.1,0.9,1.7,3.57,0.25,4.5,13.0639,-0.0858798439149446,0.572949326183535,1.8,4.18,0.25,4.5,12.8976,0.10127044024571,0.302151506242615,2.2,4.6,0.25,4.5,12.9235,0.5,0.29,2,4.77,0.25,4.5
"512",0.0207016728624534,12.912,2.06408066884289,0.445971851409882,0.25,4,1.5,3.46,-97213.1153033195,-6281.79741418279,-224.9,-39515,2277510000,12.7615,1.36771885491228,-0.509632519847302,2,3.47,0.25,4,12.9636,1.1,-1.09,1.8,4.09,0.25,3,12.2993,1.34410007896115,-0.86159340282793,1.4,4.63,0.25,4,12.2061,1.75955719890397,-0.123979252315903,1.1,4.65,0.25,4,12.5,1.9,0.64,1.5,4.25,0.25,4,12.7249,1.46322271901623,1.04521657471665,2,3.55,0.25,4,12.6964,0.723681979101469,1.09740138096277,1.6,3.25,0.25,4.5,12.8651,0.1,0.9,1.7,3.57,0.25,4.5,13.0639,-0.0858798439149446,0.572949326183535,1.8,4.18,0.25,4.5,12.8976,0.10127044024571,0.302151506242615,2.2,4.6,0.25,4.5
"513",-0.0100955167633069,13.0553,3,1.16,0.25,3.75,1.2,3.39,-94794,-5773.89,651.33,-42263,2267280000,12.912,2.06408066884289,0.445971851409882,1.5,3.46,0.25,4,12.7615,1.36771885491228,-0.509632519847302,2,3.47,0.25,4,12.9636,1.1,-1.09,1.8,4.09,0.25,3,12.2993,1.34410007896115,-0.86159340282793,1.4,4.63,0.25,4,12.2061,1.75955719890397,-0.123979252315903,1.1,4.65,0.25,4,12.5,1.9,0.64,1.5,4.25,0.25,4,12.7249,1.46322271901623,1.04521657471665,2,3.55,0.25,4,12.6964,0.723681979101469,1.09740138096277,1.6,3.25,0.25,4.5,12.8651,0.1,0.9,1.7,3.57,0.25,4.5,13.0639,-0.0858798439149446,0.572949326183535,1.8,4.18,0.25,4.5
"514",-0.00723544444102339,12.9916,3.92882664070616,1.18917599837178,0.25,3.5,1,3.36,-89396.5427070248,-5506.7216699073,-134.76,-39083,2265060000,13.0553,3,1.16,1.2,3.39,0.25,3.75,12.912,2.06408066884289,0.445971851409882,1.5,3.46,0.25,4,12.7615,1.36771885491228,-0.509632519847302,2,3.47,0.25,4,12.9636,1.1,-1.09,1.8,4.09,0.25,3,12.2993,1.34410007896115,-0.86159340282793,1.4,4.63,0.25,4,12.2061,1.75955719890397,-0.123979252315903,1.1,4.65,0.25,4,12.5,1.9,0.64,1.5,4.25,0.25,4,12.7249,1.46322271901623,1.04521657471665,2,3.55,0.25,4,12.6964,0.723681979101469,1.09740138096277,1.6,3.25,0.25,4.5,12.8651,0.1,0.9,1.7,3.57,0.25,4.5
"526",-0.0361957045884491,13.4795,3.57998674563762,0.637251437141619,0.25,3,1.7,4.3,-97219.3152177671,-2710.10025079409,143,-41898,2583830000,13.237,4.3,0.6,1.7,4.22,0.25,3,13.1436,5.04394569146974,0.608886386301306,1.7,4.15,0.25,3,12.9914,5.34029566714133,0.650631888889951,2,4.07,0.25,3,12.9932,4.6,0.7,2.1,3.75,0.25,3,12.933,2.56109247149206,0.730218104206286,2.1,3.51,0.25,3.5,13.0669,0.269941696908154,0.708369155446724,2,3.5,0.25,3.5,13.1929,-0.899999999999999,0.6,1.5,3.76,0.25,3.5,13.2928,-0.0290563181787267,0.406167122799476,1.1,4.23,0.25,3.5,13.222,1.98734495263346,0.269965563397226,1.6,4.48,0.25,3.5,13.0099,3.8,0.37,1.5,3.97,0.25,3.5
"538",-0.186497039777425,16.5697,1.08860201299285,0.802417621917153,0.25,3,0.2,2.48,-276419.464781075,-11217.2052451727,-1443.87,-44610,177125,16.8387,2,0.8,0,2.52,0.25,3,16.534,3.06138347628764,0.753172276228614,0.2,2.59,0.25,3,15.9515,3.8496405705064,0.680367112645985,0.2,2.74,0.25,3,15.4792,3.9,0.6,0.1,2.87,0.25,3,15.2796,2.95598753864671,0.530572285514072,0,2.88,0.25,3,15.1943,1.59431718646302,0.490928742313722,-0.2,3.06,0.25,3,15.2375,0.6,0.5,-0.1,3.14,0.25,3,14.917,0.551703406162565,0.565279322455841,0,3,0.25,3,14.6972,1.20272031327113,0.64851051069172,-0.1,3.07,0.25,3,14.5205,2.1,0.7,0.8,4.08,0.25,3
"539",-0.181340420670331,16.6306,0.583663741387908,0.741923794756659,0.25,3,0.5,2.21,-507177.939730464,-15103.3737919441,-1568.79,-42226,172678,16.5697,1.08860201299285,0.802417621917153,0.2,2.48,0.25,3,16.8387,2,0.8,0,2.52,0.25,3,16.534,3.06138347628764,0.753172276228614,0.2,2.59,0.25,3,15.9515,3.8496405705064,0.680367112645985,0.2,2.74,0.25,3,15.4792,3.9,0.6,0.1,2.87,0.25,3,15.2796,2.95598753864671,0.530572285514072,0,2.88,0.25,3,15.1943,1.59431718646302,0.490928742313722,-0.2,3.06,0.25,3,15.2375,0.6,0.5,-0.1,3.14,0.25,3,14.917,0.551703406162565,0.565279322455841,0,3,0.25,3,14.6972,1.20272031327113,0.64851051069172,-0.1,3.07,0.25,3
"540",-0.149335661058256,17.0696,0.7,0.6,0.5,3.25,0.7,2.13,-829082.091514836,-20808.7130477216,-927,-43357,177597,16.6306,0.583663741387908,0.741923794756659,0.5,2.21,0.25,3,16.5697,1.08860201299285,0.802417621917153,0.2,2.48,0.25,3,16.8387,2,0.8,0,2.52,0.25,3,16.534,3.06138347628764,0.753172276228614,0.2,2.59,0.25,3,15.9515,3.8496405705064,0.680367112645985,0.2,2.74,0.25,3,15.4792,3.9,0.6,0.1,2.87,0.25,3,15.2796,2.95598753864671,0.530572285514072,0,2.88,0.25,3,15.1943,1.59431718646302,0.490928742313722,-0.2,3.06,0.25,3,15.2375,0.6,0.5,-0.1,3.14,0.25,3,14.917,0.551703406162565,0.565279322455841,0,3,0.25,3
